augmentation_source,Station_name,Station_address,Operator,Number_of_plugs,Charger_Type,Charger_rating,Latitude,Longitude,LGANAME,PCODE,Source,SA4_CODE26,SA4_NAME26,STE_NAME26,source_record_id,dc_location_key,augmentation_status,match_distance_m,match_method,external_id,external_title,external_address,external_operator,external_dc_plug_types,external_usage_cost_text,external_access_type,external_bay_count,external_number_of_points,external_status,external_last_verified,external_provider,external_provider_license,external_source_url,augmented
evie,,"1 Bells Blvd, Kingscliff, 2487",evie networks,4,DC,75 kW,-28.27690295,153.5770781,Tweed Shire Council,2487,Existing Fast Chargers,112,Richmond - Tweed,New South Wales,ev_00007,"-28.276903,153.577078",matched,0.17,nearby_identity,6398,Salt Village – Kingscliff,1 Bells Blvd  Kingscliff 2487,Evie Networks,CCS Type 2; CHAdeMO,0.62/kWh + 0.09/kWh (9:00 AM-9:00 PM),,,,,,Evie Networks official station map,Official website; no open-data licence asserted,https://evie.com.au/find-a-charger/,True
evie,,"1 Frederick St, Sydney, 2064",evie networks,6,DC,150 kW,-33.81707912,151.1889369,Willoughby City Council,2064,Existing Fast Chargers,121,Sydney - North Sydney and Hornsby,New South Wales,ev_00017,"-33.817079,151.188937",matched,0.1,nearby_identity,7285,Home HQ – Artarmon,1 Frederick St  Artarmon 2064,Evie Networks,CCS Type 2,0.71/kWh + 0.04/kWh (11:00 AM-9:00 PM),,,,,,Evie Networks official station map,Official website; no open-data licence asserted,https://evie.com.au/find-a-charger/,True
evie,,"1 Ingham Dr, Casula NSW 2170",evie networks,4,DC,50 kW,-33.948829,150.90027,Liverpool City Council,2170,ARENA - Driving the Nation,127,Sydney - South West,New South Wales,ev_00024,"-33.948829,150.900270",matched,0.03,nearby_identity,4859,Casula Mall,1 Ingham Dr  Casula 2170,Evie Networks,CCS Type 2; CHAdeMO,0.62/kWh + 0.09/kWh (9:00 AM-9:00 PM),,,,,,Evie Networks official station map,Official website; no open-data licence asserted,https://evie.com.au/find-a-charger/,True
evie,,"1 Perry St, Batemans Bay, 2536",evie networks,4,DC,75 kW,-35.70737242,150.1761672,Eurobodalla Shire Council,2536,Existing Fast Chargers,101,Capital Region,New South Wales,ev_00037,"-35.707372,150.176167",matched,33.1,nearby_identity,6798,Batemans Bay Village Centre,1 Perry Street  Batemans Bay 2536,Evie Networks,CCS Type 2,0.74/kWh,,,,,,Evie Networks official station map,Official website; no open-data licence asserted,https://evie.com.au/find-a-charger/,True
evie,,"10 Brookfield Rd, Minto NSW 2566",evie networks,4,DC,75 kW,-34.03094307,150.8490285,Campbelltown City Council,2566,ARENA - Driving the Nation,123,Sydney - Outer South West,New South Wales,ev_00051,"-34.030943,150.849029",matched,3.33,nearby_identity,6401,Minto Mall,10 Brookfield Road  Minto 2566,Evie Networks,CCS Type 2; CHAdeMO,0.60/kWh + 0.09/kWh (9:00 AM-9:00 PM),,,,,,Evie Networks official station map,Official website; no open-data licence asserted,https://evie.com.au/find-a-charger/,True
evie,,"10 Elizabeth St, Bathurst, 2795",evie networks,4,DC,150 kW,-33.41417222,149.5833564,Bathurst Regional Council,2795,Existing Fast Chargers,103,Central West,New South Wales,ev_00054,"-33.414172,149.583356",matched,0.07,nearby_identity,7320,10 Elizabeth Street Parking – Bathurst,10 Elizabeth Street  Bathurst 2795,Evie Networks,CCS Type 2; CHAdeMO,0.82/kWh,,,,,,Evie Networks official station map,Official website; no open-data licence asserted,https://evie.com.au/find-a-charger/,True
evie,,"119 Stenhouse Drive, Cameron Park, 2285",evie networks,8,DC,350 kW,-32.89647352,151.5977107,Lake Macquarie City Council,2285,Existing Fast Chargers,111,Newcastle and Lake Macquarie,New South Wales,ev_00103,"-32.896474,151.597711",matched,0.07,nearby_identity,6211,Ampol – Cameron Park,119 Stenhouse Drive  Cameron Park 2285,Evie Networks,CCS Type 2,0.79/kWh,,,,,,Evie Networks official station map,Official website; no open-data licence asserted,https://evie.com.au/find-a-charger/,True
evie,,"12 Lord St, Botany NSW 2019",evie networks,4,DC,75 kW,-33.939429,151.1970375,Bayside Council,2019,ARENA - Driving the Nation,117,Sydney - City and Inner South,New South Wales,ev_00111,"-33.939429,151.197037",matched,112.77,nearby_identity,4539,Vanguard Logistics – Botany,12 Lord Street  Botany 2019,Evie Networks,CCS Type 2; CHAdeMO,0.60/kWh + 0.09/kWh (9:00 AM-9:00 PM),,,,,,Evie Networks official station map,Official website; no open-data licence asserted,https://evie.com.au/find-a-charger/,True
evie,,"128 Flood Street, Leichhardt NSW 2040",evie networks,4,DC,75 kW,-33.88518,151.148629,Inner West Council,2040,ARENA - Driving the Nation,120,Sydney - Inner West,New South Wales,ev_00127,"-33.885180,151.148629",matched,0.01,nearby_identity,4505,MarketPlace Leichhardt,128 Flood Street  Leichhardt 2040,Evie Networks,CCS Type 2,0.60/kWh + 0.09/kWh (9:00 AM-9:00 PM),,,,,,Evie Networks official station map,Official website; no open-data licence asserted,https://evie.com.au/find-a-charger/,True
evie,,"1-3 Dural St, Hornsby NSW 2077",evie networks,4,DC,50 kW,-33.70276181,151.0964792,"Hornsby, The Council of the Shire of",2077,ARENA - Driving the Nation,121,Sydney - North Sydney and Hornsby,New South Wales,ev_00128,"-33.702762,151.096479",matched,1.27,nearby_identity,7322,1-3 Dural Street Parking – Hornsby,1-3 Dural Street  Hornsby 2077,Evie Networks,CCS Type 2; CHAdeMO,0.60/kWh + 0.09/kWh (9:00 AM-9:00 PM),,,,,,Evie Networks official station map,Official website; no open-data licence asserted,https://evie.com.au/find-a-charger/,True
evie,,"13125 Hume Hwy, Sutton Forest, 2577",evie networks,8,DC,350 kW,-34.60721926,150.2251632,Wingecarribee Shire Council,2577,Existing Fast Chargers,114,Southern Highlands and Shoalhaven,New South Wales,ev_00134,"-34.607219,150.225163",matched,13.18,nearby_identity,6774,McDonalds – Sutton Forest West,13125 Hume Hwy  Sutton Forest 2577,Evie Networks,CCS Type 2,0.77/kWh,,,,,,Evie Networks official station map,Official website; no open-data licence asserted,https://evie.com.au/find-a-charger/,True
evie,,"152 Pacific Hwy, 36 Josephson St, Swansea NSW 2281",evie networks,4,DC,50 kW,-33.088721,151.637587,Lake Macquarie City Council,2281,ARENA - Driving the Nation,111,Newcastle and Lake Macquarie,New South Wales,ev_00186,"-33.088721,151.637587",matched,0.04,nearby_identity,6077,Dan Murphy’s – Swansea,152 Pacific Hwy  Swansea 2281,Evie Networks,CCS Type 2; CHAdeMO,0.62/kWh + 0.09/kWh (9:00 AM-9:00 PM),,,,,,Evie Networks official station map,Official website; no open-data licence asserted,https://evie.com.au/find-a-charger/,True
evie,,"18 Victoria Avenue, Castle Hill NSW 2154",evie networks,4,DC,50 kW,-33.727803,150.976049,The Hills Shire Council,2154,ARENA - Driving the Nation,115,Sydney - Baulkham Hills and Hawkesbury,New South Wales,ev_00229,"-33.727803,150.976049",matched,2.49,nearby_identity,7191,HomeCo – Castle Hill,18 Victoria Avenue  Castle Hill 2154,Evie Networks,CCS Type 2; CHAdeMO,0.62/kWh + 0.09/kWh (9:00 AM-9:00 PM),,,,,,Evie Networks official station map,Official website; no open-data licence asserted,https://evie.com.au/find-a-charger/,True
evie,,"188 Raglan St, Sydney, 2088",evie networks,4,DC,50 kW,-33.83108413,151.2436587,Mosman Municipal Council,2088,Existing Fast Chargers,121,Sydney - North Sydney and Hornsby,New South Wales,ev_00239,"-33.831084,151.243659",matched,0.09,nearby_identity,5360,188 Raglan Street Parking – Mosman,188 Raglan St  Mosman 2088,Evie Networks,CCS Type 2; CHAdeMO,0.62/kWh + 0.09/kWh (9:00 AM-9:00 PM),,,,,,Evie Networks official station map,Official website; no open-data licence asserted,https://evie.com.au/find-a-charger/,True
evie,,"1985 Camden Valley Way, Prestons NSW 2170",evie networks,4,DC,150 kW,-33.95224765,150.8557529,Liverpool City Council,2170,ARENA - Driving the Nation,127,Sydney - South West,New South Wales,ev_00257,"-33.952248,150.855753",matched,1.25,nearby_identity,4417,HomeCo – Prestons,1975-1985 Camden Valley Way  Prestons 2170,Evie Networks,CCS Type 2,0.71/kWh + 0.04/kWh (9:00 AM-9:00 PM),,,,,,Evie Networks official station map,Official website; no open-data licence asserted,https://evie.com.au/find-a-charger/,True
evie,,"2 Hercules Street, Murrumbateman, 2582",evie networks,2,DC,50 kW,-34.96936041,149.03,Yass Valley Council,2582,Existing Fast Chargers,101,Capital Region,New South Wales,ev_00270,"-34.969360,149.030000",matched,0.05,nearby_identity,7321,Murrumbateman Country Inn – AA009A,"2 Hercules Street, Murrumbateman NSW  Murrumbateman 2582",Evie Networks,CCS Type 2; CHAdeMO,0.60/kWh + 0.09/kWh (7:00 AM-7:00 PM),,,,,,Evie Networks official station map,Official website; no open-data licence asserted,https://evie.com.au/find-a-charger/,True
evie,,"2 Rosenthal Ave, Lane Cove NSW 2066",evie networks,4,DC,50 kW,-33.813936,151.169298,Lane Cove Municipal Council,2066,ARENA - Driving the Nation,121,Sydney - North Sydney and Hornsby,New South Wales,ev_00283,"-33.813936,151.169298",matched,73.1,nearby_identity,6348,The Canopy – Lane Cove,2 Rosenthal Avenue  Lane Cove 2066,Evie Networks,CCS Type 2,0.60/kWh + 0.09/kWh (9:00 AM-9:00 PM),,,,,,Evie Networks official station map,Official website; no open-data licence asserted,https://evie.com.au/find-a-charger/,True
evie,,"2 Stewart St, Lithgow, 2790",evie networks,4,DC,150 kW,-33.48184889,150.1361812,"Lithgow Council, City of",2790,Existing Fast Chargers,103,Central West,New South Wales,ev_00288,"-33.481849,150.136181",matched,0.06,nearby_identity,5904,Hungry Jacks – Lithgow,2 Stewart Street  Bowenfels 2790,Evie Networks,CCS Type 2; CHAdeMO,0.82/kWh,,,,,,Evie Networks official station map,Official website; no open-data licence asserted,https://evie.com.au/find-a-charger/,True
evie,,"20 Smidmore St, Marrickville NSW 2204",evie networks,4,DC,50 kW,-33.907982,151.170899,Inner West Council,2204,ARENA - Driving the Nation,117,Sydney - City and Inner South,New South Wales,ev_00298,"-33.907982,151.170899",matched,119.0,nearby_identity,6698,Marrickville Metro,20 Smidmore St  Marrickville 2204,Evie Networks,CCS Type 2; CHAdeMO,0.62/kWh + 0.09/kWh (9:00 AM-9:00 PM),,,,,,Evie Networks official station map,Official website; no open-data licence asserted,https://evie.com.au/find-a-charger/,True
evie,,"200 Crown St, Wollongong NSW 2500",evie networks,4,DC,50 kW,-34.423975,150.892316,Wollongong City Council,2500,ARENA - Driving the Nation,107,Illawarra,New South Wales,ev_00300,"-34.423975,150.892316",matched,0.03,nearby_identity,5875,Wollongong Central Shopping Centre,Regent St  Wollongong 2500,Evie Networks,CCS Type 2; CHAdeMO,0.62/kWh + 0.09/kWh (9:00 AM-9:00 PM),,,,,,Evie Networks official station map,Official website; no open-data licence asserted,https://evie.com.au/find-a-charger/,True
evie,,"201 Manning River Drive, Taree, 2430",evie networks,4,DC,150 kW,-31.94333438,152.4706146,Mid-Coast Council,2430,Existing Fast Chargers,108,Mid North Coast,New South Wales,ev_00303,"-31.943334,152.470615",matched,2.46,nearby_identity,6772,Taree South Service Centre,201 Manning River Drive  Glenthrone 2430,Evie Networks,CCS Type 2; CHAdeMO,0.79/kWh,,,,,,Evie Networks official station map,Official website; no open-data licence asserted,https://evie.com.au/find-a-charger/,True
evie,,"205 Old Hume Hwy, Mittagong, 2575",evie networks,4,DC,150 kW,-34.44672777,150.436991,Wingecarribee Shire Council,2575,Existing Fast Chargers,114,Southern Highlands and Shoalhaven,New South Wales,ev_00310,"-34.446728,150.436991",matched,0.11,nearby_identity,4336,Highlands Hub – Mittagong,205 Old Hume Hwy  Mittagong 2575,Evie Networks,CCS Type 2,0.79/kWh,,,,,,Evie Networks official station map,Official website; no open-data licence asserted,https://evie.com.au/find-a-charger/,True
evie,,"220 Taren Point Rd, Caringbah NSW 2229",evie networks,4,DC,75 kW,-34.02927306,151.1220736,Sutherland Shire Council,2229,ARENA - Driving the Nation,128,Sydney - Sutherland,New South Wales,ev_00331,"-34.029273,151.122074",matched,32.4,nearby_identity,4411,HomeCo – Caringbah,220 Taren Point Rd  Caringbah 2229,Evie Networks,CCS Type 2,0.60/kWh + 0.09/kWh (9:00 AM-9:00 PM),,,,,,Evie Networks official station map,Official website; no open-data licence asserted,https://evie.com.au/find-a-charger/,True
evie,,"224 Prospect Hwy, Seven Hills NSW 2147",evie networks,4,DC,150 kW,-33.77578997,150.9330864,Cumberland Council,2147,ARENA - Driving the Nation,116,Sydney - Blacktown,New South Wales,ev_00335,"-33.775790,150.933086",matched,1.73,nearby_identity,7260,Seven Hills Plaza,224 Prospect Hwy  Seven Hills 2147,Evie Networks,CCS Type 2,0.70/kWh + 0.05/kWh (9:00 AM-9:00 PM),,,,,,Evie Networks official station map,Official website; no open-data licence asserted,https://evie.com.au/find-a-charger/,True
evie,,"227 Railway Terrace, Schofields NSW 2762",evie networks,4,DC,50 kW,-33.705677,150.876075,Blacktown City Council,2762,ARENA - Driving the Nation,116,Sydney - Blacktown,New South Wales,ev_00341,"-33.705677,150.876075",matched,11.57,nearby_identity,3847,Schofields Village,227 Railway Terrace  Schofields 2762,Evie Networks,CCS Type 2,0.60/kWh + 0.09/kWh (9:00 AM-9:00 PM),,,,,,Evie Networks official station map,Official website; no open-data licence asserted,https://evie.com.au/find-a-charger/,True
evie,,"24 Cooper St, Macksville, 2447",evie networks,4,DC,350 kW,-30.71023028,152.9197698,Nambucca Valley Council,2447,Existing Fast Chargers,108,Mid North Coast,New South Wales,ev_00354,"-30.710230,152.919770",matched,0.11,nearby_identity,3565,Ampol Foodary – Macksville,24 Cooper St  Macksville 2447,Evie Networks,CCS Type 2; CHAdeMO,0.85/kWh,,,,,,Evie Networks official station map,Official website; no open-data licence asserted,https://evie.com.au/find-a-charger/,True
evie,,"240 Hillsborough Rd, Warners Bay NSW 2282",evie networks,4,DC,150 kW,-32.96354505,151.6617414,Lake Macquarie City Council,2282,ARENA - Driving the Nation,111,Newcastle and Lake Macquarie,New South Wales,ev_00358,"-32.963545,151.661741",matched,7.62,nearby_identity,7316,Warners Bay Grove,240 Hillsborough Rd  Warners Bay 2282,Evie Networks,CCS Type 2,0.71/kWh + 0.04/kWh (9:00 AM-9:00 PM),,,,,,Evie Networks official station map,Official website; no open-data licence asserted,https://evie.com.au/find-a-charger/,True
evie,,"247 Belmore Rd, Riverwood NSW 2210",evie networks,4,DC,75 kW,-33.952562,151.05103,Georges River Council,2210,ARENA - Driving the Nation,119,Sydney - Inner South West,New South Wales,ev_00366,"-33.952562,151.051030",matched,0.03,nearby_identity,7719,Riverwood Plaza,247 Belmore Rd  Riverwood 2210,Evie Networks,CCS Type 2; CHAdeMO,0.60/kWh + 0.09/kWh (9:00 AM-9:00 PM),,,,,,Evie Networks official station map,Official website; no open-data licence asserted,https://evie.com.au/find-a-charger/,True
evie,,"25 Frenchs Forest Rd E, Frenchs Forest NSW 2086",evie networks,4,DC,150 kW,-33.75133669,151.2434692,Northern Beaches Council,2086,ARENA - Driving the Nation,122,Sydney - Northern Beaches,New South Wales,ev_00369,"-33.751337,151.243469",matched,13.54,nearby_identity,7713,Allambie Grove Business Park – Frenchs Forest,25 Frenchs Forest Rd E  Frenchs Forest 2086,Evie Networks,CCS Type 2,0.73/kWh + 0.04/kWh (9:00 AM-9:00 PM),,,,,,Evie Networks official station map,Official website; no open-data licence asserted,https://evie.com.au/find-a-charger/,True
evie,,"260 Jersey Rd, Plumpton NSW 2761",evie networks,4,DC,75 kW,-33.7459827,150.8357299,Blacktown City Council,2761,ARENA - Driving the Nation,116,Sydney - Blacktown,New South Wales,ev_00383,"-33.745983,150.835730",matched,122.45,nearby_identity,6419,HomeCo – Plumpton Marketplace,260 Jersey Rd  Plumpton 2761,Evie Networks,CCS Type 2; CHAdeMO,0.60/kWh + 0.09/kWh (9:00 AM-9:00 PM),,,,,,Evie Networks official station map,Official website; no open-data licence asserted,https://evie.com.au/find-a-charger/,True
evie,,"260A Liverpool Rd, Ashfield NSW 2131",evie networks,4,DC,50 kW,-33.889564,151.123599,Inner West Council,2131,ARENA - Driving the Nation,120,Sydney - Inner West,New South Wales,ev_00384,"-33.889564,151.123599",matched,0.04,nearby_identity,3651,Ashfield Mall,260A Liverpool Rd  Ashfield 2131,Evie Networks,CCS Type 2; CHAdeMO,0.62/kWh + 0.09/kWh (9:00 AM-9:00 PM),,,,,,Evie Networks official station map,Official website; no open-data licence asserted,https://evie.com.au/find-a-charger/,True
evie,,"27-33 Oaks Ave, Dee Why NSW 2099",evie networks,4,DC,150 kW,-33.75442135,151.2873331,Northern Beaches Council,2099,ARENA - Driving the Nation,122,Sydney - Northern Beaches,New South Wales,ev_00392,"-33.754421,151.287333",matched,2.68,nearby_identity,4507,Dee Why Marketplace,27-33 Oaks Avenue  Dee Why 2099,Evie Networks,CCS Type 2,0.71/kWh + 0.04/kWh (11:00 AM-9:00 PM),,,,,,Evie Networks official station map,Official website; no open-data licence asserted,https://evie.com.au/find-a-charger/,True
evie,,"3 Bungendore Rd, Queanbeyan NSW 2620",evie networks,4,DC,75 kW,-35.34739722,149.2454031,Queanbeyan-Palerang Regional Council,2620,ARENA - Driving the Nation,101,Capital Region,New South Wales,ev_00418,"-35.347397,149.245403",matched,1.0,nearby_identity,7725,Red Rooster – Queanbeyan,3 Bungendore Rd  Queanbeyan 2620,Evie Networks,CCS Type 2; CHAdeMO,0.62/kWh + 0.09/kWh (9:00 AM-9:00 PM),,,,,,Evie Networks official station map,Official website; no open-data licence asserted,https://evie.com.au/find-a-charger/,True
evie,,"3 George St, North Strathfield NSW 2137",evie networks,4,DC,75 kW,-33.86390159,151.0894518,Strathfield Municipal Council,2137,ARENA - Driving the Nation,120,Sydney - Inner West,New South Wales,ev_00423,"-33.863902,151.089452",matched,4.69,nearby_identity,7315,Bakehouse Quarter – North Strathfield,3 George St  North Strathfield 2137,Evie Networks,CCS Type 2,0.60/kWh + 0.09/kWh (9:00 AM-9:00 PM),,,,,,Evie Networks official station map,Official website; no open-data licence asserted,https://evie.com.au/find-a-charger/,True
evie,,"3 Leisure Dr, Tweed Heads, 2486",evie networks,4,DC,75 kW,-28.21510115,153.5404384,Tweed Shire Council,2486,Existing Fast Chargers,112,Richmond - Tweed,New South Wales,ev_00426,"-28.215101,153.540438",matched,0.05,nearby_identity,5047,Banora Shopping Village – Banora Point,3 Leisure Drive  Banora Point 2486,Evie Networks,CCS Type 2; CHAdeMO,0.62/kWh + 0.09/kWh (9:00 AM-9:00 PM),,,,,,Evie Networks official station map,Official website; no open-data licence asserted,https://evie.com.au/find-a-charger/,True
evie,,"32 Sydney St, Tarcutta, 2652",evie networks,4,DC,350 kW,-35.2771512,147.7360881,Wagga Wagga City Council,2652,Existing Fast Chargers,113,Riverina,New South Wales,ev_00455,"-35.277151,147.736088",matched,0.04,nearby_identity,7723,Ampol Foodary – Tarcutta,32 Sydney Street  Tarcutta 2652,Evie Networks,CCS Type 2; CHAdeMO,0.85/kWh,,,,,,Evie Networks official station map,Official website; no open-data licence asserted,https://evie.com.au/find-a-charger/,True
evie,,"322 Woodville Rd, Guildford NSW 2161",evie networks,4,DC,50 kW,-33.8521028,150.9955836,Cumberland Council,2161,ARENA - Driving the Nation,125,Sydney - Parramatta,New South Wales,ev_00457,"-33.852103,150.995584",matched,0.28,nearby_identity,7694,Red Rooster – Guildford,322 Woodville Road  Guildford 2161,Evie Networks,CCS Type 2; CHAdeMO,0.60/kWh + 0.09/kWh (9:00 AM-9:00 PM),,,,,,Evie Networks official station map,Official website; no open-data licence asserted,https://evie.com.au/find-a-charger/,True
evie,,"4 Tindall St, Sydney, 2560",evie networks,4,DC,150 kW,-34.07206311,150.8051261,Campbelltown City Council,2560,Existing Fast Chargers,123,Sydney - Outer South West,New South Wales,ev_00517,"-34.072063,150.805126",matched,0.02,nearby_identity,6701,Marketfair Campbelltown,4 Tindall Street  Campbelltown 2560,Evie Networks,CCS Type 2; CHAdeMO,0.71/kWh + 0.04/kWh (9:00 AM-9:00 PM),,,,,,Evie Networks official station map,Official website; no open-data licence asserted,https://evie.com.au/find-a-charger/,True
evie,,"401 Cabramatta Rd W, Cabramatta NSW 2166",evie networks,4,DC,50 kW,-33.898778,150.919791,Fairfield City Council,2166,ARENA - Driving the Nation,127,Sydney - South West,New South Wales,ev_00528,"-33.898778,150.919791",matched,0.05,nearby_identity,7319,Hungry Jack’s – Cabramatta,401 Cabramatta Rd  Cabramatta 2166,Evie Networks,CCS Type 2; CHAdeMO,0.60/kWh,,,,,,Evie Networks official station map,Official website; no open-data licence asserted,https://evie.com.au/find-a-charger/,True
evie,,"4-6 New St, Lawson NSW 2783",evie networks,4,DC,50 kW,-33.720695,150.429727,Blue Mountains City Council,2783,ARENA - Driving the Nation,124,Sydney - Outer West and Blue Mountains,New South Wales,ev_00565,"-33.720695,150.429727",matched,0.04,nearby_identity,6769,4 New Street Parking – Lawson,4-6 New St  Lawson 2783,Evie Networks,CCS Type 2; CHAdeMO,0.74/kWh,,,,,,Evie Networks official station map,Official website; no open-data licence asserted,https://evie.com.au/find-a-charger/,True
evie,,"4-6 Niangala Cl, Belrose NSW 2085",evie networks,4,DC,50 kW,-33.703313,151.213158,Northern Beaches Council,2085,ARENA - Driving the Nation,122,Sydney - Northern Beaches,New South Wales,ev_00566,"-33.703313,151.213158",matched,0.03,nearby_identity,7192,HomeCo – Belrose,4-6 Niangala Close  Belrose 2085,Evie Networks,CCS Type 2; CHAdeMO,0.62/kWh + 0.09/kWh (9:00 AM-9:00 PM),,,,,,Evie Networks official station map,Official website; no open-data licence asserted,https://evie.com.au/find-a-charger/,True
evie,,"5 Willowdale Dr, Denham Court NSW 2565",evie networks,4,DC,75 kW,-33.97585397,150.811619,Campbelltown City Council,2565,ARENA - Driving the Nation,123,Sydney - Outer South West,New South Wales,ev_00591,"-33.975854,150.811619",matched,2.94,nearby_identity,4099,Willowdale Shopping Centre – Denham Court,5 Willowdale Dr  Denham Court 2565,Evie Networks,CCS Type 2; CHAdeMO,0.62/kWh + 0.09/kWh (9:00 AM-9:00 PM),,,,,,Evie Networks official station map,Official website; no open-data licence asserted,https://evie.com.au/find-a-charger/,True
evie,,"53A Orient St, Batemans Bay, 2536",evie networks,2,DC,50 kW,-35.71073278,150.1776366,Eurobodalla Shire Council,2536,Existing Fast Chargers,101,Capital Region,New South Wales,ev_00612,"-35.710733,150.177637",matched,20.5,nearby_identity,7643,Dan Murphy’s – Batemans Bay,51/53A Orient St  Batemans Bay 2536,Evie Networks,CCS Type 2,0.77/kWh,,,,,,Evie Networks official station map,Official website; no open-data licence asserted,https://evie.com.au/find-a-charger/,True
evie,,"54 Minjungbal Dr, Tweed Heads, 2486",evie networks,4,DC,150 kW,-28.19898503,153.545985,Tweed Shire Council,2486,Existing Fast Chargers,112,Richmond - Tweed,New South Wales,ev_00616,"-28.198985,153.545985",matched,0.13,nearby_identity,6576,Tweed City Shopping Centre,54 Minjungbal Drive  Tweed Heads 2486,Evie Networks,CCS Type 2; CHAdeMO,0.73/kWh + 0.04/kWh (9:00 AM-9:00 PM),,,,,,Evie Networks official station map,Official website; no open-data licence asserted,https://evie.com.au/find-a-charger/,True
evie,,"6 Myahgah Rd, Sydney, 2088",evie networks,2,DC,50 kW,-33.82554959,151.2414274,Mosman Municipal Council,2088,Existing Fast Chargers,121,Sydney - North Sydney and Hornsby,New South Wales,ev_00653,"-33.825550,151.241427",matched,0.08,nearby_identity,6008,Mosman Village Green,6 Myahgah Rd  Mosman 2088,Evie Networks,CCS Type 2,0.62/kWh + 0.09/kWh (9:00 AM-9:00 PM),,,,,,Evie Networks official station map,Official website; no open-data licence asserted,https://evie.com.au/find-a-charger/,True
evie,,"60 Glenwood Park Dr, Glenwood NSW 2768",evie networks,4,DC,75 kW,-33.73460909,150.928265,Blacktown City Council,2768,ARENA - Driving the Nation,116,Sydney - Blacktown,New South Wales,ev_00657,"-33.734609,150.928265",matched,2.1,nearby_identity,6108,Glenwood Village Shopping Centre,60 Glenwood Park Drive  Glenwood 2768,Evie Networks,CCS Type 2,0.60/kWh + 0.09/kWh (9:00 AM-9:00 PM),,,,,,Evie Networks official station map,Official website; no open-data licence asserted,https://evie.com.au/find-a-charger/,True
evie,,"60-62 Amherst St, Sydney, 2062",evie networks,4,DC,50 kW,-33.82299004,151.2108829,North Sydney Council,2062,Existing Fast Chargers,121,Sydney - North Sydney and Hornsby,New South Wales,ev_00662,"-33.822990,151.210883",matched,0.04,nearby_identity,7287,60-62 Amherst Street Parking – Cammeray,60-62 Amhurst Street  Cammeray 2062,Evie Networks,CCS Type 2,0.60/kWh + 0.09/kWh (9:00 AM-9:00 PM),,,,,,Evie Networks official station map,Official website; no open-data licence asserted,https://evie.com.au/find-a-charger/,True
evie,,"620-658 Terrigal Dr, Central Coast, 2250",evie networks,4,DC,75 kW,-33.43668073,151.3943884,Central Coast Council,2250,Existing Fast Chargers,102,Central Coast,New South Wales,ev_00665,"-33.436681,151.394388",matched,0.13,nearby_identity,6517,Erina Fair,620-658 Terrigal Dr  Erina 2250,Evie Networks,CCS Type 2,0.60/kWh + 0.09/kWh (9:00 AM-5:00 PM),,,,,,Evie Networks official station map,Official website; no open-data licence asserted,https://evie.com.au/find-a-charger/,True
evie,,"634-726 Princes Hwy, Tempe NSW 2044",evie networks,4,DC,150 kW,-33.92288364,151.1652088,Inner West Council,2044,ARENA - Driving the Nation,117,Sydney - City and Inner South,New South Wales,ev_00669,"-33.922884,151.165209",matched,16.11,nearby_identity,7214,Ikea – Tempe,634-726 Princes Hwy  Tempe 2044,Evie Networks,CCS Type 2,0.71/kWh + 0.04/kWh (11:00 AM-9:00 PM),,,,,,Evie Networks official station map,Official website; no open-data licence asserted,https://evie.com.au/find-a-charger/,True
evie,,"73 Belmore Road, Randwick NSW 2031",evie networks,4,DC,50 kW,-33.915171,151.241129,Randwick City Council,2031,ARENA - Driving the Nation,118,Sydney - Eastern Suburbs,New South Wales,ev_00698,"-33.915171,151.241129",matched,27.15,nearby_identity,5405,Royal Randwick,73 Belmore Road  Randwick 2031,Evie Networks,CCS Type 2; CHAdeMO,0.60/kWh + 0.09/kWh (9:00 AM-9:00 PM),,,,,,Evie Networks official station map,Official website; no open-data licence asserted,https://evie.com.au/find-a-charger/,True
evie,,"772 Anzac Pde, Sydney, 2035",evie networks,4,DC,75 kW,-33.93800905,151.2385195,Randwick City Council,2035,Existing Fast Chargers,118,Sydney - Eastern Suburbs,New South Wales,ev_00710,"-33.938009,151.238519",matched,0.03,nearby_identity,5866,772 Anzac Parade Parking – Maroubra,772 Anzac Parade  Maroubra 2035,Evie Networks,CCS Type 2,0.60/kWh + 0.09/kWh (9:00 AM-9:00 PM),,,,,,Evie Networks official station map,Official website; no open-data licence asserted,https://evie.com.au/find-a-charger/,True
evie,,"88 Christie St, St Leonards NSW 2065",evie networks,4,DC,50 kW,-33.82378797,151.1951941,North Sydney Council,2065,ARENA - Driving the Nation,121,Sydney - North Sydney and Hornsby,New South Wales,ev_00750,"-33.823788,151.195194",matched,6.92,nearby_identity,6819,Mall 88 – St Leonards,88 Christie St  St Leonards 2065,Evie Networks,CCS Type 2; CHAdeMO,0.60/kWh + 0.09/kWh (9:00 AM-9:00 PM),,,,,,Evie Networks official station map,Official website; no open-data licence asserted,https://evie.com.au/find-a-charger/,True
evie,,"9 Eastern Valley Way, Northbridge NSW 2063",evie networks,4,DC,50 kW,-33.809326,151.208848,North Sydney Council,2063,ARENA - Driving the Nation,121,Sydney - North Sydney and Hornsby,New South Wales,ev_00764,"-33.809326,151.208848",matched,1.53,nearby_identity,6770,Northbridge Plaza,9 Eastern Valley Way  Northbridge 2063,Evie Networks,CCS Type 2,0.62/kWh + 0.09/kWh (9:00 AM-9:00 PM),,,,,,Evie Networks official station map,Official website; no open-data licence asserted,https://evie.com.au/find-a-charger/,True
evie,,"91 Spring St, Sydney, 2022",evie networks,4,DC,75 kW,-33.89264569,151.2481672,Waverley Council,2022,Existing Fast Chargers,118,Sydney - Eastern Suburbs,New South Wales,ev_00772,"-33.892646,151.248167",matched,0.1,nearby_identity,6699,Eastgate Bondi Junction,71/91 Spring St  Bondi Junction 2022,Evie Networks,CCS Type 2,0.62/kWh + 0.09/kWh (9:00 AM-9:00 PM),,,,,,Evie Networks official station map,Official website; no open-data licence asserted,https://evie.com.au/find-a-charger/,True
evie,,"93 Byamee St, Dapto NSW 2530",evie networks,4,DC,50 kW,-34.494604,150.795725,Wollongong City Council,2530,ARENA - Driving the Nation,107,Illawarra,New South Wales,ev_00777,"-34.494604,150.795725",matched,37.27,nearby_identity,6773,Dapto Mall,Moombara St  Dapto 2530,Evie Networks,CCS Type 2; CHAdeMO,0.60/kWh + 0.09/kWh (9:00 AM-9:00 PM),,,,,,Evie Networks official station map,Official website; no open-data licence asserted,https://evie.com.au/find-a-charger/,True
evie,,"930 Old Northern Rd, Glenorie NSW 2157",evie networks,4,DC,75 kW,-33.60191393,151.0082442,The Hills Shire Council,2157,ARENA - Driving the Nation,115,Sydney - Baulkham Hills and Hawkesbury,New South Wales,ev_00779,"-33.601914,151.008244",matched,0.6,nearby_identity,7739,The Village Glenorie,930 Old Northern Road  Glenorie 2157,Evie Networks,CCS Type 2; CHAdeMO,0.62/kWh + 0.09/kWh (9:00 AM-9:00 PM),,,,,,Evie Networks official station map,Official website; no open-data licence asserted,https://evie.com.au/find-a-charger/,True
evie,,"9-49 Chapel Rd, Bankstown NSW 2200",evie networks,4,DC,50 kW,-33.931975,151.030127,Canterbury Bankstown Council,2200,ARENA - Driving the Nation,119,Sydney - Inner South West,New South Wales,ev_00783,"-33.931975,151.030127",matched,0.25,nearby_identity,6695,HomeCo – Bankstown,9-49 Chapel Road  Bankstown 2200,Evie Networks,CCS Type 2; CHAdeMO,0.60/kWh + 0.09/kWh (9:00 AM-9:00 PM),,,,,,Evie Networks official station map,Official website; no open-data licence asserted,https://evie.com.au/find-a-charger/,True
evie,,"Cnr Elara Bvd &, Northbourne Dr, Sydney, 2765",evie networks,4,DC,150 kW,-33.69514919,150.8213664,Blacktown City Council,2765,Existing Fast Chargers,116,Sydney - Blacktown,New South Wales,ev_00833,"-33.695149,150.821366",matched,0.06,nearby_identity,7299,Elara Village – Marsden Park,"Cnr Elara Bvd &, Northbourne Dr  Marsden Park` 2765",Evie Networks,CCS Type 2,0.71/kWh + 0.04/kWh (9:00 AM-9:00 PM),,,,,,Evie Networks official station map,Official website; no open-data licence asserted,https://evie.com.au/find-a-charger/,True
evie,,"Cnr Herring & Waterloo Rd, North Ryde NSW 2113",evie networks,4,DC,50 kW,-33.776893,151.122247,"Ryde, Council of the City of",2113,ARENA - Driving the Nation,126,Sydney - Ryde,New South Wales,ev_00834,"-33.776893,151.122247",matched,137.13,nearby_identity,6614,Macquarie Centre – North Ryde,Cnr Herring Rd & Waterloo Rd  North Ryde 2113,Evie Networks,CCS Type 2,0.62/kWh + 0.09/kWh (9:00 AM-9:00 PM),,,,,,Evie Networks official station map,Official website; no open-data licence asserted,https://evie.com.au/find-a-charger/,True
evie,,"Cnr Miller & Amherst St, Cammeray NSW 2062",evie networks,4,DC,75 kW,-33.82301829,151.2093468,North Sydney Council,2062,ARENA - Driving the Nation,121,Sydney - North Sydney and Hornsby,New South Wales,ev_00836,"-33.823018,151.209347",matched,0.93,nearby_identity,7756,Cammeray Square,Corner Miller St & Amherst St  Cammeray 2062,Evie Networks,CCS Type 2; CHAdeMO,0.60/kWh + 0.09/kWh (9:00 AM-9:00 PM),,,,,,Evie Networks official station map,Official website; no open-data licence asserted,https://evie.com.au/find-a-charger/,True
evie,,"Dorhauer Ln, Sydney, 2025",evie networks,2,DC,75 kW,-33.88851356,151.2376316,Woollahra Municipal Council,2025,Existing Fast Chargers,118,Sydney - Eastern Suburbs,New South Wales,ev_00850,"-33.888514,151.237632",matched,4.94,nearby_identity,4719,107 Queen Street Parking – Woollahra,Dorhauer Lane  Woollahra 2025,Evie Networks,CCS Type 2,0.60/kWh + 0.09/kWh (9:00 AM-9:00 PM),,,,,,Evie Networks official station map,Official website; no open-data licence asserted,https://evie.com.au/find-a-charger/,True
evie,,"Franklin St, Sydney, 2036",evie networks,2,DC,75 kW,-33.96116721,151.2488509,Randwick City Council,2036,Existing Fast Chargers,118,Sydney - Eastern Suburbs,New South Wales,ev_00856,"-33.961167,151.248851",matched,0.14,nearby_identity,5855,Pioneers Park Sportsfields – Malabar,3 Franklin St  Malabar 2036,Evie Networks,CCS Type 2,0.62/kWh + 0.09/kWh (9:00 AM-9:00 PM),,,,,,Evie Networks official station map,Official website; no open-data licence asserted,https://evie.com.au/find-a-charger/,True
evie,,"Pole Ln, Sydney, 2065",evie networks,4,DC,75 kW,-33.82462167,151.1997668,North Sydney Council,2065,Existing Fast Chargers,121,Sydney - North Sydney and Hornsby,New South Wales,ev_00932,"-33.824622,151.199767",matched,0.11,nearby_identity,5772,Hume Street Parking – Crows Nest,Pole Lane  Crows Nest 2065,Evie Networks,CCS Type 2,0.60/kWh + 0.09/kWh (9:00 AM-9:00 PM),,,,,,Evie Networks official station map,Official website; no open-data licence asserted,https://evie.com.au/find-a-charger/,True
evie,,"William St, Sydney, 2046",evie networks,2,DC,75 kW,-33.86864269,151.1185836,"Canada Bay Council, City of",2046,Existing Fast Chargers,120,Sydney - Inner West,New South Wales,ev_00976,"-33.868643,151.118584",matched,0.1,nearby_identity,5947,Five Dock Leisure Centre,William St  Five Dock 2046,Evie Networks,CCS Type 2,0.60/kWh + 0.09/kWh (9:00 AM-9:00 PM),,,,,,Evie Networks official station map,Official website; no open-data licence asserted,https://evie.com.au/find-a-charger/,True
evie,,"374 Peel St, Tamworth NSW 2340, Australia",evie networks,4,DC,175 kW,-31.0900932,150.9304748,Tamworth Regional Council,2340,Fast Charging R1,110,New England and North West,New South Wales,ev_01512,"-31.090093,150.930475",matched,0.0,nearby_identity,6730,Centrepoint Tamworth,"374 Peel Street, Tamworth  Tamworth 2340",Evie Networks,CCS Type 2,0.85/kWh,,,,,,Evie Networks official station map,Official website; no open-data licence asserted,https://evie.com.au/find-a-charger/,True
evie,,"85 South St, Ulladulla NSW 2539, Australia",evie networks,4,DC,175 kW,-35.3595567,150.4754013,Shoalhaven City Council,2539,Fast Charging R1,114,Southern Highlands and Shoalhaven,New South Wales,ev_01711,"-35.359557,150.475401",matched,93.61,nearby_identity,6579,Ulladulla Shopping Centre,85 South St  Ulladulla 2539,Evie Networks,CCS Type 2,0.82/kWh,,,,,,Evie Networks official station map,Official website; no open-data licence asserted,https://evie.com.au/find-a-charger/,True
evie,,"850 Woodville Rd, Villawood 2163, NSW",evie networks,4,DC,175 kW,-33.8791212,150.9776442,Canterbury Bankstown Council,2163,Fast Charging R2,125,Sydney - Parramatta,New South Wales,ev_01712,"-33.879121,150.977644",matched,89.52,nearby_identity,7185,Timezone – Villawood,824-850 Woodville Rd  Villawood 2163,Evie Networks,CCS Type 2,0.71/kWh + 0.04/kWh (9:00 AM-9:00 PM),,,,,,Evie Networks official station map,Official website; no open-data licence asserted,https://evie.com.au/find-a-charger/,True
ampol,,"105 Station Rd, Sydney, 2147",ampol,2,DC,150 kW,-33.77436041,150.9448809,Blacktown City Council,2147,Existing Fast Chargers,116,Sydney - Blacktown,New South Wales,ev_00067,"-33.774360,150.944881",matched,13.12,nearby_identity,0000022136,Ampol Foodary Seven Hills Station Rd,105 Station Rd Cnr Powers Rd Seven Hills 2147,Ampol,CCS 2; CHAdeMO,,,2,,,,Ampol official station locator,Official website; no open-data licence asserted,https://ampcharge.ampol.com.au/find-a-charging-station,True
ampol,,"12 Hume Hwy, Pheasants Nest, 2574",ampol,9,DC,150 kW,-34.28138543,150.640016,Wollondilly Shire Council,2574,Existing Fast Chargers,107,Illawarra,New South Wales,ev_00107,"-34.281385,150.640016",matched,42.77,nearby_identity,0000023205,Ampol Foodary Pheasants Nest Southbound,Lot 12 Hume Hwy Pheasants Nest 2574,Ampol,CCS 2; CHAdeMO,,,6,,,,Ampol official station locator,Official website; no open-data licence asserted,https://ampcharge.ampol.com.au/find-a-charging-station,True
ampol,,"12 Hume Hwy, Pheasants Nest, 2574",ampol,9,DC,150 kW,-34.28222427,150.6366026,Wollondilly Shire Council,2574,Existing Fast Chargers,123,Sydney - Outer South West,New South Wales,ev_00108,"-34.282224,150.636603",matched,110.06,nearby_identity,0000023220,Ampol Foodary Pheasants Nest Northbound,Lots 1 & 2 Hume Hwy Pheasants Nest 2574,Ampol,CCS 2; CHAdeMO,,,6,,,,Ampol official station locator,Official website; no open-data licence asserted,https://ampcharge.ampol.com.au/find-a-charging-station,True
ampol,,"133 Wyndham St Cnr Mcevoy St, Alexandria, NSW, 2015",ampol,2,DC,150 kW,-33.9020166,151.2000104,Bayside Council,2015,ARENA - Driving the Nation,117,Sydney - City and Inner South,New South Wales,ev_00140,"-33.902017,151.200010",matched,57.77,nearby_identity,0000022135,Ampol Foodary Alexandria,133 Wyndham St Cnr Mcevoy St Alexandria 2015,Ampol,CCS 2,,,2,,,,Ampol official station locator,Official website; no open-data licence asserted,https://ampcharge.ampol.com.au/find-a-charging-station,True
ampol,,"1509-1511 Pittwater Rd, Sydney, 2101",ampol,2,DC,150 kW,-33.70444949,151.2968509,Northern Beaches Council,2101,Existing Fast Chargers,122,Sydney - Northern Beaches,New South Wales,ev_00181,"-33.704449,151.296851",matched,30.41,nearby_identity,0000022120,Ampol Foodary Narrabeen,1509-1511 Pittwater Rd Narrabeen 2101,Ampol,CCS 2; CHAdeMO,,,2,,,,Ampol official station locator,Official website; no open-data licence asserted,https://ampcharge.ampol.com.au/find-a-charging-station,True
ampol,,"164 Mona Vale Rd, St Ives, NSW, 2075",ampol,2,DC,125 kW,-33.7307758,151.1570112,Ku-ring-gai Council,2075,ARENA - Driving the Nation,121,Sydney - North Sydney and Hornsby,New South Wales,ev_00207,"-33.730776,151.157011",matched,3.77,nearby_identity,0000022895,Ampol Foodary St Ives,164 Mona Vale Rd St Ives 2075,Ampol,CCS 2; CHAdeMO,,,2,,,,Ampol official station locator,Official website; no open-data licence asserted,https://ampcharge.ampol.com.au/find-a-charging-station,True
ampol,,"198 Great Western Highway, Hazelbrook, NSW, 2779",ampol,2,DC,125 kW,-33.7211325,150.4521067,Blue Mountains City Council,2779,ARENA - Driving the Nation,124,Sydney - Outer West and Blue Mountains,New South Wales,ev_00256,"-33.721133,150.452107",matched,66.76,nearby_identity,0000022545,Ampol Foodary Hazelbrook,198 Great Western Highway Hazelbrook 2779,Ampol,CCS 2; CHAdeMO,,,2,,,,Ampol official station locator,Official website; no open-data licence asserted,https://ampcharge.ampol.com.au/find-a-charging-station,True
ampol,,"2072 Camden Valley Way, Edmondson Park, NSW, 2174",ampol,2,DC,125 kW,-33.9558559,150.8648944,Liverpool City Council,2174,ARENA - Driving the Nation,127,Sydney - South West,New South Wales,ev_00312,"-33.955856,150.864894",matched,90.8,nearby_identity,0000028491,Ampol Foodary Edmondson Park,2072 Camden Valley Way Edmondson Park 2174,Ampol,CCS 2; CHAdeMO,,,2,,,,Ampol official station locator,Official website; no open-data licence asserted,https://ampcharge.ampol.com.au/find-a-charging-station,True
ampol,,"211 Lake Entrance Rd, Shellharbour City Centre, 2529",ampol,10,DC,150 kW,-34.56639944,150.8394074,Shellharbour City Council,2529,Existing Fast Chargers,107,Illawarra,New South Wales,ev_00323,"-34.566399,150.839407",matched,442.48,exact_address_within_500m,0000025118,AmpCharge Shellharbour Shopping Centre,211 Lake Entrance Rd Shellharbour City Centre 2529,Ampol,CCS 2,,,10,,,,Ampol official station locator,Official website; no open-data licence asserted,https://ampcharge.ampol.com.au/find-a-charging-station,True
ampol,,"342 Kanahooka Rd, Brownsville, NSW, 2530",ampol,2,DC,125 kW,-34.4859664,150.8064594,Wollongong City Council,2530,ARENA - Driving the Nation,107,Illawarra,New South Wales,ev_00476,"-34.485966,150.806459",matched,13.53,nearby_identity,0000022256,Ampol Foodary Brownsville,342 Kanahooka Rd Brownsville 2530,Ampol,CCS 2; CHAdeMO,,,2,,,,Ampol official station locator,Official website; no open-data licence asserted,https://ampcharge.ampol.com.au/find-a-charging-station,True
ampol,,"4 Defries Ave, Sydney, 2017",ampol,6,DC,150 kW,-33.90556061,151.2126807,"Sydney, Council of the City of",2017,Existing Fast Chargers,117,Sydney - City and Inner South,New South Wales,ev_00513,"-33.905561,151.212681",matched,6.07,nearby_identity,0000025107,AmpCharge East Village Shopping Centre,4 Defries Ave Zetland 2017,Ampol,CCS 2,,,6,,,,Ampol official station locator,Official website; no open-data licence asserted,https://ampcharge.ampol.com.au/find-a-charging-station,True
ampol,,"481 Princes Hwy, Sydney, 2232",ampol,2,DC,150 kW,-34.02936741,151.0807237,Sutherland Shire Council,2232,Existing Fast Chargers,128,Sydney - Sutherland,New South Wales,ev_00575,"-34.029367,151.080724",matched,0.6,nearby_identity,0000020040,Ampol Foodary Kirrawee,487 Princes Hwy Kirrawee 2232,Ampol,CCS 2,,,2,,,,Ampol official station locator,Official website; no open-data licence asserted,https://ampcharge.ampol.com.au/find-a-charging-station,True
ampol,,"516 Punchbowl Rd Cnr Wangee Rd, Lakemba, NSW, 2195",ampol,2,DC,125 kW,-33.911492,151.0732469,Canterbury Bankstown Council,2195,ARENA - Driving the Nation,119,Sydney - Inner South West,New South Wales,ev_00600,"-33.911492,151.073247",matched,0.0,nearby_identity,0000022276,Ampol Foodary Lakemba,516 Punchbowl Rd Cnr Wangee Rd Lakemba 2195,Ampol,CCS 2; CHAdeMO,,,2,,,,Ampol official station locator,Official website; no open-data licence asserted,https://ampcharge.ampol.com.au/find-a-charging-station,True
ampol,,"59-61 Pacific Hwy Cnr Unwin Rd, Waitara, NSW, 2077",ampol,2,DC,125 kW,-33.7105301,151.1024488,"Hornsby, The Council of the Shire of",2077,ARENA - Driving the Nation,121,Sydney - North Sydney and Hornsby,New South Wales,ev_00643,"-33.710530,151.102449",matched,5.8,nearby_identity,0000022810,Ampol Foodary Waitara,59-61 Pacific Hwy Cnr Unwin Rd Waitara 2077,Ampol,CCS 2; CHAdeMO,,,2,,,,Ampol official station locator,Official website; no open-data licence asserted,https://ampcharge.ampol.com.au/find-a-charging-station,True
ampol,,"69-71 Central Coast Hwy, Gosford West, NSW, 2250",ampol,2,DC,125 kW,-33.4267831,151.321995,Central Coast Council,2250,ARENA - Driving the Nation,102,Central Coast,New South Wales,ev_00680,"-33.426783,151.321995",matched,101.67,nearby_identity,0000022582,Ampol Foodary Gosford West (Eastbound),69-71 Central Coast Hwy Gosford West 2250,Ampol,CCS 2; CHAdeMO,,,2,,,,Ampol official station locator,Official website; no open-data licence asserted,https://ampcharge.ampol.com.au/find-a-charging-station,True
ampol,,"741 George St, Windsor, 2756",ampol,4,DC,150 kW,-33.63860965,150.7837227,Hawkesbury City Council,2756,Existing Fast Chargers,124,Sydney - Outer West and Blue Mountains,New South Wales,ev_00702,"-33.638610,150.783723",matched,41.13,nearby_identity,0000025567,Ampol Foodary Windsor South,741 George St Windsor South 2756,Ampol,CCS 2,,,4,,,,Ampol official station locator,Official website; no open-data licence asserted,https://ampcharge.ampol.com.au/find-a-charging-station,True
ampol,,"78 Great Western Hwy Cnr Ross St, Glenbrook, NSW, 2773",ampol,2,DC,125 kW,-33.7653881,150.6214758,Blue Mountains City Council,2773,ARENA - Driving the Nation,124,Sydney - Outer West and Blue Mountains,New South Wales,ev_00713,"-33.765388,150.621476",matched,1.05,nearby_identity,0000028974,Ampol Foodary Glenbrook,78 Great Western Hwy Cnr Ross St Glenbrook 2773,Ampol,CCS 2; CHAdeMO,,,2,,,,Ampol official station locator,Official website; no open-data licence asserted,https://ampcharge.ampol.com.au/find-a-charging-station,True
ampol,,"875 Richmond Rd, Marsden Park, NSW, 2765",ampol,2,DC,125 kW,-33.716109,150.8453094,Blacktown City Council,2765,ARENA - Driving the Nation,116,Sydney - Blacktown,New South Wales,ev_00747,"-33.716109,150.845309",matched,37.82,nearby_identity,0000022344,Ampol Foodary Marsden Park,875 Richmond Rd Marsden Park 2765,Ampol,CCS 2; CHAdeMO,,,2,,,,Ampol official station locator,Official website; no open-data licence asserted,https://ampcharge.ampol.com.au/find-a-charging-station,True
ampol,,"87-91 Roberts Rd Cnr Moondo St, Greenacre, NSW, 2190",ampol,2,DC,125 kW,-33.9047231,151.0645884,Strathfield Municipal Council,2190,ARENA - Driving the Nation,119,Sydney - Inner South West,New South Wales,ev_00748,"-33.904723,151.064588",matched,0.21,nearby_identity,0000022794,Ampol Foodary Greenacre,87-91 Roberts Rd Cnr Moondo St Greenacre 2190,Ampol,CCS 2,,,2,,,,Ampol official station locator,Official website; no open-data licence asserted,https://ampcharge.ampol.com.au/find-a-charging-station,True
ampol,,"9 Flinders St, Wollongong North, NSW, 2500",ampol,2,DC,125 kW,-34.4151195,150.8931953,Wollongong City Council,2500,ARENA - Driving the Nation,107,Illawarra,New South Wales,ev_00765,"-34.415120,150.893195",matched,12.68,nearby_identity,0000022128,Ampol Foodary Wollongong North,9 Flinders St Wollongong North 2500,Ampol,CCS 2; CHAdeMO,,,2,,,,Ampol official station locator,Official website; no open-data licence asserted,https://ampcharge.ampol.com.au/find-a-charging-station,True
ampol,,"917-923 Old Northern Rd, Dural, NSW, 2158",ampol,2,DC,125 kW,-33.6828871,151.0284517,"Hornsby, The Council of the Shire of",2158,ARENA - Driving the Nation,115,Sydney - Baulkham Hills and Hawkesbury,New South Wales,ev_00774,"-33.682887,151.028452",matched,2.47,nearby_identity,0000028780,Ampol Foodary Dural,917-923 Old Northern Rd Dural 2158,Ampol,CCS 2; CHAdeMO,,,2,,,,Ampol official station locator,Official website; no open-data licence asserted,https://ampcharge.ampol.com.au/find-a-charging-station,True
ampol,,"98-100 Windsor Rd Cnr Lombard Rd, Northmead, NSW, 2152",ampol,2,DC,125 kW,-33.7878745,150.9946557,"Parramatta, Council of the City of",2152,ARENA - Driving the Nation,125,Sydney - Parramatta,New South Wales,ev_00792,"-33.787875,150.994656",matched,7.08,nearby_identity,0000022427,Ampol Foodary Northmead,98-100 Windsor Rd Cnr Lombard Rd Northmead 2152,Ampol,CCS 2; CHAdeMO,,,2,,,,Ampol official station locator,Official website; no open-data licence asserted,https://ampcharge.ampol.com.au/find-a-charging-station,True
ampol,,"Central Ave 2, Sydney, 2015",ampol,6,DC,150 kW,-33.89561066,151.1961411,"Sydney, Council of the City of",2015,Existing Fast Chargers,117,Sydney - City and Inner South,New South Wales,ev_00826,"-33.895611,151.196141",matched,39.66,nearby_identity,0000025106,AmpCharge South Eveleigh Shopping Centre,2 Central Ave Eveleigh 2015,Ampol,CCS 2,,,6,,,,Ampol official station locator,Official website; no open-data licence asserted,https://ampcharge.ampol.com.au/find-a-charging-station,True
ampol,,"Cnr Dunheved Rd & Henry Lawson Dr, Werrington, NSW, 2747",ampol,2,DC,125 kW,-33.7463077,150.7413197,Penrith City Council,2747,ARENA - Driving the Nation,124,Sydney - Outer West and Blue Mountains,New South Wales,ev_00832,"-33.746308,150.741320",matched,53.47,nearby_identity,0000028569,Ampol Foodary Werrington,Cnr Dunheved Rd & Henry Lawson Dr Werrington 2747,Ampol,CCS 2; CHAdeMO,,,2,,,,Ampol official station locator,Official website; no open-data licence asserted,https://ampcharge.ampol.com.au/find-a-charging-station,True
ampol,,"M4 Motorway Westbound, Sydney, 2766",ampol,10,DC,400 kW,-33.80214519,150.8802132,Blacktown City Council,2766,Existing Fast Chargers,116,Sydney - Blacktown,New South Wales,ev_00899,"-33.802145,150.880213",matched,0.03,nearby_identity,0000028577,Ampol Foodary Eastern Creek Westbound,M4 Motorway Westbound Eastern Creek 2766,Ampol,CCS 2,,,10,,,,Ampol official station locator,Official website; no open-data licence asserted,https://ampcharge.ampol.com.au/find-a-charging-station,True
ampol,,"NARELLAN RD CNR MAXWELL PL, Sydney, 2567",ampol,4,DC,150 kW,-34.04010015,150.7435405,Camden Council,2567,Existing Fast Chargers,123,Sydney - Outer South West,New South Wales,ev_00917,"-34.040100,150.743540",matched,49.75,nearby_identity,0000022761,Ampol Foodary Narellan,Narellan Rd Cnr Maxwell Pl Narellan 2567,Ampol,CCS 2,,,4,,,,Ampol official station locator,Official website; no open-data licence asserted,https://ampcharge.ampol.com.au/find-a-charging-station,True
ampol,,"Newbridge Road 216, Sydney, 2170",ampol,2,DC,150 kW,-33.92932037,150.9551001,Liverpool City Council,2170,Existing Fast Chargers,127,Sydney - South West,New South Wales,ev_00918,"-33.929320,150.955100",matched,14.41,nearby_identity,0000022397,Ampol Foodary Moorebank,216 Newbridge Rd Moorebank 2170,Ampol,CCS 2,,,2,,,,Ampol official station locator,Official website; no open-data licence asserted,https://ampcharge.ampol.com.au/find-a-charging-station,True
ampol,,"Western Motorway, Sydney, 2766",ampol,15,DC,240 kW,-33.80154859,150.886,Blacktown City Council,2766,Existing Fast Chargers,116,Sydney - Blacktown,New South Wales,ev_00975,"-33.801549,150.886000",matched,14.61,nearby_identity,0000028576,Ampol Foodary Eastern Creek Eastbound,M4 Motorway Eastbound Eastern Creek 2766,Ampol,CCS 2; CHAdeMO,,,10,,,,Ampol official station locator,Official website; no open-data licence asserted,https://ampcharge.ampol.com.au/find-a-charging-station,True
ocm,,"1 - 7 Ross St, Wilcannia NSW 2836, Australia",nrma electric,4,DC,50 kW,-30.5118739,151.669395,Central Darling Shire Council,2350,TfNSW Regional,110,New England and North West,New South Wales,ev_00003,"-30.511874,151.669395",matched,29.23,nearby_identity,170824,Armidale Visitors Centre,"82 Marsh Street, Armidale, 2350",NRMA,CCS (Type 2); CHAdeMO,Currently free but will be fee at some point.,Public,,1,Operational,2020-12-11T13:42:00Z,Open Charge Map Contributors,Licensed under Creative Commons Attribution 4.0 International (CC BY 4.0),https://openchargemap.org/site/poi/details/170824,True
ocm,,"1 Ingham Dr, Casula NSW 2170",evie networks,4,DC,50 kW,-33.948829,150.90027,Liverpool City Council,2170,ARENA - Driving the Nation,127,Sydney - South West,New South Wales,ev_00024,"-33.948829,150.900270",matched,125.52,nearby_identity,272688,Casula Mall,"1 Ingham Dr, Casula, 2170",Evie,CCS (Type 2); CHAdeMO,,Public - Membership Required,,2,Operational,2023-07-16T22:04:00Z,Open Charge Map Contributors,Licensed under Creative Commons Attribution 4.0 International (CC BY 4.0),https://openchargemap.org/site/poi/details/272688,True
ocm,,"1 Park St, Sydney, 2103",jolt,2,DC,25 kW,-33.67613618,151.3039429,Northern Beaches Council,2103,Existing Fast Chargers,122,Sydney - Northern Beaches,New South Wales,ev_00036,"-33.676136,151.303943",matched,5.72,nearby_identity,192929,Mona Vale library carpark [JOLT],"1 Park St, Mona Vale, 2103",Jolt,CCS (Type 2); CHAdeMO,"First 7kWh free, then $0.46 per kWh thereafter. $5/hr idle time",Public - Membership Required,,1,Operational,2023-02-11T08:43:00Z,Open Charge Map Contributors,Licensed under Creative Commons Attribution 4.0 International (CC BY 4.0),https://openchargemap.org/site/poi/details/192929,True
ocm,,"10 Winery Dr, Port Macquarie, 2444",tesla motors,12,DC,130 kW,-31.43610015,152.8235826,Port Macquarie-Hastings Council,2444,Existing Fast Chargers,108,Mid North Coast,New South Wales,ev_00060,"-31.436100,152.823583",matched,0.06,nearby_identity,79311,Port Macquarie Supercharger [Tesla],"764 Pacific Highway, Port Macquarie, 2444",Tesla (Tesla-only charging),CCS (Type 2),AUD 0.52/kWh,Public - Membership Required,,6,Operational,2021-12-19T01:54:00Z,Open Charge Map Contributors,Licensed under Creative Commons Attribution 4.0 International (CC BY 4.0),https://openchargemap.org/site/poi/details/79311,True
ocm,,"1067 Oxley Hwy, Thrumster, 2444",chargefox,4,DC,180 kW,-31.46394199,152.8219499,Port Macquarie-Hastings Council,2444,Existing Fast Chargers,108,Mid North Coast,New South Wales,ev_00069,"-31.463942,152.821950",matched,29.91,nearby_identity,172921,Port Macquarie Service Centre [Chargefox],"1063 Oxley Highway, Thrumster, 2444",Chargefox,CCS (Type 2); CHAdeMO,"$0.60/kWh, 20% discount for NRMA members",Public,,2,Operational,2026-09-01T11:39:00Z,Open Charge Map Contributors,Licensed under Creative Commons Attribution 4.0 International (CC BY 4.0),https://openchargemap.org/site/poi/details/172921,True
ocm,,"11 Ewingsdale Rd, Ewingsdale, 2481",nrma electric,4,DC,75 kW,-28.63612817,153.5534605,Byron Shire Council,2481,Existing Fast Chargers,112,Richmond - Tweed,New South Wales,ev_00080,"-28.636128,153.553460",matched,48.04,nearby_identity,190394,The Farm Byron Bay [NRMA],"Ewingsdale Road, Ewingsdale",NRMA,CCS (Type 2); CHAdeMO,,Public,,1,Operational,2025-10-06T09:29:00Z,Open Charge Map Contributors,Licensed under Creative Commons Attribution 4.0 International (CC BY 4.0),https://openchargemap.org/site/poi/details/190394,True
ocm,,"110 Anzac Pde, Sydney, 2033",jolt,2,DC,25 kW,-33.90717322,151.2239409,Randwick City Council,2033,Existing Fast Chargers,118,Sydney - Eastern Suburbs,New South Wales,ev_00087,"-33.907173,151.223941",matched,17.96,nearby_identity,190875,Kensington [Jolt],"110 Anzac Pde, Kensington, 2033",Jolt,CCS (Type 2); CHAdeMO,$0.00/kWh up to 7 kWh then $0.40/kWh,Public - Membership Required,,1,Operational,2023-07-13T10:53:00Z,Open Charge Map Contributors,Licensed under Creative Commons Attribution 4.0 International (CC BY 4.0),https://openchargemap.org/site/poi/details/190875,True
ocm,,"1106 Barrenjoey Rd, Sydney, 2108",jolt,2,DC,25 kW,-33.59707712,151.320022,Northern Beaches Council,2108,Existing Fast Chargers,122,Sydney - Northern Beaches,New South Wales,ev_00088,"-33.597077,151.320022",matched,23.48,nearby_identity,295979,Barrenjoey Road,"Barrenjoey Road, Palm Beach, 2108",Jolt,CCS (Type 2); CHAdeMO,"First 7kWh free, then $0.49 per kWh thereafter. $5/hr idle time",Public - Membership Required,,1,Operational,2024-03-03T23:09:00Z,Open Charge Map Contributors,Licensed under Creative Commons Attribution 4.0 International (CC BY 4.0),https://openchargemap.org/site/poi/details/295979,True
ocm,,"1183-1187 The Horsley Dr, Sydney, 2164",chargefox,2,DC,150 kW,-33.84986891,150.8978248,Fairfield City Council,2164,Existing Fast Chargers,127,Sydney - South West,New South Wales,ev_00099,"-33.849869,150.897825",matched,79.77,nearby_identity,272624,ENGIE - Greenway Wetherill Park,"1183-1187 The Horsley Drive, Wetherill Park, 2164",Chargefox,CCS (Type 2),$0.55/kWh,Public - Membership Required,,2,Operational,2023-07-15T09:24:00Z,Open Charge Map Contributors,Licensed under Creative Commons Attribution 4.0 International (CC BY 4.0),https://openchargemap.org/site/poi/details/272624,True
ocm,,"119 Stenhouse Drive, Cameron Park, 2285",evie networks,8,DC,350 kW,-32.89647352,151.5977107,Lake Macquarie City Council,2285,Existing Fast Chargers,111,Newcastle and Lake Macquarie,New South Wales,ev_00103,"-32.896474,151.597711",matched,12.6,nearby_identity,266586,EVIE Cameron Park,"119 Stenhouse Drive, Cameron Park, 2285",Evie,CCS (Type 2); CHAdeMO,0.60c per kWh,Public - Membership Required,,2,Operational,2023-09-18T17:57:00Z,Open Charge Map Contributors,Licensed under Creative Commons Attribution 4.0 International (CC BY 4.0),https://openchargemap.org/site/poi/details/266586,True
ocm,,"12 Hume Hwy, Pheasants Nest, 2574",ampol,9,DC,150 kW,-34.28222427,150.6366026,Wollondilly Shire Council,2574,Existing Fast Chargers,123,Sydney - Outer South West,New South Wales,ev_00108,"-34.282224,150.636603",matched,87.73,nearby_identity,279179,Ampol Foodary Pheasants Nest Northbound,"Lots 1 & 2 Hume Hwy, Pheasants Nest, 2574",Ampol AmpCharge,CCS (Type 2); CHAdeMO,$0.69 per kWh,Public - Membership Required,,1,Operational,2023-10-18T01:57:00Z,Open Charge Map Contributors,Licensed under Creative Commons Attribution 4.0 International (CC BY 4.0),https://openchargemap.org/site/poi/details/279179,True
ocm,,"126 Mackay Ave, Yoogali, 2680",chargefox,1,DC,24 kW,-34.30172777,146.0826426,Griffith City Council,2680,Existing Fast Chargers,113,Riverina,New South Wales,ev_00124,"-34.301728,146.082643",matched,55.29,nearby_identity,306015,Griffith City Volkswagen,"Kurrajong Avenue, Yoogali, 2680",Chargefox,CCS (Type 2),$0.40/kWh,Public - Membership Required,,1,Operational,2024-12-08T01:54:00Z,Open Charge Map Contributors,Licensed under Creative Commons Attribution 4.0 International (CC BY 4.0),https://openchargemap.org/site/poi/details/306015,True
ocm,,"128 Flood Street, Leichhardt NSW 2040",evie networks,4,DC,75 kW,-33.88518,151.148629,Inner West Council,2040,ARENA - Driving the Nation,120,Sydney - Inner West,New South Wales,ev_00127,"-33.885180,151.148629",matched,225.24,exact_address_within_500m,272673,Leichhardt Marketplace,"128 Flood Street, Leichhardt, 2040",Evie,CCS (Type 2); CHAdeMO,,Public - Membership Required,,2,Operational,2023-07-16T12:44:00Z,Open Charge Map Contributors,Licensed under Creative Commons Attribution 4.0 International (CC BY 4.0),https://openchargemap.org/site/poi/details/272673,True
ocm,,"13125 Hume Hwy, Sutton Forest, 2577",evie networks,8,DC,350 kW,-34.60721926,150.2251632,Wingecarribee Shire Council,2577,Existing Fast Chargers,114,Southern Highlands and Shoalhaven,New South Wales,ev_00134,"-34.607219,150.225163",matched,7.34,nearby_identity,238124,Sally’s Corner,"Hume Hwy, Sutton Forest Service Centre",Evie,CCS (Type 2); CHAdeMO,65c per kWh energy consumed.,Public - Membership Required,,4,Operational,2023-07-12T22:58:00Z,Open Charge Map Contributors,Licensed under Creative Commons Attribution 4.0 International (CC BY 4.0),https://openchargemap.org/site/poi/details/238124,True
ocm,,"132 Pound Street, Grafton, 2460",nrma electric,2,DC,50 kW,-29.68846451,152.933015,Clarence Valley Council,2460,Existing Fast Chargers,104,Coffs Harbour - Grafton,New South Wales,ev_00137,"-29.688465,152.933015",matched,66.68,nearby_identity,190393,Grafton Public Library,"Pound Street, Grafton",NRMA,CCS (Type 2); CHAdeMO,,Public,,1,Operational,2021-12-06T13:23:00Z,Open Charge Map Contributors,Licensed under Creative Commons Attribution 4.0 International (CC BY 4.0),https://openchargemap.org/site/poi/details/190393,True
ocm,,"134 Lachlan St, Hay, 2711",nrma electric,4,DC,180 kW,-34.50890395,144.8427858,Hay Shire Council,2711,Existing Fast Chargers,109,Murray,New South Wales,ev_00141,"-34.508904,144.842786",matched,27.4,nearby_identity,190670,Hay [NRMA],"134 Lachlan St, Hay, 2711",NRMA,CCS (Type 2); CHAdeMO,Currently free but will be fee at some point.,Public,,1,Operational,2021-12-17T02:59:00Z,Open Charge Map Contributors,Licensed under Creative Commons Attribution 4.0 International (CC BY 4.0),https://openchargemap.org/site/poi/details/190670,True
ocm,,"134-136 Grafton St, Coffs Harbour, 2450",bp,2,DC,75 kW,-30.29156861,153.1183714,Coffs Harbour City Council,2450,Existing Fast Chargers,104,Coffs Harbour - Grafton,New South Wales,ev_00144,"-30.291569,153.118371",matched,15.6,nearby_identity,273433,Coffs Harbour [bp pulse],"136 Pacific Highway, Coffs Harbour, 2450",BP Pulse (AU),CCS (Type 2); CHAdeMO,$0.55/kWh,Public - Membership Required,,1,Operational,2023-08-09T12:33:00Z,Open Charge Map Contributors,Licensed under Creative Commons Attribution 4.0 International (CC BY 4.0),https://openchargemap.org/site/poi/details/273433,True
ocm,,"140 Queen St, Berry, 2535",nrma electric,2,DC,50 kW,-34.77559464,150.7010871,Shoalhaven City Council,2535,Existing Fast Chargers,114,Southern Highlands and Shoalhaven,New South Wales,ev_00155,"-34.775595,150.701087",matched,27.18,nearby_identity,161845,Berry NRMA,Berry,NRMA,CCS (Type 2); CHAdeMO,Currently free but will be fee at some point for non NRMA Members,Public,,1,Operational,2020-11-19T13:08:00Z,Open Charge Map Contributors,Licensed under Creative Commons Attribution 4.0 International (CC BY 4.0),https://openchargemap.org/site/poi/details/161845,True
ocm,,"15 Victory St, Braidwood, NSW 2622, Australia",nrma electric,4,DC,50 kW,-31.4988197,145.8375768,Queanbeyan-Palerang Regional Council,2835,TfNSW Regional,105,Far West and Orana,New South Wales,ev_00180,"-31.498820,145.837577",matched,1.61,nearby_identity,190679,Cobar [NRMA],"3 Broomfield Street, Cobar, 2835",NRMA,CCS (Type 2); CHAdeMO,FREE,Public - Membership Required,,1,Operational,2022-01-08T10:59:00Z,Open Charge Map Contributors,Licensed under Creative Commons Attribution 4.0 International (CC BY 4.0),https://openchargemap.org/site/poi/details/190679,True
ocm,,"15620 Hume Hwy, Marulan, 2579",bp,2,DC,75 kW,-34.71852257,150.0003884,Goulburn Mulwaree Council,2579,Existing Fast Chargers,101,Capital Region,New South Wales,ev_00192,"-34.718523,150.000388",matched,27.82,nearby_identity,238125,Marulan Roadhouse Southbound,"15597 Hume Hwy, Marulan",BP Pulse (AU),CCS (Type 2); CHAdeMO,$0.55/kWh,Public - Membership Required,,1,Operational,2023-08-09T12:16:00Z,Open Charge Map Contributors,Licensed under Creative Commons Attribution 4.0 International (CC BY 4.0),https://openchargemap.org/site/poi/details/238125,True
ocm,,"15666 Hume Hwy, Marulan, 2579",bp,2,DC,75 kW,-34.71922127,149.9953273,Goulburn Mulwaree Council,2579,Existing Fast Chargers,101,Capital Region,New South Wales,ev_00193,"-34.719221,149.995327",matched,40.28,nearby_identity,238126,Marulan Roadhouse Northbound,"Hume Highway, Marulan, 2579",BP Pulse (AU),CCS (Type 2); CHAdeMO,$0.55/kWh,Public - Membership Required,,1,Operational,2023-08-09T12:16:00Z,Open Charge Map Contributors,Licensed under Creative Commons Attribution 4.0 International (CC BY 4.0),https://openchargemap.org/site/poi/details/238126,True
ocm,,"157 Rouse Street, Tenterfield, NSW 2372, Australia",nrma electric,2,DC,50 kW,-31.5645996,147.1969355,Tenterfield Shire Council,2825,TfNSW Regional,105,Far West and Orana,New South Wales,ev_00194,"-31.564600,147.196935",matched,3.49,nearby_identity,190680,Nyngan [NRMA],"18 Cobar Street, Nyngan, 2825",NRMA,CCS (Type 2); CHAdeMO,Currently free but will be fee at some point for non NRMA Members,Public,,1,Operational,2022-12-23T23:20:00Z,Open Charge Map Contributors,Licensed under Creative Commons Attribution 4.0 International (CC BY 4.0),https://openchargemap.org/site/poi/details/190680,True
ocm,,"18 Victoria Avenue, Castle Hill NSW 2154",evie networks,4,DC,50 kW,-33.727803,150.976049,The Hills Shire Council,2154,ARENA - Driving the Nation,115,Sydney - Baulkham Hills and Hawkesbury,New South Wales,ev_00229,"-33.727803,150.976049",matched,18.34,nearby_identity,265390,HomeCo Castle Hill,"18 Victoria Avenue, Castle Hill, 2154",Evie,CCS (Type 2); CHAdeMO,$0.45 per kWh. Parking overstay charges may apply,Public - Membership Required,,2,Operational,2023-07-15T14:02:00Z,Open Charge Map Contributors,Licensed under Creative Commons Attribution 4.0 International (CC BY 4.0),https://openchargemap.org/site/poi/details/265390,True
ocm,,"185 Princes Hwy, Narooma, 2546",tesla motors,8,DC,130 kW,-36.22313618,150.1283463,Eurobodalla Shire Council,2546,Existing Fast Chargers,101,Capital Region,New South Wales,ev_00236,"-36.223136,150.128346",matched,0.03,nearby_identity,109340,Narooma Supercharger,"185 Princes Highway, Narooma",Tesla (including non-tesla),CCS (Type 2),AUD 0.42/kWh;other tariffs for older cars,Public - Membership Required,,4,Operational,2023-08-30T06:15:00Z,Open Charge Map Contributors,Licensed under Creative Commons Attribution 4.0 International (CC BY 4.0),https://openchargemap.org/site/poi/details/109340,True
ocm,,"188 Raglan St, Sydney, 2088",evie networks,4,DC,50 kW,-33.83108413,151.2436587,Mosman Municipal Council,2088,Existing Fast Chargers,121,Sydney - North Sydney and Hornsby,New South Wales,ev_00239,"-33.831084,151.243659",matched,14.93,nearby_identity,272686,Raglan Street West,"188 Raglan St, Mosman, 2088",Evie,CCS (Type 2); CHAdeMO,,Public - Membership Required,,1,Operational,2023-07-16T22:00:00Z,Open Charge Map Contributors,Licensed under Creative Commons Attribution 4.0 International (CC BY 4.0),https://openchargemap.org/site/poi/details/272686,True
ocm,,"2 Hercules Street, Murrumbateman, 2582",evie networks,2,DC,50 kW,-34.96936041,149.03,Yass Valley Council,2582,Existing Fast Chargers,101,Capital Region,New South Wales,ev_00270,"-34.969360,149.030000",matched,6.15,nearby_identity,272500,Murrumbateman Country Inn,"2 Hercules Street, Murrumbateman, 2582",Evie,CCS (Type 2); CHAdeMO,Pricing set to 50c per kWh of charging.,Public - Membership Required,,1,Operational,2023-09-18T05:45:00Z,Open Charge Map Contributors,Licensed under Creative Commons Attribution 4.0 International (CC BY 4.0),https://openchargemap.org/site/poi/details/272500,True
ocm,,"2 Ocean Dr, Kew, 2439",tesla motors,8,DC,250 kW,-31.63426031,152.7250501,Port Macquarie-Hastings Council,2439,Existing Fast Chargers,108,Mid North Coast,New South Wales,ev_00277,"-31.634260,152.725050",matched,13.14,nearby_identity,460617,Kew Tesla Supercharger,"2 Ocean Drive, Kew, 2439",Tesla (including non-tesla),CCS (Type 2),$0.52/kWh - $0.72/kWh,Public - Membership Required,,8,Operational,2025-09-01T05:09:00Z,Open Charge Map Contributors,Licensed under Creative Commons Attribution 4.0 International (CC BY 4.0),https://openchargemap.org/site/poi/details/460617,True
ocm,,"2 Rosenthal Ave, Lane Cove NSW 2066",evie networks,4,DC,50 kW,-33.813936,151.169298,Lane Cove Municipal Council,2066,ARENA - Driving the Nation,121,Sydney - North Sydney and Hornsby,New South Wales,ev_00283,"-33.813936,151.169298",matched,3.71,nearby_identity,191165,Evie Lane Cove,"2 Rosenthal Ave, “The Canopy”, Lane Cove",Evie,CCS (Type 2); CHAdeMO,$0.40/kWh,Public - Membership Required,,2,Operational,2023-07-15T12:03:00Z,Open Charge Map Contributors,Licensed under Creative Commons Attribution 4.0 International (CC BY 4.0),https://openchargemap.org/site/poi/details/191165,True
ocm,,"200 Crown St, Wollongong NSW 2500",evie networks,4,DC,50 kW,-34.423975,150.892316,Wollongong City Council,2500,ARENA - Driving the Nation,107,Illawarra,New South Wales,ev_00300,"-34.423975,150.892316",matched,85.69,nearby_identity,235461,Wollongong Central - Regent St Carpark,"Regent Street, Wollongong, 2500",Evie,CCS (Type 2); CHAdeMO,50c per kWh energy consumed.,Public - Membership Required,,1,Operational,2023-07-12T21:49:00Z,Open Charge Map Contributors,Licensed under Creative Commons Attribution 4.0 International (CC BY 4.0),https://openchargemap.org/site/poi/details/235461,True
ocm,,"201 Manning River Drive, Taree, 2430",evie networks,4,DC,150 kW,-31.94333438,152.4706146,Mid-Coast Council,2430,Existing Fast Chargers,108,Mid North Coast,New South Wales,ev_00303,"-31.943334,152.470615",matched,10.59,nearby_identity,172652,Taree South Service Centre [Evie],"Manning River Drive, Glenthorne, 2430",Evie,CCS (Type 2),$0.60/kWh,Public - Membership Required,,4,Operational,2023-07-15T13:54:00Z,Open Charge Map Contributors,Licensed under Creative Commons Attribution 4.0 International (CC BY 4.0),https://openchargemap.org/site/poi/details/172652,True
ocm,,"201 Sloane St, Goulburn, 2580",tesla motors,16,DC,130 kW,-34.75552357,149.720998,Goulburn Mulwaree Council,2580,Existing Fast Chargers,101,Capital Region,New South Wales,ev_00304,"-34.755524,149.720998",matched,8.26,nearby_identity,79851,Goulburn Supercharger [Tesla],"201 Sloan St, Goulburn",Tesla (Tesla-only charging),CCS (Type 2),$0.52/kWh,Public - Membership Required,,8,Operational,2021-12-19T02:14:00Z,Open Charge Map Contributors,Licensed under Creative Commons Attribution 4.0 International (CC BY 4.0),https://openchargemap.org/site/poi/details/79851,True
ocm,,"224 Princes Hwy, Wollongong, 2519",bp,2,DC,75 kW,-34.40332537,150.8914635,Wollongong City Council,2519,Existing Fast Chargers,107,Illawarra,New South Wales,ev_00334,"-34.403325,150.891463",matched,37.93,nearby_identity,273425,Fairy Meadow [bp pulse],"224 Princes Hwy, Fairy Meadow, 2519",BP Pulse (AU),CCS (Type 2),55c/kWh,Public - Membership Required,,2,Operational,2023-08-09T11:24:00Z,Open Charge Map Contributors,Licensed under Creative Commons Attribution 4.0 International (CC BY 4.0),https://openchargemap.org/site/poi/details/273425,True
ocm,,"227 Railway Terrace, Schofields NSW 2762",evie networks,4,DC,50 kW,-33.705677,150.876075,Blacktown City Council,2762,ARENA - Driving the Nation,116,Sydney - Blacktown,New South Wales,ev_00341,"-33.705677,150.876075",matched,71.25,nearby_identity,191162,Coles Schofields,"227 Railway Rerrace, Schofields",Evie,CCS (Type 2); CHAdeMO,$0.40/kWh,Public - Membership Required,,2,Operational,2023-07-15T11:54:00Z,Open Charge Map Contributors,Licensed under Creative Commons Attribution 4.0 International (CC BY 4.0),https://openchargemap.org/site/poi/details/191162,True
ocm,,"2285 Pacific Hwy, Heatherbrae, 2324",tesla motors,12,DC,130 kW,-32.78729434,151.7283534,Port Stephens Council,2324,Existing Fast Chargers,106,Hunter Valley exc Newcastle,New South Wales,ev_00343,"-32.787294,151.728353",matched,83.66,nearby_identity,79490,Heatherbrae Supercharger [Tesla],"2285 Pacific Highway, Heatherbrae, 2324",Tesla (Tesla-only charging),CCS (Type 2),$0.52/kWh,Public - Membership Required,,6,Operational,2021-12-19T02:07:00Z,Open Charge Map Contributors,Licensed under Creative Commons Attribution 4.0 International (CC BY 4.0),https://openchargemap.org/site/poi/details/79490,True
ocm,,"24 Cooper St, Macksville, 2447",evie networks,4,DC,350 kW,-30.71023028,152.9197698,Nambucca Valley Council,2447,Existing Fast Chargers,108,Mid North Coast,New South Wales,ev_00354,"-30.710230,152.919770",matched,29.29,nearby_identity,190392,Evie Macksville,"24 Cooper St, Ampol Foodary, Macksville, 2447",Evie,CCS (Type 2); CHAdeMO,$0.60 per kWh,Public - Membership Required,,2,Operational,2023-07-16T12:45:00Z,Open Charge Map Contributors,Licensed under Creative Commons Attribution 4.0 International (CC BY 4.0),https://openchargemap.org/site/poi/details/190392,True
ocm,,"24 Sallys Corner Rd, Exeter, 2579",tesla motors,6,DC,250 kW,-34.60929234,150.2297688,Wingecarribee Shire Council,2579,Existing Fast Chargers,114,Southern Highlands and Shoalhaven,New South Wales,ev_00357,"-34.609292,150.229769",matched,8.48,nearby_identity,266620,Exeter Supercharger,"Sallys Corner Rd, Exeter, 2579",Tesla (Tesla-only charging),CCS (Type 2),$0.66/kWh,Public - Membership Required,,6,Operational,2023-06-08T12:43:00Z,Open Charge Map Contributors,Licensed under Creative Commons Attribution 4.0 International (CC BY 4.0),https://openchargemap.org/site/poi/details/266620,True
ocm,,"24-42 King Georges Rd, Sydney, 2195",bp,2,DC,75 kW,-33.91960065,151.0668519,Canterbury Bankstown Council,2195,Existing Fast Chargers,119,Sydney - Inner South West,New South Wales,ev_00364,"-33.919601,151.066852",matched,27.39,nearby_identity,273436,Wiley Park [bp pulse],"24-42 King Georges Road, Wiley Park, 2195",BP Pulse (AU),CCS (Type 2); CHAdeMO,55c/kWh,Public - Membership Required,,1,Operational,2023-08-09T12:50:00Z,Open Charge Map Contributors,Licensed under Creative Commons Attribution 4.0 International (CC BY 4.0),https://openchargemap.org/site/poi/details/273436,True
ocm,,"25 Frenchs Forest Rd E, Frenchs Forest NSW 2086",evie networks,4,DC,150 kW,-33.75133669,151.2434692,Northern Beaches Council,2086,ARENA - Driving the Nation,122,Sydney - Northern Beaches,New South Wales,ev_00369,"-33.751337,151.243469",matched,13.55,nearby_identity,272637,Allambie Grove Business Park,"25 Frenchs Forest Rd E, Frenchs Forest, 2086",Evie,CCS (Type 2),,Public - Membership Required,,4,Operational,2026-09-14T05:28:00Z,Open Charge Map Contributors,Licensed under Creative Commons Attribution 4.0 International (CC BY 4.0),https://openchargemap.org/site/poi/details/272637,True
ocm,,"250 Comur St, Yass, 2582",chargefox,4,DC,47 kW,-34.84551056,148.9151892,Yass Valley Council,2582,Existing Fast Chargers,101,Capital Region,New South Wales,ev_00370,"-34.845511,148.915189",matched,43.75,nearby_identity,307990,Woolworths Yass,"Comur Street, Yass",Chargefox,CCS (Type 2),,Public - Membership Required,,4,Operational,2025-01-23T07:44:00Z,Open Charge Map Contributors,Licensed under Creative Commons Attribution 4.0 International (CC BY 4.0),https://openchargemap.org/site/poi/details/307990,True
ocm,,"253 Pacific Hwy, Coffs Harbour, 2450",tesla motors,12,DC,130 kW,-30.28143948,153.1316667,Coffs Harbour City Council,2450,Existing Fast Chargers,104,Coffs Harbour - Grafton,New South Wales,ev_00374,"-30.281439,153.131667",matched,0.09,nearby_identity,97619,Coffs Harbour Supercharger [Tesla],"253 Pacific Highway, Coffs Harbour, 2450",Tesla (Tesla-only charging),CCS (Type 2),$0.52/kWh,Public - Membership Required,,6,Operational,2021-12-19T01:50:00Z,Open Charge Map Contributors,Licensed under Creative Commons Attribution 4.0 International (CC BY 4.0),https://openchargemap.org/site/poi/details/97619,True
ocm,,"260A Liverpool Rd, Ashfield NSW 2131",evie networks,4,DC,50 kW,-33.889564,151.123599,Inner West Council,2131,ARENA - Driving the Nation,120,Sydney - Inner West,New South Wales,ev_00384,"-33.889564,151.123599",matched,0.04,nearby_identity,272641,Ashfield Mall,"260A Liverpool Rd, Ashfield, 2131",Evie,CCS (Type 2); CHAdeMO,,Public - Membership Required,,2,Operational,2023-07-15T13:50:00Z,Open Charge Map Contributors,Licensed under Creative Commons Attribution 4.0 International (CC BY 4.0),https://openchargemap.org/site/poi/details/272641,True
ocm,,"29-55 Twynam St, Narrandera, 2700",nrma electric,4,DC,180 kW,-34.74649754,146.5500761,Narrandera Shire Council,2700,Existing Fast Chargers,113,Riverina,New South Wales,ev_00408,"-34.746498,146.550076",matched,16.95,nearby_identity,126130,Narrandera Marie Bashir Park [NRMA],"31 Twynam Street, Narrandera, 2700",NRMA,CCS (Type 2); CHAdeMO,$0.66/kWh,Public - Membership Required,,1,Operational,2024-11-12T12:09:00Z,Open Charge Map Contributors,Licensed under Creative Commons Attribution 4.0 International (CC BY 4.0),https://openchargemap.org/site/poi/details/126130,True
ocm,,"2A Beach Rd, Batemans Bay, 2536",nrma electric,2,DC,50 kW,-35.70851156,150.1753874,Eurobodalla Shire Council,2536,Existing Fast Chargers,101,Capital Region,New South Wales,ev_00412,"-35.708512,150.175387",matched,12.91,nearby_identity,157566,Batemans Bay Visitor Centre [NRMA],"2A Beach Road, Batemans Bay, 2536",NRMA,CCS (Type 2); CHAdeMO,,Public,,1,Operational,2021-12-19T02:29:00Z,Open Charge Map Contributors,Licensed under Creative Commons Attribution 4.0 International (CC BY 4.0),https://openchargemap.org/site/poi/details/157566,True
ocm,,"3 Broomfield St, Cobar, NSW 2835, Australia",nrma electric,2,DC,50 kW,-30.08825,145.9351051,Cobar Shire Council,2840,TfNSW Regional,105,Far West and Orana,New South Wales,ev_00416,"-30.088250,145.935105",matched,0.48,nearby_identity,190681,Bourke [NRMA],"15 Mitchell St, Bourke, 2840",NRMA,CCS (Type 2); CHAdeMO,"Free currently, join NRMA as a thank you.",Public,,1,Planned For Future Date,2021-12-17T03:45:00Z,Open Charge Map Contributors,Licensed under Creative Commons Attribution 4.0 International (CC BY 4.0),https://openchargemap.org/site/poi/details/190681,True
ocm,,"32 Sydney St, Tarcutta, 2652",evie networks,4,DC,350 kW,-35.2771512,147.7360881,Wagga Wagga City Council,2652,Existing Fast Chargers,113,Riverina,New South Wales,ev_00455,"-35.277151,147.736088",matched,4.59,nearby_identity,190351,Tarcutta Roadhouse [Evie],"32 Sydney Street, Tarcutta",Evie,CCS (Type 2); CHAdeMO,65c per kwH energy consumed.,Public - Membership Required,,2,Operational,2023-07-12T22:53:00Z,Open Charge Map Contributors,Licensed under Creative Commons Attribution 4.0 International (CC BY 4.0),https://openchargemap.org/site/poi/details/190351,True
ocm,,"322 Woodville Rd, Guildford NSW 2161",evie networks,4,DC,50 kW,-33.8521028,150.9955836,Cumberland Council,2161,ARENA - Driving the Nation,125,Sydney - Parramatta,New South Wales,ev_00457,"-33.852103,150.995584",matched,82.95,nearby_identity,272700,Red Rooster Guildford,"322 Woodville Road, Guildford, 2161",Evie,CCS (Type 2); CHAdeMO,,Public - Membership Required,,2,Operational,2023-07-17T06:55:00Z,Open Charge Map Contributors,Licensed under Creative Commons Attribution 4.0 International (CC BY 4.0),https://openchargemap.org/site/poi/details/272700,True
ocm,,"329-339 Princes Hwy, Sydney, 2044",bp,2,DC,75 kW,-33.91611516,151.1728939,Inner West Council,2044,Existing Fast Chargers,117,Sydney - City and Inner South,New South Wales,ev_00461,"-33.916115,151.172894",matched,25.91,nearby_identity,273427,bp pulse Sydenham,"339 Princes Hwy, St Peters, 2044",BP Pulse (AU),CCS (Type 2),55c/kWh,Public - Membership Required,,2,Operational,2023-08-09T11:35:00Z,Open Charge Map Contributors,Licensed under Creative Commons Attribution 4.0 International (CC BY 4.0),https://openchargemap.org/site/poi/details/273427,True
ocm,,"34 Annie Pyers Dr, Gundagai, 2722",tesla motors,12,DC,130 kW,-35.00212117,148.1098549,Cootamundra-gundagai Regional Council,2722,Existing Fast Chargers,113,Riverina,New South Wales,ev_00470,"-35.002121,148.109855",matched,7.4,nearby_identity,79760,Gundagai Supercharger [Tesla],"34 Annie Pyers Drive, Gundagai, 2722",Tesla (Tesla-only charging),CCS (Type 2),$0.52/kWh,Public - Membership Required,,6,Operational,2021-12-19T02:16:00Z,Open Charge Map Contributors,Licensed under Creative Commons Attribution 4.0 International (CC BY 4.0),https://openchargemap.org/site/poi/details/79760,True
ocm,,"37 Nabiac St, Nabiac, 2312",nrma electric,2,DC,50 kW,-32.09907112,152.3815746,Mid-Coast Council,2312,Existing Fast Chargers,108,Mid North Coast,New South Wales,ev_00496,"-32.099071,152.381575",matched,20.12,nearby_identity,161993,Nabiac [NRMA],"Nabiac Street, Nabiac, 2312",NRMA,CCS (Type 2); CHAdeMO,$0.74/kWh,Public,,4,Operational,2026-07-14T23:37:00Z,Open Charge Map Contributors,Licensed under Creative Commons Attribution 4.0 International (CC BY 4.0),https://openchargemap.org/site/poi/details/161993,True
ocm,,"38 Swift St, Holbrook, 2644",tesla motors,9,DC,250 kW,-35.72254759,147.3175105,Greater Hume Shire Council,2644,Existing Fast Chargers,109,Murray,New South Wales,ev_00503,"-35.722548,147.317510",matched,49.15,nearby_identity,296044,Tesla Supercharger Holbrook,"Swift Street, Holbrook, 2644",Tesla (Tesla-only charging),CCS (Type 2),$0.69 / kWh,Public - Membership Required,,1,Operational,2024-03-06T09:49:00Z,Open Charge Map Contributors,Licensed under Creative Commons Attribution 4.0 International (CC BY 4.0),https://openchargemap.org/site/poi/details/296044,True
ocm,,"401 Cabramatta Rd W, Cabramatta NSW 2166",evie networks,4,DC,50 kW,-33.898778,150.919791,Fairfield City Council,2166,ARENA - Driving the Nation,127,Sydney - South West,New South Wales,ev_00528,"-33.898778,150.919791",matched,14.32,nearby_identity,191161,Evie Cabramatta,"Hungry Jacks, 401 Cabramatta Road, Cabramatta",Evie,CCS (Type 2); CHAdeMO,$0.40/kWh,Public - Membership Required,,2,Operational,2023-07-15T14:01:00Z,Open Charge Map Contributors,Licensed under Creative Commons Attribution 4.0 International (CC BY 4.0),https://openchargemap.org/site/poi/details/191161,True
ocm,,"403 Tarean Rd, Karuah, 2324",chargefox,6,DC,185 kW,-32.6538509,151.9625806,Port Stephens Council,2324,Existing Fast Chargers,106,Hunter Valley exc Newcastle,New South Wales,ev_00529,"-32.653851,151.962581",matched,23.65,nearby_identity,172919,Karuah [Chargefox],"403 Tarean Road, Karuah, 2324",Chargefox,CCS (Type 2); CHAdeMO,$0.45 - $0.60/kWh,Public - Membership Required,,3,Operational,2024-05-28T05:36:00Z,Open Charge Map Contributors,Licensed under Creative Commons Attribution 4.0 International (CC BY 4.0),https://openchargemap.org/site/poi/details/172919,True
ocm,,"44 Bangalow Rd, Ballina, 2478",chargefox,4,DC,120 kW,-28.85743948,153.5614054,Ballina Shire Council,2478,Existing Fast Chargers,112,Richmond - Tweed,New South Wales,ev_00551,"-28.857439,153.561405",matched,35.19,nearby_identity,190225,NRMA Ballina,"44 Bangalow Road, Ballina, 2478",Chargefox,CCS (Type 2); CHAdeMO,"Ultra-Rapid: $0.60/kWh, Rapid: $0.40/kWh",Public - Membership Required,,3,Partly Operational (Mixed),2023-07-13T11:04:00Z,Open Charge Map Contributors,Licensed under Creative Commons Attribution 4.0 International (CC BY 4.0),https://openchargemap.org/site/poi/details/190225,True
ocm,,"44 Molesworth St, Lismore, 2480",chargefox,2,DC,75 kW,-28.80654859,153.2786376,Lismore City Council,2480,Existing Fast Chargers,112,Richmond - Tweed,New South Wales,ev_00555,"-28.806549,153.278638",matched,31.19,nearby_identity,273220,Lismore City Council,"44 Molesworth St, Lismore, 2480",Chargefox,CCS (Type 2); CHAdeMO,$0.50 per kWh,Public - Membership Required,,1,Operational,2025-09-05T00:49:00Z,Open Charge Map Contributors,Licensed under Creative Commons Attribution 4.0 International (CC BY 4.0),https://openchargemap.org/site/poi/details/273220,True
ocm,,"4-6 New St, Lawson NSW 2783",evie networks,4,DC,50 kW,-33.720695,150.429727,Blue Mountains City Council,2783,ARENA - Driving the Nation,124,Sydney - Outer West and Blue Mountains,New South Wales,ev_00565,"-33.720695,150.429727",matched,1.77,nearby_identity,266540,Evie Lawson,"4-6 New Street, Lawson, 2783",Evie,CCS (Type 2); CHAdeMO,$0.45 per kWh.,Public,,2,Operational,2023-07-15T13:41:00Z,Open Charge Map Contributors,Licensed under Creative Commons Attribution 4.0 International (CC BY 4.0),https://openchargemap.org/site/poi/details/266540,True
ocm,,"4-6 Niangala Cl, Belrose NSW 2085",evie networks,4,DC,50 kW,-33.703313,151.213158,Northern Beaches Council,2085,ARENA - Driving the Nation,122,Sydney - Northern Beaches,New South Wales,ev_00566,"-33.703313,151.213158",matched,31.1,nearby_identity,272633,Belrose Home,"4-6 Niangala Close, Belrose, 2085",Evie,CCS (Type 2); CHAdeMO,,Public - Membership Required,,2,Operational,2023-07-15T12:14:00Z,Open Charge Map Contributors,Licensed under Creative Commons Attribution 4.0 International (CC BY 4.0),https://openchargemap.org/site/poi/details/272633,True
ocm,,"528 John Oxley Dr, Thrumster, 2444",nrma electric,2,DC,50 kW,-31.45803208,152.8274244,Port Macquarie-Hastings Council,2444,Existing Fast Chargers,108,Mid North Coast,New South Wales,ev_00606,"-31.458032,152.827424",matched,27.85,nearby_identity,172920,Sovereign Place [NRMA],"John Oxley Drive, Thrumster, 2444",NRMA,CCS (Type 2),$0.64/kWh,Public,,2,Operational,2026-07-14T23:42:00Z,Open Charge Map Contributors,Licensed under Creative Commons Attribution 4.0 International (CC BY 4.0),https://openchargemap.org/site/poi/details/172920,True
ocm,,"53A Orient St, Batemans Bay, 2536",evie networks,2,DC,50 kW,-35.71073278,150.1776366,Eurobodalla Shire Council,2536,Existing Fast Chargers,101,Capital Region,New South Wales,ev_00612,"-35.710733,150.177637",matched,89.64,nearby_identity,190706,Dan Murphy's,"51 Orient Street, Batemans Bay, 2536",Evie,CCS (Type 2); CHAdeMO,50c per kWh energy consumed.,Public - Membership Required,,1,Operational,2023-07-12T22:38:00Z,Open Charge Map Contributors,Licensed under Creative Commons Attribution 4.0 International (CC BY 4.0),https://openchargemap.org/site/poi/details/190706,True
ocm,,"54-76 Captain Cook Dr, Caringbah NSW 2229",evie networks,4,DC,75 kW,-34.0329857,151.1250638,Wollondilly Shire Council,2229,ARENA - Driving the Nation,128,Sydney - Sutherland,New South Wales,ev_00617,"-34.032986,151.125064",matched,13.88,nearby_identity,272635,BP Caringbah,"54-76 Captain Cook Drive, Caringbah, 2229",Evie,CCS (Type 2); CHAdeMO,,Public - Membership Required,,2,Operational,2023-07-15T12:20:00Z,Open Charge Map Contributors,Licensed under Creative Commons Attribution 4.0 International (CC BY 4.0),https://openchargemap.org/site/poi/details/272635,True
ocm,,"56 Morpeth St, Harwood, 2465",tesla motors,8,DC,130 kW,-29.42699904,153.2391471,Clarence Valley Council,2465,Existing Fast Chargers,104,Coffs Harbour - Grafton,New South Wales,ev_00627,"-29.426999,153.239147",matched,9.53,nearby_identity,171146,Maclean Supercharger,"56 Morpeth St., Harwood, 2465",Tesla (Tesla-only charging),CCS (Type 2),AUD 0.42/kWh;other tariffs for older cars,Public - Membership Required,,4,Operational,2020-12-22T06:35:00Z,Open Charge Map Contributors,Licensed under Creative Commons Attribution 4.0 International (CC BY 4.0),https://openchargemap.org/site/poi/details/171146,True
ocm,,"58 Phillip St, West Tamworth, 2340",tesla motors,8,DC,130 kW,-31.10164969,150.9171261,Tamworth Regional Council,2340,Existing Fast Chargers,110,New England and North West,New South Wales,ev_00636,"-31.101650,150.917126",matched,20.67,nearby_identity,113602,Tamworth Supercharger,"West Tamworth League Club, 21 Park Street, Tamworth, 2340",Tesla (Tesla-only charging),CCS (Type 2),AUD 0.42/kWh;other tariffs for older cars,Public,,4,Operational,2019-03-22T18:24:00Z,Open Charge Map Contributors,Licensed under Creative Commons Attribution 4.0 International (CC BY 4.0),https://openchargemap.org/site/poi/details/113602,True
ocm,,"580 Princes Hwy, Sydney, 2232",tesla motors,6,DC,250 kW,-34.03339744,151.0731502,Sutherland Shire Council,2232,Existing Fast Chargers,128,Sydney - Sutherland,New South Wales,ev_00638,"-34.033397,151.073150",matched,77.03,nearby_identity,191280,Tesla Supercharger South Village,"Princes Highway, Kirrawee, 2232",Tesla (Tesla-only charging),CCS (Type 2),$0.52/kWh,Public - Membership Required,,6,Operational,2022-02-02T13:08:00Z,Open Charge Map Contributors,Licensed under Creative Commons Attribution 4.0 International (CC BY 4.0),https://openchargemap.org/site/poi/details/191280,True
ocm,,"59-61 Pacific Hwy Cnr Unwin Rd, Waitara, NSW, 2077",ampol,2,DC,125 kW,-33.7105301,151.1024488,"Hornsby, The Council of the Shire of",2077,ARENA - Driving the Nation,121,Sydney - North Sydney and Hornsby,New South Wales,ev_00643,"-33.710530,151.102449",matched,10.01,nearby_identity,278525,Ampol Waitara,"Corner Pacific Highway, Unwin Road, Waitara, 2077",Ampol AmpCharge,CCS (Type 2),,Public - Membership Required,,1,Planned For Future Date,2023-10-09T02:47:00Z,Open Charge Map Contributors,Licensed under Creative Commons Attribution 4.0 International (CC BY 4.0),https://openchargemap.org/site/poi/details/278525,True
ocm,,"6 Boundary St, Sydney, 2081",chargefox,2,DC,75 kW,-33.62137942,151.1494484,"Hornsby, The Council of the Shire of",2081,Existing Fast Chargers,121,Sydney - North Sydney and Hornsby,New South Wales,ev_00647,"-33.621379,151.149448",matched,0.07,nearby_identity,272620,Berowra Tennis Centre,"6 Boundary Street, Berowra, 2081",Chargefox,CCS (Type 2),$0.60/kWh,Public - Membership Required,,2,Operational,2023-07-15T09:11:00Z,Open Charge Map Contributors,Licensed under Creative Commons Attribution 4.0 International (CC BY 4.0),https://openchargemap.org/site/poi/details/272620,True
ocm,,"6 Myahgah Rd, Sydney, 2088",evie networks,2,DC,50 kW,-33.82554959,151.2414274,Mosman Municipal Council,2088,Existing Fast Chargers,121,Sydney - North Sydney and Hornsby,New South Wales,ev_00653,"-33.825550,151.241427",matched,12.23,nearby_identity,191164,Evie Mosman,"6 Myahgah Road, Mosman",Evie,CCS (Type 2); CHAdeMO,$0.40/kWh,Public - Membership Required,,1,Operational,2023-07-16T22:01:00Z,Open Charge Map Contributors,Licensed under Creative Commons Attribution 4.0 International (CC BY 4.0),https://openchargemap.org/site/poi/details/191164,True
ocm,,"7 Bungan St, Sydney, 2103",jolt,2,DC,25 kW,-33.6760501,151.3031301,Northern Beaches Council,2103,Existing Fast Chargers,122,Sydney - Northern Beaches,New South Wales,ev_00681,"-33.676050,151.303130",matched,11.89,nearby_identity,190757,Mona Vale [JOLT],"2 Bungan St, Mona Vale, 2103",Jolt,CCS (Type 2); CHAdeMO,$0.00/kWh up to 7 kWh then $0.46/kWh,Public - Membership Required,,1,Operational,2023-02-11T08:43:00Z,Open Charge Map Contributors,Licensed under Creative Commons Attribution 4.0 International (CC BY 4.0),https://openchargemap.org/site/poi/details/190757,True
ocm,,"7 Tank St, Lithgow, 2790",nrma electric,4,DC,50 kW,-33.47800605,150.1611241,"Lithgow Council, City of",2790,Existing Fast Chargers,103,Central West,New South Wales,ev_00687,"-33.478006,150.161124",matched,7.72,nearby_identity,154488,Lithgow Workmen's Club,"Tank St, Lithgow",NRMA,CCS (Type 2); CHAdeMO,60c / 54c for members of NRMA,Public,,2,Operational,2024-06-14T12:05:00Z,Open Charge Map Contributors,Licensed under Creative Commons Attribution 4.0 International (CC BY 4.0),https://openchargemap.org/site/poi/details/154488,True
ocm,,"73 Belmore Road, Randwick NSW 2031",evie networks,4,DC,50 kW,-33.915171,151.241129,Randwick City Council,2031,ARENA - Driving the Nation,118,Sydney - Eastern Suburbs,New South Wales,ev_00698,"-33.915171,151.241129",matched,14.6,nearby_identity,272630,Royal Randwick,"73 Belmore Road, Randwick, 2031",Evie,CCS (Type 2); CHAdeMO,,Public - Membership Required,,2,Operational,2023-07-15T12:06:00Z,Open Charge Map Contributors,Licensed under Creative Commons Attribution 4.0 International (CC BY 4.0),https://openchargemap.org/site/poi/details/272630,True
ocm,,"76 Cowper St, Wallsend, 2287",nrma electric,4,DC,50 kW,-32.90272177,151.6697678,Newcastle City Council,2287,Existing Fast Chargers,111,Newcastle and Lake Macquarie,New South Wales,ev_00704,"-32.902722,151.669768",matched,26.25,nearby_identity,148545,Wallsend [NRMA],"76 Cowper Street, Wallsend, 2287",NRMA,CCS (Type 2); CHAdeMO,Currently free but will be fee at some point.,Public,,1,Operational,2021-12-19T02:07:00Z,Open Charge Map Contributors,Licensed under Creative Commons Attribution 4.0 International (CC BY 4.0),https://openchargemap.org/site/poi/details/148545,True
ocm,,"76 Wingewarra St, Dubbo, 2830",tesla motors,8,DC,130 kW,-32.24995,148.6091822,Dubbo Regional Council,2830,Existing Fast Chargers,105,Far West and Orana,New South Wales,ev_00706,"-32.249950,148.609182",matched,0.02,nearby_identity,121546,Dubbo Supercharger [Tesla],"76 Wingewarra Street, Dubbo, 2830",Tesla (including non-tesla),CCS (Type 2),$0.52/kWh,Public - Membership Required,,4,Operational,2023-08-30T06:19:00Z,Open Charge Map Contributors,Licensed under Creative Commons Attribution 4.0 International (CC BY 4.0),https://openchargemap.org/site/poi/details/121546,True
ocm,,"77 Darling St, Cowra, 2794",nrma electric,2,DC,50 kW,-33.83451056,148.6935365,Cowra Shire Council,2794,Existing Fast Chargers,103,Central West,New South Wales,ev_00708,"-33.834511,148.693536",matched,89.38,nearby_identity,156010,Cowra Regional Art Gallery,"77 Darling Street, Cowra, 2794",NRMA,CCS (Type 2),$0.74/kWh,Public,,2,Operational,2026-07-15T01:03:00Z,Open Charge Map Contributors,Licensed under Creative Commons Attribution 4.0 International (CC BY 4.0),https://openchargemap.org/site/poi/details/156010,True
ocm,,"78 Great Western Hwy Cnr Ross St, Glenbrook, NSW, 2773",ampol,2,DC,125 kW,-33.7653881,150.6214758,Blue Mountains City Council,2773,ARENA - Driving the Nation,124,Sydney - Outer West and Blue Mountains,New South Wales,ev_00713,"-33.765388,150.621476",matched,7.92,nearby_identity,297042,AmpCharge Charging Station,"78 Great Western Highway, Glenbrook, 2773",Ampol AmpCharge,CCS (Type 2); CHAdeMO,,Public - Membership Required,,1,Operational,2024-03-30T04:59:00Z,Open Charge Map Contributors,Licensed under Creative Commons Attribution 4.0 International (CC BY 4.0),https://openchargemap.org/site/poi/details/297042,True
ocm,,"81 Meehan St, Yass NSW 2582, Australia",nrma electric,2,DC,50 kW,-34.428348,150.9001506,Yass Valley Council,2500,TfNSW Regional,107,Illawarra,New South Wales,ev_00730,"-34.428348,150.900151",matched,8.32,nearby_identity,191177,Stewart Street Carpark [NRMA],"17 Stewart Street, Wollongong, 2500",NRMA,CCS (Type 2); CHAdeMO,FREE,Public,,2,Operational,2023-02-20T17:51:00Z,Open Charge Map Contributors,Licensed under Creative Commons Attribution 4.0 International (CC BY 4.0),https://openchargemap.org/site/poi/details/191177,True
ocm,,"82A O'Connell St, Sydney, 2747",evie networks,2,DC,50 kW,-33.76927632,150.7354595,Penrith City Council,2747,Existing Fast Chargers,124,Sydney - Outer West and Blue Mountains,New South Wales,ev_00736,"-33.769276,150.735459",matched,51.3,nearby_identity,191163,"Evie Caddens Corner, Kingswood.","82a O’Connell Street, Kinswoid",Evie,CCS (Type 2); CHAdeMO,DC $0.40/kWh AC $0.35/kWh,Public - Membership Required,,2,Operational,2023-07-15T13:55:00Z,Open Charge Map Contributors,Licensed under Creative Commons Attribution 4.0 International (CC BY 4.0),https://openchargemap.org/site/poi/details/191163,True
ocm,,"85/91 Commissioner St, Cooma, 2630",tesla motors,8,DC,150 kW,-36.23552257,149.1267948,Snowy Monaro Regional Council,2630,Existing Fast Chargers,101,Capital Region,New South Wales,ev_00739,"-36.235523,149.126795",matched,0.1,nearby_identity,90199,Cooma Supercharger,"85-91 Commissioner Street, Cooma, NSW 2630",Tesla (Tesla-only charging),CCS (Type 2),AUD 0.42/kWh;other tariffs for older cars,Public - Membership Required,,4,Operational,2019-03-22T18:03:00Z,Open Charge Map Contributors,Licensed under Creative Commons Attribution 4.0 International (CC BY 4.0),https://openchargemap.org/site/poi/details/90199,True
ocm,,"88 Christie St, St Leonards NSW 2065",evie networks,4,DC,50 kW,-33.82378797,151.1951941,North Sydney Council,2065,ARENA - Driving the Nation,121,Sydney - North Sydney and Hornsby,New South Wales,ev_00750,"-33.823788,151.195194",matched,14.64,nearby_identity,272632,Civic Plaza 88 Christie,"88 Christie St, St Leonards, 2065",Evie,CCS (Type 2); CHAdeMO,,Public - Membership Required,,2,Operational,2023-07-15T12:12:00Z,Open Charge Map Contributors,Licensed under Creative Commons Attribution 4.0 International (CC BY 4.0),https://openchargemap.org/site/poi/details/272632,True
ocm,,"89 Market St, Balranald, 2715",nrma electric,2,DC,50 kW,-34.63954159,143.5647087,Balranald Shire Council,2715,Existing Fast Chargers,109,Murray,New South Wales,ev_00756,"-34.639542,143.564709",matched,20.86,nearby_identity,190671,Balranald [NRMA],"89 Market Street, Balranald, 2715",NRMA,CCS (Type 2); CHAdeMO,FREE,Public - Membership Required,,1,Operational,2021-12-17T02:52:00Z,Open Charge Map Contributors,Licensed under Creative Commons Attribution 4.0 International (CC BY 4.0),https://openchargemap.org/site/poi/details/190671,True
ocm,,"895 South Dowling St, Sydney, 2017",chargefox,3,DC,165 kW,-33.90701506,151.213019,"Sydney, Council of the City of",2017,Existing Fast Chargers,117,Sydney - City and Inner South,New South Wales,ev_00759,"-33.907015,151.213019",matched,15.67,nearby_identity,191062,Audi Centre Sydney,"895 South Dowling Street, Zetland, 2017",Chargefox,CCS (Type 2),$0.70/kWh,Public - Membership Required,,1,Operational,2023-07-13T10:51:00Z,Open Charge Map Contributors,Licensed under Creative Commons Attribution 4.0 International (CC BY 4.0),https://openchargemap.org/site/poi/details/191062,True
ocm,,"9 Eastern Valley Way, Northbridge NSW 2063",evie networks,4,DC,50 kW,-33.809326,151.208848,North Sydney Council,2063,ARENA - Driving the Nation,121,Sydney - North Sydney and Hornsby,New South Wales,ev_00764,"-33.809326,151.208848",matched,24.34,nearby_identity,272694,Northbridge Plaza,"9 Eastern Valley Way, Northbridge, 2063",Evie,CCS (Type 2); CHAdeMO,,Public - Membership Required,,1,Operational,2023-07-16T23:09:00Z,Open Charge Map Contributors,Licensed under Creative Commons Attribution 4.0 International (CC BY 4.0),https://openchargemap.org/site/poi/details/272694,True
ocm,,"91 Spring St, Sydney, 2022",evie networks,4,DC,75 kW,-33.89264569,151.2481672,Waverley Council,2022,Existing Fast Chargers,118,Sydney - Eastern Suburbs,New South Wales,ev_00772,"-33.892646,151.248167",matched,37.97,nearby_identity,272634,Eastgate Bondi Junction,"91 Spring St , NSW 2022, Bondi Junction, 2022",Evie,CCS (Type 2); CHAdeMO,,Public - Membership Required,,2,Operational,2023-07-15T12:17:00Z,Open Charge Map Contributors,Licensed under Creative Commons Attribution 4.0 International (CC BY 4.0),https://openchargemap.org/site/poi/details/272634,True
ocm,,"93 Byamee St, Dapto NSW 2530",evie networks,4,DC,50 kW,-34.494604,150.795725,Wollongong City Council,2530,ARENA - Driving the Nation,107,Illawarra,New South Wales,ev_00777,"-34.494604,150.795725",matched,47.2,nearby_identity,272496,Evie Dapto Mall,"Moombara Street, Dapto, 2530",Evie,CCS (Type 2); CHAdeMO,50c per kWh energy consumed.,Public - Membership Required,,2,Operational,2023-07-12T21:47:00Z,Open Charge Map Contributors,Licensed under Creative Commons Attribution 4.0 International (CC BY 4.0),https://openchargemap.org/site/poi/details/272496,True
ocm,,"9-49 Chapel Rd, Bankstown NSW 2200",evie networks,4,DC,50 kW,-33.931975,151.030127,Canterbury Bankstown Council,2200,ARENA - Driving the Nation,119,Sydney - Inner South West,New South Wales,ev_00783,"-33.931975,151.030127",matched,5.12,nearby_identity,191160,Bankstown [Evie],"9-49 Chapel Road, Bankstown",Evie,CCS (Type 2); CHAdeMO,$0.40/kWh,Public - Membership Required,,2,Operational,2023-07-16T12:30:00Z,Open Charge Map Contributors,Licensed under Creative Commons Attribution 4.0 International (CC BY 4.0),https://openchargemap.org/site/poi/details/191160,True
ocm,,"B640 Princes Hwy, Berry, 2535",tesla motors,12,DC,130 kW,-34.80794299,150.637044,Shoalhaven City Council,2535,Existing Fast Chargers,114,Southern Highlands and Shoalhaven,New South Wales,ev_00805,"-34.807943,150.637044",matched,46.05,nearby_identity,128374,Berry Supercharger,"B640 Princes Highway, Berry",Tesla (including non-tesla),CCS (Type 2),AUD 0.42/kWh;other tariffs for older cars,Public - Membership Required,,6,Operational,2023-08-30T06:17:00Z,Open Charge Map Contributors,Licensed under Creative Commons Attribution 4.0 International (CC BY 4.0),https://openchargemap.org/site/poi/details/128374,True
ocm,,"Car Park behind the Civic Centre, Orange, 2800",nrma electric,2,DC,50 kW,-33.28142647,149.1027898,Orange City Council,2800,Existing Fast Chargers,103,Central West,New South Wales,ev_00821,"-33.281426,149.102790",matched,1.91,nearby_identity,191954,Orange Civic Theatre,"Orange Civic Theatre, Orange, 2800",NRMA,CCS (Type 2); CHAdeMO,FREE,Public - Membership Required,,1,Operational,2022-03-10T22:21:00Z,Open Charge Map Contributors,Licensed under Creative Commons Attribution 4.0 International (CC BY 4.0),https://openchargemap.org/site/poi/details/191954,True
ocm,,"Corner of Snowy River Avenue and Kalkite St, Jindabyne, 2627",nrma electric,4,DC,50 kW,-36.415952,148.6198038,Snowy Monaro Regional Council,2627,Existing Fast Chargers,101,Capital Region,New South Wales,ev_00839,"-36.415952,148.619804",matched,6.24,nearby_identity,190861,Snowy River Ave Car Park,"3 Snowy River Ave, Jindabyne, 2627",NRMA,CCS (Type 2); CHAdeMO,$0.64/kWh,Public,,2,Operational,2026-07-15T01:28:00Z,Open Charge Map Contributors,Licensed under Creative Commons Attribution 4.0 International (CC BY 4.0),https://openchargemap.org/site/poi/details/190861,True
ocm,,"Dalton St, Parkes, 2870",nrma electric,2,DC,75 kW,-33.13720725,148.1726176,Parkes Shire Council,2870,Existing Fast Chargers,103,Central West,New South Wales,ev_00843,"-33.137207,148.172618",matched,23.08,nearby_identity,191956,NRMA Parkes,"Bogan Street, Parkes, 2870",NRMA,CCS (Type 2); CHAdeMO,FREE,Public - Membership Required,,1,Operational,2022-03-10T22:21:00Z,Open Charge Map Contributors,Licensed under Creative Commons Attribution 4.0 International (CC BY 4.0),https://openchargemap.org/site/poi/details/191956,True
ocm,,"Dorhauer Ln, Sydney, 2025",evie networks,2,DC,75 kW,-33.88851356,151.2376316,Woollahra Municipal Council,2025,Existing Fast Chargers,118,Sydney - Eastern Suburbs,New South Wales,ev_00850,"-33.888514,151.237632",matched,5.47,nearby_identity,272689,Dorhauer Lane,"Dorhauer Lane, Woollahra, 2025",Evie,CCS (Type 2); CHAdeMO,,Public - Membership Required,,1,Operational,2023-07-16T22:09:00Z,Open Charge Map Contributors,Licensed under Creative Commons Attribution 4.0 International (CC BY 4.0),https://openchargemap.org/site/poi/details/272689,True
ocm,,"f 419 Hinterland Wy, Knockrow, 2479",tesla motors,12,DC,130 kW,-28.74953958,153.5347227,Ballina Shire Council,2479,Existing Fast Chargers,112,Richmond - Tweed,New South Wales,ev_00853,"-28.749540,153.534723",matched,0.09,nearby_identity,79243,Knockrow Supercharger,"419 Hinterland Way, Knockrow, 2479",Tesla (including non-tesla),CCS (Type 2),AUD 0.42/kWh;other tariffs for older cars,Public - Membership Required,,6,Operational,2023-08-30T06:20:00Z,Open Charge Map Contributors,Licensed under Creative Commons Attribution 4.0 International (CC BY 4.0),https://openchargemap.org/site/poi/details/79243,True
ocm,,"Hassall St, Sydney, 2142",bp,4,DC,150 kW,-33.81961366,151.0213463,"Parramatta, Council of the City of",2142,Existing Fast Chargers,125,Sydney - Parramatta,New South Wales,ev_00868,"-33.819614,151.021346",matched,76.2,nearby_identity,273428,bp pulse Rosehill,"Hassall Street, Rosehill, 2142",BP Pulse (AU),CCS (Type 2),55c/kWh,Public - Membership Required,,2,Operational,2023-08-09T12:02:00Z,Open Charge Map Contributors,Licensed under Creative Commons Attribution 4.0 International (CC BY 4.0),https://openchargemap.org/site/poi/details/273428,True
ocm,,"Innovation Way, Wollongong, 2500",chargefox,3,DC,180 kW,-34.40008513,150.8996306,Wollongong City Council,2500,Existing Fast Chargers,107,Illawarra,New South Wales,ev_00879,"-34.400085,150.899631",matched,5.91,nearby_identity,131610,Innovation Campus - University of Wollongong,"Off Innovation Way, North Wollongong, 2500",Chargefox,CCS (Type 2),Free,Public,,2,Operational,2024-07-30T05:30:00Z,Open Charge Map Contributors,Licensed under Creative Commons Attribution 4.0 International (CC BY 4.0),https://openchargemap.org/site/poi/details/131610,True
ocm,,"Mortimer St, Mudgee, 2850",nrma electric,2,DC,50 kW,-32.59368073,149.5862633,Mid-Western Regional Council,2850,Existing Fast Chargers,103,Central West,New South Wales,ev_00910,"-32.593681,149.586263",matched,7.47,nearby_identity,191957,NRMA Mudgee,"Perry Street, Mudgee, 2850",NRMA,CCS (Type 2); CHAdeMO,60c / 54c for NRMA Members,Public,,1,Operational,2024-06-14T12:05:00Z,Open Charge Map Contributors,Licensed under Creative Commons Attribution 4.0 International (CC BY 4.0),https://openchargemap.org/site/poi/details/191957,True
ocm,,"Murray Rose Ave, Sydney, 2127",nrma electric,2,DC,50 kW,-33.84603808,151.0698058,"Parramatta, Council of the City of",2127,Existing Fast Chargers,125,Sydney - Parramatta,New South Wales,ev_00915,"-33.846038,151.069806",matched,4.72,nearby_identity,191394,NRMA Olympic Park,"9 Murray Rose Ave, Sydney Olympic Park, 2127",NRMA,CCS (Type 2); CHAdeMO,Free,Public,,1,Operational,2022-02-09T13:05:00Z,Open Charge Map Contributors,Licensed under Creative Commons Attribution 4.0 International (CC BY 4.0),https://openchargemap.org/site/poi/details/191394,True
ocm,,"Pacific Hwy, Boambee, 2450",chargefox,2,DC,270 kW,-30.31793098,153.0897227,Coffs Harbour City Council,2450,Existing Fast Chargers,104,Coffs Harbour - Grafton,New South Wales,ev_00927,"-30.317931,153.089723",matched,15.5,nearby_identity,172852,Coffs Harbour [Chargefox],"Pacific Highway, North Boambee Valley, 2450",Chargefox,CCS (Type 2); CHAdeMO,$0.60/kWh,Public,,2,Operational,2023-07-13T22:16:00Z,Open Charge Map Contributors,Licensed under Creative Commons Attribution 4.0 International (CC BY 4.0),https://openchargemap.org/site/poi/details/172852,True
ocm,,"Riverside Dr, Jugiong, 2726",nrma electric,2,DC,50 kW,-34.82342947,148.3257027,Hilltops Council,2726,Existing Fast Chargers,101,Capital Region,New South Wales,ev_00943,"-34.823429,148.325703",matched,30.2,nearby_identity,190358,Jugiong [NRMA],"319 Riverside Drive, Jugiong",NRMA,CCS (Type 2),$0.70/kWh,Public,,1,Operational,2026-07-15T01:53:00Z,Open Charge Map Contributors,Licensed under Creative Commons Attribution 4.0 International (CC BY 4.0),https://openchargemap.org/site/poi/details/190358,True
ocm,,"Rogan Ln, Young, 2594",nrma electric,2,DC,50 kW,-34.31177382,148.2950991,Hilltops Council,2594,Existing Fast Chargers,101,Capital Region,New South Wales,ev_00946,"-34.311774,148.295099",matched,10.79,nearby_identity,191958,NRMA Young,"88 Lovell Street, Young",NRMA,CCS (Type 2),$0.64/kWh,Public,,2,Operational,2026-07-15T02:03:00Z,Open Charge Map Contributors,Licensed under Creative Commons Attribution 4.0 International (CC BY 4.0),https://openchargemap.org/site/poi/details/191958,True
ocm,,"Shire St, West Wyalong, 2671",nrma electric,2,DC,50 kW,-33.92382187,147.2033794,Bland Shire Council,2671,Existing Fast Chargers,103,Central West,New South Wales,ev_00952,"-33.923822,147.203379",matched,34.06,nearby_identity,190669,West Wyalong [NRMA],"13-15 Shire St, West Wyalong NSW 2671, West Wyalong, 2671",NRMA,CCS (Type 2); CHAdeMO,$0.74/kWh,Public,,4,Operational,2026-07-15T02:13:00Z,Open Charge Map Contributors,Licensed under Creative Commons Attribution 4.0 International (CC BY 4.0),https://openchargemap.org/site/poi/details/190669,True
ocm,,"Short St, Mudgee, 2850",nrma electric,4,DC,125 kW,-32.58960965,149.5857578,Mid-Western Regional Council,2850,Existing Fast Chargers,103,Central West,New South Wales,ev_00954,"-32.589610,149.585758",matched,75.52,nearby_identity,274144,NRMA Short Street Car Park,"47 Short Street, Mudgee, 2850",NRMA,CCS (Type 2); CHAdeMO,60c / 54c for NRMA Members,Public,,4,Operational,2024-06-14T12:05:00Z,Open Charge Map Contributors,Licensed under Creative Commons Attribution 4.0 International (CC BY 4.0),https://openchargemap.org/site/poi/details/274144,True
ocm,,"Skillman's Lane, Coonamble, NSW 2829, Australia",nrma electric,4,DC,50 kW,-34.8411047,148.912197,Coonamble Shire Council,2582,TfNSW Regional,101,Capital Region,New South Wales,ev_00955,"-34.841105,148.912197",matched,22.81,nearby_identity,190005,Banjo Paterson Park [NRMA],"81 Meehan Street, Yass, 2582",NRMA,CCS (Type 2); CHAdeMO,FREE,Public - Membership Required,,1,Operational,2021-12-19T02:14:00Z,Open Charge Map Contributors,Licensed under Creative Commons Attribution 4.0 International (CC BY 4.0),https://openchargemap.org/site/poi/details/190005,True
ocm,,"Sommerlad Ln, Glen Innes, 2370",nrma electric,2,DC,50 kW,-29.73846351,151.7363083,Glen Innes Severn Council,2370,Existing Fast Chargers,110,New England and North West,New South Wales,ev_00959,"-29.738464,151.736308",matched,0.55,nearby_identity,266499,NRMA Glen Innes,"Sommerlad Lane, Glen Innes, 2370",NRMA,CCS (Type 2); CHAdeMO,FREE,Public - Membership Required,,1,Operational,2023-06-08T03:24:00Z,Open Charge Map Contributors,Licensed under Creative Commons Attribution 4.0 International (CC BY 4.0),https://openchargemap.org/site/poi/details/266499,True
ocm,,"Stuart St, Wagga Wagga, 2650",everty,2,DC,25 kW,-35.12347852,147.3992282,Wagga Wagga City Council,2650,Existing Fast Chargers,113,Riverina,New South Wales,ev_00960,"-35.123479,147.399228",matched,18.58,nearby_identity,306016,Middy's Wagga East,"Stuart Road, East Wagga Wagga, 2650",Everty,CCS (Type 2); CHAdeMO,$0.35/kWh,Public - Membership Required,,1,Operational,2024-12-08T01:54:00Z,Open Charge Map Contributors,Licensed under Creative Commons Attribution 4.0 International (CC BY 4.0),https://openchargemap.org/site/poi/details/306016,True
ocm,,"Sunset Blvd, Soldiers Point, 2317",chargefox,2,DC,24 kW,-32.70138843,152.0626466,Port Stephens Council,2317,Existing Fast Chargers,106,Hunter Valley exc Newcastle,New South Wales,ev_00961,"-32.701388,152.062647",matched,10.75,nearby_identity,273225,Soldiers Point Marina,"Sunset Blvd, Soldiers Point, 2317",Chargefox,CCS (Type 2); CHAdeMO,$0.45 per kWh,Public - Membership Required,,1,Operational,2023-07-29T10:08:00Z,Open Charge Map Contributors,Licensed under Creative Commons Attribution 4.0 International (CC BY 4.0),https://openchargemap.org/site/poi/details/273225,True
ocm,,"Vesper St, Batemans Bay, 2536",nrma electric,4,DC,75 kW,-35.7095526,150.173983,Eurobodalla Shire Council,2536,Existing Fast Chargers,101,Capital Region,New South Wales,ev_00970,"-35.709553,150.173983",matched,100.19,nearby_identity,209950,Batemans Bay Regional Arts Aquatic & Leisure Centre [NRMA],"12 Vesper Street, Batemans Bay, 2536",NRMA,CCS (Type 2); CHAdeMO,FREE,Public - Membership Required,,2,Operational,2022-11-16T10:13:00Z,Open Charge Map Contributors,Licensed under Creative Commons Attribution 4.0 International (CC BY 4.0),https://openchargemap.org/site/poi/details/209950,True
ocm,,"Walton Ln, Picton, 2571",nrma electric,2,DC,50 kW,-34.16828833,150.6109429,Wollondilly Shire Council,2571,Existing Fast Chargers,123,Sydney - Outer South West,New South Wales,ev_00974,"-34.168288,150.610943",matched,9.27,nearby_identity,161843,Picton [NRMA],"5 Walton Lane, Picton, 2571",NRMA,CCS (Type 2); CHAdeMO,Currently free but will be fee at some point,Public,,1,Operational,2021-12-19T02:10:00Z,Open Charge Map Contributors,Licensed under Creative Commons Attribution 4.0 International (CC BY 4.0),https://openchargemap.org/site/poi/details/161843,True
ocm,,"Wingewarra St, Dubbo, 2830",nrma electric,2,DC,50 kW,-32.24936341,148.6091872,Dubbo Regional Council,2830,Existing Fast Chargers,105,Far West and Orana,New South Wales,ev_00977,"-32.249363,148.609187",matched,15.76,nearby_identity,191955,NRMA Dubbo,"Wingewarra Street, Dubbo",NRMA,CCS (Type 2); CHAdeMO,FREE,Public - Membership Required,,1,Operational,2022-03-10T22:21:00Z,Open Charge Map Contributors,Licensed under Creative Commons Attribution 4.0 International (CC BY 4.0),https://openchargemap.org/site/poi/details/191955,True
ocm,,"Wyong Rd, Central Coast, 2261",bp,2,DC,75 kW,-33.36284489,151.4442893,Central Coast Council,2261,Existing Fast Chargers,102,Central Coast,New South Wales,ev_00980,"-33.362845,151.444289",matched,17.42,nearby_identity,266767,BP Pulse,"Cnr Mingara Dr & Wyong Rd, Tumbi Umbi, 2261",BP Pulse (AU),CCS (Type 2); CHAdeMO,$0.55/kwh,Public,,2,Operational,2023-08-09T11:36:00Z,Open Charge Map Contributors,Licensed under Creative Commons Attribution 4.0 International (CC BY 4.0),https://openchargemap.org/site/poi/details/266767,True
ocm,,188 Fernleigh Rd Glenfield Park NSW 2650 Australia,tesla motors,6,DC,175 kW,-35.1317745,147.3398455,Wagga Wagga City Council,2650,Fast Charging R1,113,Riverina,New South Wales,ev_01319,"-35.131774,147.339845",matched,81.08,nearby_identity,300153,Tesla Supercharger Wagga Wagga,"Fernleigh Road, Glenfield Park, Wagga Wagga, 2650",Tesla (including non-tesla),CCS (Type 2),$0.69/kWh,Public - Membership Required,,6,Operational,2024-06-25T11:19:00Z,Open Charge Map Contributors,Licensed under Creative Commons Attribution 4.0 International (CC BY 4.0),https://openchargemap.org/site/poi/details/300153,True
ocm,,2 Bridge Rd Griffith NSW 2680 Australia,tesla motors,6,DC,175 kW,-34.2922641,146.0507015,Griffith City Council,2680,Fast Charging R1,113,Riverina,New South Wales,ev_01337,"-34.292264,146.050702",matched,46.94,nearby_identity,306013,Griffith Leagues Club Southside,"2 Bridge Road, Griffith, 2680",Tesla (including non-tesla),CCS (Type 2),up to $0.92/kWh,Public - Membership Required,,6,Operational,2024-12-08T01:54:00Z,Open Charge Map Contributors,Licensed under Creative Commons Attribution 4.0 International (CC BY 4.0),https://openchargemap.org/site/poi/details/306013,True
ocm,,2 Moonee Beach Rd Moonee Beach NSW 2450 Australia,tesla motors,15,DC,175 kW,-30.204973,153.1501028,Coffs Harbour City Council,2450,Fast Charging R1,104,Coffs Harbour - Grafton,New South Wales,ev_01352,"-30.204973,153.150103",matched,68.14,nearby_identity,311704,Moonee Beach,"2 Moonee Beach Rd, Moonee Beach, 2450",Tesla (including non-tesla),CCS (Type 2),$0.56/kWh,Public - Membership Required,,15,Operational,2025-04-28T11:06:00Z,Open Charge Map Contributors,Licensed under Creative Commons Attribution 4.0 International (CC BY 4.0),https://openchargemap.org/site/poi/details/311704,True
ocm,,477 Coolac Rd Coolac NSW 2727 Australia,tesla motors,12,DC,175 kW,-34.9244264,148.1654233,Cootamundra-gundagai Regional Council,2727,Fast Charging R1,113,Riverina,New South Wales,ev_01558,"-34.924426,148.165423",matched,54.35,nearby_identity,461335,Tesla Supercharger Coolac,"477 Coolac Road, Coolac, 2727",Tesla (including non-tesla),CCS (Type 2),,Public - Membership Required,,12,Operational,2025-09-24T02:47:00Z,Open Charge Map Contributors,Licensed under Creative Commons Attribution 4.0 International (CC BY 4.0),https://openchargemap.org/site/poi/details/461335,True
ocm,,"481 Pacific Hwy, Wyoming NSW 2250, Australia",bp,6,DC,175 kW,-33.4082245,151.3511059,Central Coast Council,2250,Fast Charging R1,102,Central Coast,New South Wales,ev_01561,"-33.408225,151.351106",matched,24.2,nearby_identity,508148,Pacific Highway,"Pacific Highway, Wyoming, 2250",BP Pulse (AU),CCS (Type 2),55c/kWh,Public - Membership Required,,6,Operational,2026-09-09T01:02:00Z,Open Charge Map Contributors,Licensed under Creative Commons Attribution 4.0 International (CC BY 4.0),https://openchargemap.org/site/poi/details/508148,True
ocm,,618 Dean St Albury NSW 2640 Australia,tesla motors,16,DC,175 kW,-36.0796606,146.9138899,Albury City Council,2640,Fast Charging R1,109,Murray,New South Wales,ev_01627,"-36.079661,146.913890",matched,49.25,nearby_identity,300154,Tesla Supercharger Albury,"Stanley Street, Albury, 2640",Tesla (including non-tesla),CCS (Type 2),$0.69/kWh,Public - Membership Required,,12,Operational,2024-06-25T11:24:00Z,Open Charge Map Contributors,Licensed under Creative Commons Attribution 4.0 International (CC BY 4.0),https://openchargemap.org/site/poi/details/300154,True
ocm,,"68 Lead St, Yass NSW 2582, Australia",tesla motors,12,DC,175 kW,-34.8436036,148.9142289,Yass Valley Council,2582,Fast Charging R1,101,Capital Region,New South Wales,ev_01650,"-34.843604,148.914229",matched,25.08,nearby_identity,296045,Tesla Superchargers Yass,"Lead Street, Yass, 2582",Tesla (including non-tesla),CCS (Type 2),$0.52/kWh,Public - Membership Required,,1,Operational,2024-03-06T09:49:00Z,Open Charge Map Contributors,Licensed under Creative Commons Attribution 4.0 International (CC BY 4.0),https://openchargemap.org/site/poi/details/296045,True
ocm,,"Coonabarabran Visitor Cntr, Coonabarabran, 2357",nrma electric,2,DC,50 kW,-31.27879984,149.2792432,Warrumbungle Shire Council,2357,Existing Fast Chargers,105,Far West and Orana,New South Wales,ev_01762,"-31.278800,149.279243",matched,12.9,nearby_identity,191959,NRMA Coonabarabran,"Newell Highway, Coonabarabran",NRMA,CCS (Type 2); CHAdeMO,FREE,Public - Membership Required,,1,Operational,2022-03-10T22:20:00Z,Open Charge Map Contributors,Licensed under Creative Commons Attribution 4.0 International (CC BY 4.0),https://openchargemap.org/site/poi/details/191959,True
ocm,,Corner Sturgeon St & Glenelg St Raymond Terrace NSW 2324 Australia,tesla motors,12,DC,175 kW,-32.7645423,151.7425233,Port Stephens Council,2324,Fast Charging R1,106,Hunter Valley exc Newcastle,New South Wales,ev_01763,"-32.764542,151.742523",matched,97.25,nearby_identity,297859,Terrace Central [Tesla],"Glenelg Street, Raymond Terrace, 2324",Tesla (including non-tesla),CCS (Type 2),$0.68/kWh,Public - Membership Required,,12,Operational,2026-03-05T09:39:00Z,Open Charge Map Contributors,Licensed under Creative Commons Attribution 4.0 International (CC BY 4.0),https://openchargemap.org/site/poi/details/297859,True
ocm,,"Hope St, Blaxland NSW 2774, Australia",tesla motors,6,DC,175 kW,-33.7452292,150.6101288,Blue Mountains City Council,2774,Fast Charging R1,124,Sydney - Outer West and Blue Mountains,New South Wales,ev_01781,"-33.745229,150.610129",matched,12.24,nearby_identity,266538,Blaxland Supercharger,"126 Hope St, Blaxland, 2774",Tesla (Tesla-only charging),CCS (Type 2),Supercharger rates,Public - Membership Required,,6,Operational,2023-06-08T12:45:00Z,Open Charge Map Contributors,Licensed under Creative Commons Attribution 4.0 International (CC BY 4.0),https://openchargemap.org/site/poi/details/266538,True
ocm,,"Jessie St, Armidale NSW 2350, Australia",tesla motors,4,DC,175 kW,-30.5132305,151.6633637,Armidale Regional Council,2350,Fast Charging R1,110,New England and North West,New South Wales,ev_01782,"-30.513230,151.663364",matched,39.67,nearby_identity,460615,Tesla Supercharger Armidale,"117 Jessie Street, Armidale",Tesla (including non-tesla),CCS (Type 2),,Public - Membership Required,,4,Operational,2025-09-01T05:09:00Z,Open Charge Map Contributors,Licensed under Creative Commons Attribution 4.0 International (CC BY 4.0),https://openchargemap.org/site/poi/details/460615,True
ocm,,"1 Kendall Ave, Bathurst, 2795",tesla motors,12,DC,130 kW,-33.41901006,149.5867568,Bathurst Regional Council,2795,Existing Fast Chargers,103,Central West,New South Wales,ev_01816,"-33.419010,149.586757",matched,15.47,nearby_identity,121552,Bathurst Supercharger,"1 Kendall Ave, Bathurst",Tesla (including non-tesla),CCS (Type 2),AUD 0.66/kWh;other tariffs for older cars,Public - Membership Required,,6,Operational,2023-06-06T12:12:00Z,Open Charge Map Contributors,Licensed under Creative Commons Attribution 4.0 International (CC BY 4.0),https://openchargemap.org/site/poi/details/121552,True
osm,,"1 Dalgal Way, Sydney, 2037",tesla motors,4,DC,250 kW,-33.87650055,151.178,"Sydney, Council of the City of",2037,Existing Fast Chargers,117,Sydney - City and Inner South,New South Wales,ev_00012,"-33.876501,151.178000",matched,26.34,nearby_identity,node/6965052432,Tesla Supercharger,,Tesla,CCS Type 2,,yes,,,,,OpenStreetMap contributors,ODbL 1.0; https://www.openstreetmap.org/copyright,https://www.openstreetmap.org/node/6965052432,True
osm,,"1 Greenbridge Dr, Wilton, 2571",chargefox,2,DC,160 kW,-34.22847652,150.6841562,Wollondilly Shire Council,2571,Existing Fast Chargers,123,Sydney - Outer South West,New South Wales,ev_00020,"-34.228477,150.684156",matched,2.93,nearby_identity,node/12624993541,,,Chargefox,CCS Type 2,,,,,,,OpenStreetMap contributors,ODbL 1.0; https://www.openstreetmap.org/copyright,https://www.openstreetmap.org/node/12624993541,True
osm,,"1 Ingham Dr, Casula NSW 2170",evie networks,4,DC,50 kW,-33.948829,150.90027,Liverpool City Council,2170,ARENA - Driving the Nation,127,Sydney - South West,New South Wales,ev_00024,"-33.948829,150.900270",matched,0.93,nearby_identity,node/9863034303,,,Evie Networks,CCS Type 2; CHAdeMO,,,,,,,OpenStreetMap contributors,ODbL 1.0; https://www.openstreetmap.org/copyright,https://www.openstreetmap.org/node/9863034303,True
osm,,"1 Park St, Sydney, 2103",jolt,2,DC,25 kW,-33.67613618,151.3039429,Northern Beaches Council,2103,Existing Fast Chargers,122,Sydney - Northern Beaches,New South Wales,ev_00036,"-33.676136,151.303943",matched,15.39,nearby_identity,node/9704706490,,1 Park Street,Jolt,CHAdeMO,,yes,,,,,OpenStreetMap contributors,ODbL 1.0; https://www.openstreetmap.org/copyright,https://www.openstreetmap.org/node/9704706490,True
osm,,"10 Brookfield Rd, Minto NSW 2566",evie networks,4,DC,75 kW,-34.03094307,150.8490285,Campbelltown City Council,2566,ARENA - Driving the Nation,123,Sydney - Outer South West,New South Wales,ev_00051,"-34.030943,150.849029",matched,5.6,nearby_identity,node/12015862929,,,Evie Networks,CCS Type 2; CHAdeMO,,,,,,,OpenStreetMap contributors,ODbL 1.0; https://www.openstreetmap.org/copyright,https://www.openstreetmap.org/node/12015862929,True
osm,,"10 Elizabeth St, Bathurst, 2795",evie networks,4,DC,150 kW,-33.41417222,149.5833564,Bathurst Regional Council,2795,Existing Fast Chargers,103,Central West,New South Wales,ev_00054,"-33.414172,149.583356",matched,6.03,nearby_identity,node/12481649796,,,Evie Networks,CCS Type 2; CHAdeMO,,,,,,,OpenStreetMap contributors,ODbL 1.0; https://www.openstreetmap.org/copyright,https://www.openstreetmap.org/node/12481649796,True
osm,,"10 Winery Dr, Port Macquarie, 2444",tesla motors,12,DC,130 kW,-31.43610015,152.8235826,Port Macquarie-Hastings Council,2444,Existing Fast Chargers,108,Mid North Coast,New South Wales,ev_00060,"-31.436100,152.823583",matched,9.84,nearby_identity,node/6460587589,Tesla Supercharger,,Tesla,CCS Type 2,,yes,,,,,OpenStreetMap contributors,ODbL 1.0; https://www.openstreetmap.org/copyright,https://www.openstreetmap.org/node/6460587589,True
osm,,"105 Station Rd, Sydney, 2147",ampol,2,DC,150 kW,-33.77436041,150.9448809,Blacktown City Council,2147,Existing Fast Chargers,116,Sydney - Blacktown,New South Wales,ev_00067,"-33.774360,150.944881",matched,4.95,nearby_identity,node/13036266779,,,AmpCharge,CCS Type 2; CHAdeMO,,,,,,,OpenStreetMap contributors,ODbL 1.0; https://www.openstreetmap.org/copyright,https://www.openstreetmap.org/node/13036266779,True
osm,,"11 Ewingsdale Rd, Ewingsdale, 2481",nrma electric,4,DC,75 kW,-28.63612817,153.5534605,Byron Shire Council,2481,Existing Fast Chargers,112,Richmond - Tweed,New South Wales,ev_00080,"-28.636128,153.553460",matched,21.33,nearby_identity,node/6695968988,,,NRMA,CCS Type 2; CHAdeMO,,,,,,,OpenStreetMap contributors,ODbL 1.0; https://www.openstreetmap.org/copyright,https://www.openstreetmap.org/node/6695968988,True
osm,,"12 Hume Hwy, Pheasants Nest, 2574",ampol,9,DC,150 kW,-34.28222427,150.6366026,Wollondilly Shire Council,2574,Existing Fast Chargers,123,Sydney - Outer South West,New South Wales,ev_00108,"-34.282224,150.636603",matched,10.55,nearby_identity,node/11137421690,,,AmpCharge,CCS Type 2; CHAdeMO,,,,,,,OpenStreetMap contributors,ODbL 1.0; https://www.openstreetmap.org/copyright,https://www.openstreetmap.org/node/11137421690,True
osm,,"13125 Hume Hwy, Sutton Forest, 2577",evie networks,8,DC,350 kW,-34.60721926,150.2251632,Wingecarribee Shire Council,2577,Existing Fast Chargers,114,Southern Highlands and Shoalhaven,New South Wales,ev_00134,"-34.607219,150.225163",matched,8.49,nearby_identity,node/9765677232,,,Evie Networks,CCS Type 2,,,,,,,OpenStreetMap contributors,ODbL 1.0; https://www.openstreetmap.org/copyright,https://www.openstreetmap.org/node/9765677232,True
osm,,"15 Chancellors Dr, Thrumster, 2444",tesla motors,12,DC,250 kW,-31.4577518,152.8267908,Port Macquarie-Hastings Council,2444,Existing Fast Chargers,108,Mid North Coast,New South Wales,ev_00171,"-31.457752,152.826791",matched,13.71,nearby_identity,node/11433418128,Tesla Supercharger Thrumster,,Tesla,CCS Type 2,,yes,,,,,OpenStreetMap contributors,ODbL 1.0; https://www.openstreetmap.org/copyright,https://www.openstreetmap.org/node/11433418128,True
osm,,"15620 Hume Hwy, Marulan, 2579",bp,2,DC,75 kW,-34.71852257,150.0003884,Goulburn Mulwaree Council,2579,Existing Fast Chargers,101,Capital Region,New South Wales,ev_00192,"-34.718523,150.000388",matched,26.29,nearby_identity,node/10263943172,,,BP Pulse,CCS Type 2; CHAdeMO,,,,,,,OpenStreetMap contributors,ODbL 1.0; https://www.openstreetmap.org/copyright,https://www.openstreetmap.org/node/10263943172,True
osm,,"15c Mitchell St, Bourke, NSW 2840, Australia",nrma electric,4,DC,75 kW,-30.3383734,152.7125414,Bourke Shire Council,2453,TfNSW Regional,104,Coffs Harbour - Grafton,New South Wales,ev_00196,"-30.338373,152.712541",matched,29.98,nearby_identity,node/13928568814,,,NRMA,CCS Type 2; CHAdeMO,,,,,,,OpenStreetMap contributors,ODbL 1.0; https://www.openstreetmap.org/copyright,https://www.openstreetmap.org/node/13928568814,True
osm,,"16 Berry St, Nowra, 2541",nrma electric,4,DC,160 kW,-34.87360065,150.6005345,Shoalhaven City Council,2541,Existing Fast Chargers,114,Southern Highlands and Shoalhaven,New South Wales,ev_00198,"-34.873601,150.600535",matched,4.73,nearby_identity,node/14184391901,,,NRMA,CHAdeMO,,,,,,,OpenStreetMap contributors,ODbL 1.0; https://www.openstreetmap.org/copyright,https://www.openstreetmap.org/node/14184391901,True
osm,,"16 Oaks Ave, Sydney, 2099",jolt,2,DC,25 kW,-33.75370175,151.287,Northern Beaches Council,2099,Existing Fast Chargers,122,Sydney - Northern Beaches,New South Wales,ev_00202,"-33.753702,151.287000",matched,3.51,nearby_identity,node/9491233549,,4-16 Oaks Avenue,Jolt,CHAdeMO,,,,,,,OpenStreetMap contributors,ODbL 1.0; https://www.openstreetmap.org/copyright,https://www.openstreetmap.org/node/9491233549,True
osm,,"18 Silver St, Sydney, 2031",chargefox,2,DC,42 kW,-33.91374579,151.2390611,Randwick City Council,2031,Existing Fast Chargers,118,Sydney - Eastern Suburbs,New South Wales,ev_00227,"-33.913746,151.239061",matched,8.47,nearby_identity,node/6965143040,,,Chargefox,CCS Type 2,,yes,,,,,OpenStreetMap contributors,ODbL 1.0; https://www.openstreetmap.org/copyright,https://www.openstreetmap.org/node/6965143040,True
osm,,"18 Victoria Avenue, Castle Hill NSW 2154",evie networks,4,DC,50 kW,-33.727803,150.976049,The Hills Shire Council,2154,ARENA - Driving the Nation,115,Sydney - Baulkham Hills and Hawkesbury,New South Wales,ev_00229,"-33.727803,150.976049",matched,10.61,nearby_identity,node/11365214134,,,Evie Networks,CCS Type 2; CHAdeMO,,,,,,,OpenStreetMap contributors,ODbL 1.0; https://www.openstreetmap.org/copyright,https://www.openstreetmap.org/node/11365214134,True
osm,,"185 Princes Hwy, Narooma, 2546",tesla motors,8,DC,130 kW,-36.22313618,150.1283463,Eurobodalla Shire Council,2546,Existing Fast Chargers,101,Capital Region,New South Wales,ev_00236,"-36.223136,150.128346",matched,11.12,nearby_identity,node/5758577851,Tesla Supercharger,,Tesla,CCS Type 2,,yes,,,,,OpenStreetMap contributors,ODbL 1.0; https://www.openstreetmap.org/copyright,https://www.openstreetmap.org/node/5758577851,True
osm,,"19 Richmond Rd, Sydney, 2140",jolt,2,DC,25 kW,-33.86603808,151.0644525,Strathfield,2140,Existing Fast Chargers,120,Sydney - Inner West,New South Wales,ev_00248,"-33.866038,151.064452",matched,5.58,nearby_identity,node/9290610873,,,Jolt,CCS Type 2; CHAdeMO,,yes,,,,,OpenStreetMap contributors,ODbL 1.0; https://www.openstreetmap.org/copyright,https://www.openstreetmap.org/node/9290610873,True
osm,,"198 Great Western Highway, Hazelbrook, NSW, 2779",ampol,2,DC,125 kW,-33.7211325,150.4521067,Blue Mountains City Council,2779,ARENA - Driving the Nation,124,Sydney - Outer West and Blue Mountains,New South Wales,ev_00256,"-33.721133,150.452107",matched,23.29,nearby_identity,node/11335199123,,,AmpCharge,CCS Type 2; CHAdeMO,,,,,,,OpenStreetMap contributors,ODbL 1.0; https://www.openstreetmap.org/copyright,https://www.openstreetmap.org/node/11335199123,True
osm,,"2 Corkwood Rd, Valla, 2448",bp,2,DC,75 kW,-30.6267528,152.9724735,Nambucca Valley Council,2448,Existing Fast Chargers,108,Mid North Coast,New South Wales,ev_00265,"-30.626753,152.972474",matched,6.2,nearby_identity,node/11495572569,bp pulse,,bp pulse,CCS Type 2; CHAdeMO,,,,,,,OpenStreetMap contributors,ODbL 1.0; https://www.openstreetmap.org/copyright,https://www.openstreetmap.org/node/11495572569,True
osm,,"2 Hercules Street, Murrumbateman, 2582",evie networks,2,DC,50 kW,-34.96936041,149.03,Yass Valley Council,2582,Existing Fast Chargers,101,Capital Region,New South Wales,ev_00270,"-34.969360,149.030000",matched,14.16,nearby_identity,node/9366472089,,,Evie Networks,CCS Type 2; CHAdeMO,,,,,,,OpenStreetMap contributors,ODbL 1.0; https://www.openstreetmap.org/copyright,https://www.openstreetmap.org/node/9366472089,True
osm,,"2 Ocean Dr, Kew, 2439",tesla motors,8,DC,250 kW,-31.63426031,152.7250501,Port Macquarie-Hastings Council,2439,Existing Fast Chargers,108,Mid North Coast,New South Wales,ev_00277,"-31.634260,152.725050",matched,9.53,nearby_identity,node/12753915088,Kew Supercharger,,Tesla,CCS Type 2,,yes,,,,,OpenStreetMap contributors,ODbL 1.0; https://www.openstreetmap.org/copyright,https://www.openstreetmap.org/node/12753915088,True
osm,,"201 Manning River Drive, Taree, 2430",evie networks,4,DC,150 kW,-31.94333438,152.4706146,Mid-Coast Council,2430,Existing Fast Chargers,108,Mid North Coast,New South Wales,ev_00303,"-31.943334,152.470615",matched,1.63,nearby_identity,node/7612252206,,,Evie Networks,CCS Type 2; CHAdeMO,,,,,,,OpenStreetMap contributors,ODbL 1.0; https://www.openstreetmap.org/copyright,https://www.openstreetmap.org/node/7612252206,True
osm,,"201 Sloane St, Goulburn, 2580",tesla motors,16,DC,130 kW,-34.75552357,149.720998,Goulburn Mulwaree Council,2580,Existing Fast Chargers,101,Capital Region,New South Wales,ev_00304,"-34.755524,149.720998",matched,4.87,nearby_identity,node/4016257448,Tesla Supercharger,201 Sloane Street,Tesla,Tesla Supercharger (OSM label); Tesla Supercharger CCS (OSM label),,yes,,,,,OpenStreetMap contributors,ODbL 1.0; https://www.openstreetmap.org/copyright,https://www.openstreetmap.org/node/4016257448,True
osm,,"205 Old Hume Hwy, Mittagong, 2575",evie networks,4,DC,150 kW,-34.44672777,150.436991,Wingecarribee Shire Council,2575,Existing Fast Chargers,114,Southern Highlands and Shoalhaven,New South Wales,ev_00310,"-34.446728,150.436991",matched,2.63,nearby_identity,node/11365114635,,,Evie Networks,CCS Type 2; CHAdeMO,,,,,,,OpenStreetMap contributors,ODbL 1.0; https://www.openstreetmap.org/copyright,https://www.openstreetmap.org/node/11365114635,True
osm,,"224 Princes Hwy, Wollongong, 2519",bp,2,DC,75 kW,-34.40332537,150.8914635,Wollongong City Council,2519,Existing Fast Chargers,107,Illawarra,New South Wales,ev_00334,"-34.403325,150.891463",matched,1.22,nearby_identity,node/10783513810,,,bp pulse,CCS Type 2,,,,,,,OpenStreetMap contributors,ODbL 1.0; https://www.openstreetmap.org/copyright,https://www.openstreetmap.org/node/10783513810,True
osm,,"224 Prospect Hwy, Seven Hills NSW 2147",evie networks,4,DC,150 kW,-33.77578997,150.9330864,Cumberland Council,2147,ARENA - Driving the Nation,116,Sydney - Blacktown,New South Wales,ev_00335,"-33.775790,150.933086",matched,7.61,nearby_identity,node/11365136257,,,Evie Networks,CCS Type 2,,,,,,,OpenStreetMap contributors,ODbL 1.0; https://www.openstreetmap.org/copyright,https://www.openstreetmap.org/node/11365136257,True
osm,,"2285 Pacific Hwy, Heatherbrae, 2324",tesla motors,12,DC,130 kW,-32.78729434,151.7283534,Port Stephens Council,2324,Existing Fast Chargers,106,Hunter Valley exc Newcastle,New South Wales,ev_00343,"-32.787294,151.728353",matched,0.05,nearby_identity,node/6816990777,Tesla Supercharger Heatherbrae,,Tesla,CCS Type 2,,customers,,,,,OpenStreetMap contributors,ODbL 1.0; https://www.openstreetmap.org/copyright,https://www.openstreetmap.org/node/6816990777,True
osm,,"2398 Pacific Hwy, Heatherbrae, 2324",bp,2,DC,75 kW,-32.78334139,151.7370591,Port Stephens Council,2324,Existing Fast Chargers,106,Hunter Valley exc Newcastle,New South Wales,ev_00352,"-32.783341,151.737059",matched,7.18,nearby_identity,node/10647829948,,,BP Pulse,CCS Type 2; CHAdeMO,,,,,,,OpenStreetMap contributors,ODbL 1.0; https://www.openstreetmap.org/copyright,https://www.openstreetmap.org/node/10647829948,True
osm,,"24 Cooper St, Macksville, 2447",evie networks,4,DC,350 kW,-30.71023028,152.9197698,Nambucca Valley Council,2447,Existing Fast Chargers,108,Mid North Coast,New South Wales,ev_00354,"-30.710230,152.919770",matched,7.28,nearby_identity,node/8505686311,,,Evie Networks,CCS Type 2; CHAdeMO,,,,,,,OpenStreetMap contributors,ODbL 1.0; https://www.openstreetmap.org/copyright,https://www.openstreetmap.org/node/8505686311,True
osm,,"24 Sallys Corner Rd, Exeter, 2579",tesla motors,6,DC,250 kW,-34.60929234,150.2297688,Wingecarribee Shire Council,2579,Existing Fast Chargers,114,Southern Highlands and Shoalhaven,New South Wales,ev_00357,"-34.609292,150.229769",matched,6.32,nearby_identity,node/10744631135,Tesla Supercharger,,Tesla,Tesla Supercharger (OSM label),,yes,,,,,OpenStreetMap contributors,ODbL 1.0; https://www.openstreetmap.org/copyright,https://www.openstreetmap.org/node/10744631135,True
osm,,"24-42 King Georges Rd, Sydney, 2195",bp,2,DC,75 kW,-33.91960065,151.0668519,Canterbury Bankstown Council,2195,Existing Fast Chargers,119,Sydney - Inner South West,New South Wales,ev_00364,"-33.919601,151.066852",matched,10.1,nearby_identity,node/10218282678,,,bp pulse,CCS Type 2; CHAdeMO,,yes,,,,,OpenStreetMap contributors,ODbL 1.0; https://www.openstreetmap.org/copyright,https://www.openstreetmap.org/node/10218282678,True
osm,,"250 Comur St, Yass, 2582",chargefox,4,DC,47 kW,-34.84551056,148.9151892,Yass Valley Council,2582,Existing Fast Chargers,101,Capital Region,New South Wales,ev_00370,"-34.845511,148.915189",matched,29.66,nearby_identity,node/12441111761,,,Chargefox,CCS Type 2,,,,,,,OpenStreetMap contributors,ODbL 1.0; https://www.openstreetmap.org/copyright,https://www.openstreetmap.org/node/12441111761,True
osm,,"253 Pacific Hwy, Coffs Harbour, 2450",tesla motors,12,DC,130 kW,-30.28143948,153.1316667,Coffs Harbour City Council,2450,Existing Fast Chargers,104,Coffs Harbour - Grafton,New South Wales,ev_00374,"-30.281439,153.131667",matched,7.16,nearby_identity,node/5004854821,Tesla Supercharger,,Tesla,CCS Type 2,,yes,,,,,OpenStreetMap contributors,ODbL 1.0; https://www.openstreetmap.org/copyright,https://www.openstreetmap.org/node/5004854821,True
osm,,"26 Bent St, Sydney, 2137",evie networks,2,DC,75 kW,-33.85437842,151.103997,"Canada Bay Council, City of",2137,Existing Fast Chargers,120,Sydney - Inner West,New South Wales,ev_00378,"-33.854378,151.103997",matched,7.46,nearby_identity,node/13168689959,,,Evie Networks,CCS Type 2,,,,,,,OpenStreetMap contributors,ODbL 1.0; https://www.openstreetmap.org/copyright,https://www.openstreetmap.org/node/13168689959,True
osm,,"260A Liverpool Rd, Ashfield NSW 2131",evie networks,4,DC,50 kW,-33.889564,151.123599,Inner West Council,2131,ARENA - Driving the Nation,120,Sydney - Inner West,New South Wales,ev_00384,"-33.889564,151.123599",matched,20.6,nearby_identity,node/13382573701,,260A Liverpool Road,Evie Networks,CCS Type 2; CHAdeMO,,,,,,,OpenStreetMap contributors,ODbL 1.0; https://www.openstreetmap.org/copyright,https://www.openstreetmap.org/node/13382573701,True
osm,,"2848 Pacific Hwy, Tyndale NSW, 2464",evie networks,4,DC,350 kW,-29.56122927,153.1492773,Clarence Valley Council,2464,Existing Fast Chargers,104,Coffs Harbour - Grafton,New South Wales,ev_00401,"-29.561229,153.149277",matched,3.15,nearby_identity,node/8994778322,,,Evie Networks,CCS Type 2,,,,,,,OpenStreetMap contributors,ODbL 1.0; https://www.openstreetmap.org/copyright,https://www.openstreetmap.org/node/8994778322,True
osm,,"29-55 Twynam St, Narrandera, 2700",nrma electric,4,DC,180 kW,-34.74649754,146.5500761,Narrandera Shire Council,2700,Existing Fast Chargers,113,Riverina,New South Wales,ev_00408,"-34.746498,146.550076",matched,16.85,nearby_identity,node/10159370719,,,NRMA,CCS Type 2; CHAdeMO,,,,,,,OpenStreetMap contributors,ODbL 1.0; https://www.openstreetmap.org/copyright,https://www.openstreetmap.org/node/10159370719,True
osm,,"2A Beach Rd, Batemans Bay, 2536",nrma electric,2,DC,50 kW,-35.70851156,150.1753874,Eurobodalla Shire Council,2536,Existing Fast Chargers,101,Capital Region,New South Wales,ev_00412,"-35.708512,150.175387",matched,14.14,nearby_identity,node/6512442081,,,NRMA,CCS Type 2; CHAdeMO,,,,,,,OpenStreetMap contributors,ODbL 1.0; https://www.openstreetmap.org/copyright,https://www.openstreetmap.org/node/6512442081,True
osm,,"3 George St, North Strathfield NSW 2137",evie networks,4,DC,75 kW,-33.86390159,151.0894518,Strathfield Municipal Council,2137,ARENA - Driving the Nation,120,Sydney - Inner West,New South Wales,ev_00423,"-33.863902,151.089452",matched,9.92,nearby_identity,node/13168678393,,,Evie Networks,CCS Type 2; CHAdeMO,,,,,,,OpenStreetMap contributors,ODbL 1.0; https://www.openstreetmap.org/copyright,https://www.openstreetmap.org/node/13168678393,True
osm,,"30 Dowling St, Sydney, 2096",jolt,2,DC,25 kW,-33.77897702,151.2838899,Northern Beaches Council,2096,Existing Fast Chargers,122,Sydney - Northern Beaches,New South Wales,ev_00432,"-33.778977,151.283890",matched,2.05,nearby_identity,node/9546004749,,30 Dowling Street,Jolt,CHAdeMO,,,,,,,OpenStreetMap contributors,ODbL 1.0; https://www.openstreetmap.org/copyright,https://www.openstreetmap.org/node/9546004749,True
osm,,"30-36 Sharp St, Cooma, 2630",tesla motors,10,DC,250 kW,-36.23294099,149.1322903,Snowy Monaro Regional Council,2630,Existing Fast Chargers,101,Capital Region,New South Wales,ev_00438,"-36.232941,149.132290",matched,5.52,nearby_identity,node/12639666383,Tesla Supercharger,,Tesla,CCS Type 2,,yes,,,,,OpenStreetMap contributors,ODbL 1.0; https://www.openstreetmap.org/copyright,https://www.openstreetmap.org/node/12639666383,True
osm,,"32 Sydney St, Tarcutta, 2652",evie networks,4,DC,350 kW,-35.2771512,147.7360881,Wagga Wagga City Council,2652,Existing Fast Chargers,113,Riverina,New South Wales,ev_00455,"-35.277151,147.736088",matched,3.91,nearby_identity,node/7478006036,,,Evie Networks,CCS Type 2; CHAdeMO,,,,,,,OpenStreetMap contributors,ODbL 1.0; https://www.openstreetmap.org/copyright,https://www.openstreetmap.org/node/7478006036,True
osm,,"322 Woodville Rd, Guildford NSW 2161",evie networks,4,DC,50 kW,-33.8521028,150.9955836,Cumberland Council,2161,ARENA - Driving the Nation,125,Sydney - Parramatta,New South Wales,ev_00457,"-33.852103,150.995584",matched,0.32,nearby_identity,node/11004256023,,,Evie Networks,CCS Type 2; CHAdeMO,,,,,,,OpenStreetMap contributors,ODbL 1.0; https://www.openstreetmap.org/copyright,https://www.openstreetmap.org/node/11004256023,True
osm,,"329-339 Princes Hwy, Sydney, 2044",bp,2,DC,75 kW,-33.91611516,151.1728939,Inner West Council,2044,Existing Fast Chargers,117,Sydney - City and Inner South,New South Wales,ev_00461,"-33.916115,151.172894",matched,1.18,nearby_identity,node/10907235224,,,bp pulse,CCS Type 2,,,,,,,OpenStreetMap contributors,ODbL 1.0; https://www.openstreetmap.org/copyright,https://www.openstreetmap.org/node/10907235224,True
osm,,"34 Annie Pyers Dr, Gundagai, 2722",tesla motors,12,DC,130 kW,-35.00212117,148.1098549,Cootamundra-gundagai Regional Council,2722,Existing Fast Chargers,113,Riverina,New South Wales,ev_00470,"-35.002121,148.109855",matched,2.35,nearby_identity,node/4027667916,Tesla Supercharger,,Tesla,Tesla Supercharger (OSM label); Tesla Supercharger CCS (OSM label),,yes,,,,,OpenStreetMap contributors,ODbL 1.0; https://www.openstreetmap.org/copyright,https://www.openstreetmap.org/node/4027667916,True
osm,,"368 Anzac Pde, Sydney, 2032",bp,2,DC,75 kW,-33.91983588,151.226974,Randwick City Council,2032,Existing Fast Chargers,118,Sydney - Eastern Suburbs,New South Wales,ev_00495,"-33.919836,151.226974",matched,9.04,nearby_identity,node/13206142331,,,bp pulse,CCS Type 2,,,,,,,OpenStreetMap contributors,ODbL 1.0; https://www.openstreetmap.org/copyright,https://www.openstreetmap.org/node/13206142331,True
osm,,"37 Nabiac St, Nabiac, 2312",nrma electric,2,DC,50 kW,-32.09907112,152.3815746,Mid-Coast Council,2312,Existing Fast Chargers,108,Mid North Coast,New South Wales,ev_00496,"-32.099071,152.381575",matched,15.38,nearby_identity,node/6489797683,,,NRMA,CCS Type 2; CHAdeMO,,,,,,,OpenStreetMap contributors,ODbL 1.0; https://www.openstreetmap.org/copyright,https://www.openstreetmap.org/node/6489797683,True
osm,,"38 Swift St, Holbrook, 2644",tesla motors,9,DC,250 kW,-35.72254759,147.3175105,Greater Hume Shire Council,2644,Existing Fast Chargers,109,Murray,New South Wales,ev_00503,"-35.722548,147.317510",matched,14.25,nearby_identity,node/11290026319,Tesla Supercharger,,Tesla,Tesla Supercharger (OSM label),,yes,,,,,OpenStreetMap contributors,ODbL 1.0; https://www.openstreetmap.org/copyright,https://www.openstreetmap.org/node/11290026319,True
osm,,"3A Cowell St, Sydney, 2111",evie networks,2,DC,75 kW,-33.83281286,151.1277918,"Hunters Hill, The Council of the Municipality of",2111,Existing Fast Chargers,126,Sydney - Ryde,New South Wales,ev_00511,"-33.832813,151.127792",matched,20.07,nearby_identity,node/13073547942,,,Evie Networks,CCS Type 2,,,,,,,OpenStreetMap contributors,ODbL 1.0; https://www.openstreetmap.org/copyright,https://www.openstreetmap.org/node/13073547942,True
osm,,"4 Tindall St, Sydney, 2560",evie networks,4,DC,150 kW,-34.07206311,150.8051261,Campbelltown City Council,2560,Existing Fast Chargers,123,Sydney - Outer South West,New South Wales,ev_00517,"-34.072063,150.805126",matched,6.15,nearby_identity,node/11419885107,,,Evie Networks,CCS Type 2; CHAdeMO,,,,,,,OpenStreetMap contributors,ODbL 1.0; https://www.openstreetmap.org/copyright,https://www.openstreetmap.org/node/11419885107,True
osm,,"401 Cabramatta Rd W, Cabramatta NSW 2166",evie networks,4,DC,50 kW,-33.898778,150.919791,Fairfield City Council,2166,ARENA - Driving the Nation,127,Sydney - South West,New South Wales,ev_00528,"-33.898778,150.919791",matched,18.64,nearby_identity,node/9215252226,,,Evie Networks,CCS Type 2; CHAdeMO,,,,,,,OpenStreetMap contributors,ODbL 1.0; https://www.openstreetmap.org/copyright,https://www.openstreetmap.org/node/9215252226,True
osm,,"403 Tarean Rd, Karuah, 2324",chargefox,6,DC,185 kW,-32.6538509,151.9625806,Port Stephens Council,2324,Existing Fast Chargers,106,Hunter Valley exc Newcastle,New South Wales,ev_00529,"-32.653851,151.962581",matched,8.18,nearby_identity,node/7042825731,,,Chargefox,CCS Type 2; CHAdeMO,,,,,,,OpenStreetMap contributors,ODbL 1.0; https://www.openstreetmap.org/copyright,https://www.openstreetmap.org/node/7042825731,True
osm,,"41 Bruxner Hwy, Ballina, 2478",bp,2,DC,75 kW,-28.86161666,153.5169069,Ballina Shire Council,2478,Existing Fast Chargers,112,Richmond - Tweed,New South Wales,ev_00532,"-28.861617,153.516907",matched,5.13,nearby_identity,node/10687073170,,,bp pulse,CCS Type 2,,,,,,,OpenStreetMap contributors,ODbL 1.0; https://www.openstreetmap.org/copyright,https://www.openstreetmap.org/node/10687073170,True
osm,,"42 Camden Rd, Sydney, 2560",chargefox,4,DC,200 kW,-34.07161666,150.8059289,Campbelltown City Council,2560,Existing Fast Chargers,123,Sydney - Outer South West,New South Wales,ev_00542,"-34.071617,150.805929",matched,5.64,nearby_identity,node/11842761957,,,Chargefox,CHAdeMO,,,,,,,OpenStreetMap contributors,ODbL 1.0; https://www.openstreetmap.org/copyright,https://www.openstreetmap.org/node/11842761957,True
osm,,"4-6 New St, Lawson NSW 2783",evie networks,4,DC,50 kW,-33.720695,150.429727,Blue Mountains City Council,2783,ARENA - Driving the Nation,124,Sydney - Outer West and Blue Mountains,New South Wales,ev_00565,"-33.720695,150.429727",matched,1.08,nearby_identity,node/12404567155,,,Evie Networks,CCS Type 2; CHAdeMO,,,,,,,OpenStreetMap contributors,ODbL 1.0; https://www.openstreetmap.org/copyright,https://www.openstreetmap.org/node/12404567155,True
osm,,"5 Willowdale Dr, Denham Court NSW 2565",evie networks,4,DC,75 kW,-33.97585397,150.811619,Campbelltown City Council,2565,ARENA - Driving the Nation,123,Sydney - Outer South West,New South Wales,ev_00591,"-33.975854,150.811619",matched,3.24,nearby_identity,node/13064502527,,,Evie Networks,CCS Type 2; CHAdeMO,,,,,,,OpenStreetMap contributors,ODbL 1.0; https://www.openstreetmap.org/copyright,https://www.openstreetmap.org/node/13064502527,True
osm,,"528 John Oxley Dr, Thrumster, 2444",nrma electric,2,DC,50 kW,-31.45803208,152.8274244,Port Macquarie-Hastings Council,2444,Existing Fast Chargers,108,Mid North Coast,New South Wales,ev_00606,"-31.458032,152.827424",matched,11.76,nearby_identity,node/7853821459,,,NRMA,CCS Type 2,,,,,,,OpenStreetMap contributors,ODbL 1.0; https://www.openstreetmap.org/copyright,https://www.openstreetmap.org/node/7853821459,True
osm,,"53 Sydney Rd, Goulburn, 2580",chargefox,2,DC,50 kW,-34.74796201,149.7496456,Goulburn Mulwaree Council,2580,Existing Fast Chargers,101,Capital Region,New South Wales,ev_00609,"-34.747962,149.749646",matched,3.97,nearby_identity,node/7021322234,,,Chargefox,CCS Type 2; CHAdeMO,,,,,,,OpenStreetMap contributors,ODbL 1.0; https://www.openstreetmap.org/copyright,https://www.openstreetmap.org/node/7021322234,True
osm,,"54 Minjungbal Dr, Tweed Heads, 2486",evie networks,4,DC,150 kW,-28.19898503,153.545985,Tweed Shire Council,2486,Existing Fast Chargers,112,Richmond - Tweed,New South Wales,ev_00616,"-28.198985,153.545985",matched,3.86,nearby_identity,node/12926990585,,,Evie Networks,CCS Type 2; CHAdeMO,,,,,,,OpenStreetMap contributors,ODbL 1.0; https://www.openstreetmap.org/copyright,https://www.openstreetmap.org/node/12926990585,True
osm,,"56 Morpeth St, Harwood, 2465",tesla motors,8,DC,130 kW,-29.42699904,153.2391471,Clarence Valley Council,2465,Existing Fast Chargers,104,Coffs Harbour - Grafton,New South Wales,ev_00627,"-29.426999,153.239147",matched,5.48,nearby_identity,node/7140188595,Tesla Supercharger,,Tesla,Tesla Supercharger (OSM label),,yes,,,,,OpenStreetMap contributors,ODbL 1.0; https://www.openstreetmap.org/copyright,https://www.openstreetmap.org/node/7140188595,True
osm,,"58 Phillip St, West Tamworth, 2340",tesla motors,8,DC,130 kW,-31.10164969,150.9171261,Tamworth Regional Council,2340,Existing Fast Chargers,110,New England and North West,New South Wales,ev_00636,"-31.101650,150.917126",matched,6.01,nearby_identity,node/6456723747,Tesla Supercharger,,Tesla,CCS Type 2,,yes,,,,,OpenStreetMap contributors,ODbL 1.0; https://www.openstreetmap.org/copyright,https://www.openstreetmap.org/node/6456723747,True
osm,,"580 Parramatta Rd, Sydney, 2132",bp,4,DC,75 kW,-33.87410415,151.1267628,Inner West Council,2132,Existing Fast Chargers,120,Sydney - Inner West,New South Wales,ev_00637,"-33.874104,151.126763",matched,4.49,nearby_identity,node/10208698066,,,bp pulse,CCS Type 2,,,,,,,OpenStreetMap contributors,ODbL 1.0; https://www.openstreetmap.org/copyright,https://www.openstreetmap.org/node/10208698066,True
osm,,"594 Anzac Pde, Sydney, 2032",evie networks,4,DC,75 kW,-33.92659564,151.2313293,Randwick City Council,2032,Existing Fast Chargers,118,Sydney - Eastern Suburbs,New South Wales,ev_00642,"-33.926596,151.231329",matched,16.78,nearby_identity,node/13206176474,,,Evie Networks,CCS Type 2,,,,,,,OpenStreetMap contributors,ODbL 1.0; https://www.openstreetmap.org/copyright,https://www.openstreetmap.org/node/13206176474,True
osm,,"6 Boundary St, Sydney, 2081",chargefox,2,DC,75 kW,-33.62137942,151.1494484,"Hornsby, The Council of the Shire of",2081,Existing Fast Chargers,121,Sydney - North Sydney and Hornsby,New South Wales,ev_00647,"-33.621379,151.149448",matched,13.24,nearby_identity,node/12167440484,,,Chargefox,CCS Type 2,,,,,,,OpenStreetMap contributors,ODbL 1.0; https://www.openstreetmap.org/copyright,https://www.openstreetmap.org/node/12167440484,True
osm,,"634-726 Princes Hwy, Tempe NSW 2044",evie networks,4,DC,150 kW,-33.92288364,151.1652088,Inner West Council,2044,ARENA - Driving the Nation,117,Sydney - City and Inner South,New South Wales,ev_00669,"-33.922884,151.165209",matched,14.29,nearby_identity,node/13064491791,,,Evie Networks,CCS Type 2,,yes,,,,,OpenStreetMap contributors,ODbL 1.0; https://www.openstreetmap.org/copyright,https://www.openstreetmap.org/node/13064491791,True
osm,,"7 Bungan St, Sydney, 2103",jolt,2,DC,25 kW,-33.6760501,151.3031301,Northern Beaches Council,2103,Existing Fast Chargers,122,Sydney - Northern Beaches,New South Wales,ev_00681,"-33.676050,151.303130",matched,10.78,nearby_identity,node/9204398603,,Bungan Street,Jolt,CHAdeMO,,yes,,,,,OpenStreetMap contributors,ODbL 1.0; https://www.openstreetmap.org/copyright,https://www.openstreetmap.org/node/9204398603,True
osm,,"7 Tank St, Lithgow, 2790",nrma electric,4,DC,50 kW,-33.47800605,150.1611241,"Lithgow Council, City of",2790,Existing Fast Chargers,103,Central West,New South Wales,ev_00687,"-33.478006,150.161124",matched,5.35,nearby_identity,node/6656233420,,,NRMA,CCS Type 2; CHAdeMO,,yes,,,,,OpenStreetMap contributors,ODbL 1.0; https://www.openstreetmap.org/copyright,https://www.openstreetmap.org/node/6656233420,True
osm,,"76 Wingewarra St, Dubbo, 2830",tesla motors,8,DC,130 kW,-32.24995,148.6091822,Dubbo Regional Council,2830,Existing Fast Chargers,105,Far West and Orana,New South Wales,ev_00706,"-32.249950,148.609182",matched,2.68,nearby_identity,node/6456722833,Tesla Supercharger,,Tesla,CCS Type 2,,yes,,,,,OpenStreetMap contributors,ODbL 1.0; https://www.openstreetmap.org/copyright,https://www.openstreetmap.org/node/6456722833,True
osm,,"772 Anzac Pde, Sydney, 2035",evie networks,4,DC,75 kW,-33.93800905,151.2385195,Randwick City Council,2035,Existing Fast Chargers,118,Sydney - Eastern Suburbs,New South Wales,ev_00710,"-33.938009,151.238519",matched,7.0,nearby_identity,node/13206130158,,,Evie Networks,CCS Type 2,,,,,,,OpenStreetMap contributors,ODbL 1.0; https://www.openstreetmap.org/copyright,https://www.openstreetmap.org/node/13206130158,True
osm,,"8 Euston Rd, Sydney, 2015",exploren,2,DC,120 kW,-33.90533738,151.1936567,"Sydney, Council of the City of",2015,Existing Fast Chargers,117,Sydney - City and Inner South,New South Wales,ev_00717,"-33.905337,151.193657",matched,13.67,nearby_identity,node/13073609605,,,Exploren,CCS Type 2,,,,,,,OpenStreetMap contributors,ODbL 1.0; https://www.openstreetmap.org/copyright,https://www.openstreetmap.org/node/13073609605,True
osm,,"819-827 Anzac Pde, Sydney, 2035",jolt,2,DC,25 kW,-33.94349854,151.2397227,Randwick City Council,2035,Existing Fast Chargers,118,Sydney - Eastern Suburbs,New South Wales,ev_00734,"-33.943499,151.239723",matched,7.83,nearby_identity,node/9290676154,,,Jolt,CCS Type 2; CHAdeMO,,yes,,,,,OpenStreetMap contributors,ODbL 1.0; https://www.openstreetmap.org/copyright,https://www.openstreetmap.org/node/9290676154,True
osm,,"85/91 Commissioner St, Cooma, 2630",tesla motors,8,DC,150 kW,-36.23552257,149.1267948,Snowy Monaro Regional Council,2630,Existing Fast Chargers,101,Capital Region,New South Wales,ev_00739,"-36.235523,149.126795",matched,0.74,nearby_identity,node/6979040237,Tesla Supercharger,,Tesla,Tesla Supercharger (OSM label),,yes,,,,,OpenStreetMap contributors,ODbL 1.0; https://www.openstreetmap.org/copyright,https://www.openstreetmap.org/node/6979040237,True
osm,,"872 Anzac Pde, Sydney, 2035",evie networks,2,DC,75 kW,-33.94314819,151.2396466,Randwick City Council,2035,Existing Fast Chargers,118,Sydney - Eastern Suburbs,New South Wales,ev_00746,"-33.943148,151.239647",matched,14.04,nearby_identity,node/13206154678,,,Evie Networks,CCS Type 2,,,,,,,OpenStreetMap contributors,ODbL 1.0; https://www.openstreetmap.org/copyright,https://www.openstreetmap.org/node/13206154678,True
osm,,"89 Market St, Balranald, 2715",nrma electric,2,DC,50 kW,-34.63954159,143.5647087,Balranald Shire Council,2715,Existing Fast Chargers,109,Murray,New South Wales,ev_00756,"-34.639542,143.564709",matched,21.75,nearby_identity,node/7742159359,,,NRMA,CCS Type 2; CHAdeMO,,,,,,,OpenStreetMap contributors,ODbL 1.0; https://www.openstreetmap.org/copyright,https://www.openstreetmap.org/node/7742159359,True
osm,,"917-923 Old Northern Rd, Dural, NSW, 2158",ampol,2,DC,125 kW,-33.6828871,151.0284517,"Hornsby, The Council of the Shire of",2158,ARENA - Driving the Nation,115,Sydney - Baulkham Hills and Hawkesbury,New South Wales,ev_00774,"-33.682887,151.028452",matched,14.64,nearby_identity,node/13805076026,,,AmpCharge,CCS Type 2; CHAdeMO,,,,,,,OpenStreetMap contributors,ODbL 1.0; https://www.openstreetmap.org/copyright,https://www.openstreetmap.org/node/13805076026,True
osm,,"9-49 Chapel Rd, Bankstown NSW 2200",evie networks,4,DC,50 kW,-33.931975,151.030127,Canterbury Bankstown Council,2200,ARENA - Driving the Nation,119,Sydney - Inner South West,New South Wales,ev_00783,"-33.931975,151.030127",matched,9.05,nearby_identity,node/9363608762,,,Evie Networks,CCS Type 2; CHAdeMO,,,,,,,OpenStreetMap contributors,ODbL 1.0; https://www.openstreetmap.org/copyright,https://www.openstreetmap.org/node/9363608762,True
osm,,"96 Mackay Ave, Yoogali, 2680",chargefox,2,DC,50 kW,-34.29922127,146.0782252,Griffith City Council,2680,Existing Fast Chargers,113,Riverina,New South Wales,ev_00785,"-34.299221,146.078225",matched,7.27,nearby_identity,node/11963693701,,,Chargefox,CCS Type 2,,,,,,,OpenStreetMap contributors,ODbL 1.0; https://www.openstreetmap.org/copyright,https://www.openstreetmap.org/node/11963693701,True
osm,,"98-100 Windsor Rd Cnr Lombard Rd, Northmead, NSW, 2152",ampol,2,DC,125 kW,-33.7878745,150.9946557,"Parramatta, Council of the City of",2152,ARENA - Driving the Nation,125,Sydney - Parramatta,New South Wales,ev_00792,"-33.787875,150.994656",matched,13.09,nearby_identity,node/9965036281,,,AmpCharge,CCS Type 2; CHAdeMO,,,,,,,OpenStreetMap contributors,ODbL 1.0; https://www.openstreetmap.org/copyright,https://www.openstreetmap.org/node/9965036281,True
osm,,"Bryant Dr, Central Coast, 2259",tesla motors,12,DC,130 kW,-33.31010015,151.4206827,Central Coast Council,2259,Existing Fast Chargers,102,Central Coast,New South Wales,ev_00815,"-33.310100,151.420683",matched,0.07,nearby_identity,node/6517096170,Tesla Supercharger Tuggerah,,Tesla,CCS Type 2,,customers,,,,,OpenStreetMap contributors,ODbL 1.0; https://www.openstreetmap.org/copyright,https://www.openstreetmap.org/node/6517096170,True
osm,,"Car Park behind the Civic Centre, Orange, 2800",nrma electric,2,DC,50 kW,-33.28142647,149.1027898,Orange City Council,2800,Existing Fast Chargers,103,Central West,New South Wales,ev_00821,"-33.281426,149.102790",matched,4.18,nearby_identity,node/13833992860,,,NRMA,CCS Type 2,,,,,,,OpenStreetMap contributors,ODbL 1.0; https://www.openstreetmap.org/copyright,https://www.openstreetmap.org/node/13833992860,True
osm,,"Corner of Snowy River Avenue and Kalkite St, Jindabyne, 2627",nrma electric,4,DC,50 kW,-36.415952,148.6198038,Snowy Monaro Regional Council,2627,Existing Fast Chargers,101,Capital Region,New South Wales,ev_00839,"-36.415952,148.619804",matched,12.56,nearby_identity,node/6460781765,,,NRMA,CCS Type 2,,customers,,,,,OpenStreetMap contributors,ODbL 1.0; https://www.openstreetmap.org/copyright,https://www.openstreetmap.org/node/6460781765,True
osm,,"Eskbank St, Lithgow, 2790",nrma electric,4,DC,180 kW,-33.48123828,150.1588018,"Lithgow Council, City of",2790,Existing Fast Chargers,103,Central West,New South Wales,ev_00852,"-33.481238,150.158802",matched,2.93,nearby_identity,node/12661943299,Eskbank St Car Park,,NRMA,CCS Type 2; CHAdeMO,0.71c/kWh,yes,,,,,OpenStreetMap contributors,ODbL 1.0; https://www.openstreetmap.org/copyright,https://www.openstreetmap.org/node/12661943299,True
osm,,"f 419 Hinterland Wy, Knockrow, 2479",tesla motors,12,DC,130 kW,-28.74953958,153.5347227,Ballina Shire Council,2479,Existing Fast Chargers,112,Richmond - Tweed,New South Wales,ev_00853,"-28.749540,153.534723",matched,3.25,nearby_identity,node/6460580922,Tesla Supercharger,,Tesla,CCS Type 2,,yes,,,,,OpenStreetMap contributors,ODbL 1.0; https://www.openstreetmap.org/copyright,https://www.openstreetmap.org/node/6460580922,True
osm,,"Gipps St, Bega, 2550",nrma electric,2,DC,50 kW,-36.67324729,149.843047,Bega Valley Shire Council,2550,Existing Fast Chargers,101,Capital Region,New South Wales,ev_00861,"-36.673247,149.843047",matched,15.97,nearby_identity,node/6711862737,,,NRMA,CCS Type 2; CHAdeMO,,,,,,,OpenStreetMap contributors,ODbL 1.0; https://www.openstreetmap.org/copyright,https://www.openstreetmap.org/node/6711862737,True
osm,,"Jersey St, Sydney, 2077",bp,2,DC,75 kW,-33.68997402,151.1061692,"Hornsby, The Council of the Shire of",2077,Existing Fast Chargers,121,Sydney - North Sydney and Hornsby,New South Wales,ev_00881,"-33.689974,151.106169",matched,3.83,nearby_identity,node/10687053371,,,bp pulse,CCS Type 2,,,,,,,OpenStreetMap contributors,ODbL 1.0; https://www.openstreetmap.org/copyright,https://www.openstreetmap.org/node/10687053371,True
osm,,"Kiewa St, Albury, 2640",nrma electric,2,DC,50 kW,-36.08379184,146.9148338,Albury City Council,2640,Existing Fast Chargers,109,Murray,New South Wales,ev_00885,"-36.083792,146.914834",matched,2.95,nearby_identity,node/7244697466,,,NRMA,CCS Type 2; CHAdeMO,,,,,,,OpenStreetMap contributors,ODbL 1.0; https://www.openstreetmap.org/copyright,https://www.openstreetmap.org/node/7244697466,True
osm,,"Lauder St, Tumbarumba, 2653",chargefox,2,DC,100 kW,-35.7735596,148.0094114,Snowy Valleys Council,2653,Existing Fast Chargers,113,Riverina,New South Wales,ev_00894,"-35.773560,148.009411",matched,4.57,nearby_identity,node/12885318910,,,Chargefox,CCS Type 2,,,,,,,OpenStreetMap contributors,ODbL 1.0; https://www.openstreetmap.org/copyright,https://www.openstreetmap.org/node/12885318910,True
osm,,"Murray Rose Ave, Sydney, 2127",nrma electric,2,DC,50 kW,-33.84603808,151.0698058,"Parramatta, Council of the City of",2127,Existing Fast Chargers,125,Sydney - Parramatta,New South Wales,ev_00915,"-33.846038,151.069806",matched,4.17,nearby_identity,node/6595579456,,,NRMA,CCS Type 2,,yes,,,,,OpenStreetMap contributors,ODbL 1.0; https://www.openstreetmap.org/copyright,https://www.openstreetmap.org/node/6595579456,True
osm,,"Pacific Hwy, Boambee, 2450",chargefox,2,DC,270 kW,-30.31793098,153.0897227,Coffs Harbour City Council,2450,Existing Fast Chargers,104,Coffs Harbour - Grafton,New South Wales,ev_00927,"-30.317931,153.089723",matched,27.05,nearby_identity,node/10861584624,Chargefox Coffs Harbour,,Chargefox,CCS Type 2; CHAdeMO,,,,,,,OpenStreetMap contributors,ODbL 1.0; https://www.openstreetmap.org/copyright,https://www.openstreetmap.org/node/10861584624,True
osm,,"Pole Ln, Sydney, 2065",evie networks,4,DC,75 kW,-33.82462167,151.1997668,North Sydney Council,2065,Existing Fast Chargers,121,Sydney - North Sydney and Hornsby,New South Wales,ev_00932,"-33.824622,151.199767",matched,20.92,nearby_identity,node/13059026685,,,Evie Networks,CCS Type 2,,,,,,,OpenStreetMap contributors,ODbL 1.0; https://www.openstreetmap.org/copyright,https://www.openstreetmap.org/node/13059026685,True
osm,,"Rogan Ln, Young, 2594",nrma electric,2,DC,50 kW,-34.31177382,148.2950991,Hilltops Council,2594,Existing Fast Chargers,101,Capital Region,New South Wales,ev_00946,"-34.311774,148.295099",matched,5.7,nearby_identity,node/6460798626,,,NRMA,CCS Type 2; CHAdeMO,,,,,,,OpenStreetMap contributors,ODbL 1.0; https://www.openstreetmap.org/copyright,https://www.openstreetmap.org/node/6460798626,True
osm,,"Shire St, West Wyalong, 2671",nrma electric,2,DC,50 kW,-33.92382187,147.2033794,Bland Shire Council,2671,Existing Fast Chargers,103,Central West,New South Wales,ev_00952,"-33.923822,147.203379",matched,29.43,nearby_identity,node/6460796546,,,NRMA,CCS Type 2; CHAdeMO,,,,,,,OpenStreetMap contributors,ODbL 1.0; https://www.openstreetmap.org/copyright,https://www.openstreetmap.org/node/6460796546,True
osm,,"Short St, Mudgee, 2850",nrma electric,4,DC,125 kW,-32.58960965,149.5857578,Mid-Western Regional Council,2850,Existing Fast Chargers,103,Central West,New South Wales,ev_00954,"-32.589610,149.585758",matched,14.81,nearby_identity,node/13341675501,,,NRMA,CCS Type 2; CHAdeMO,,,,,,,OpenStreetMap contributors,ODbL 1.0; https://www.openstreetmap.org/copyright,https://www.openstreetmap.org/node/13341675501,True
osm,,"Skillman's Lane, Coonamble, NSW 2829, Australia",nrma electric,4,DC,50 kW,-34.8411047,148.912197,Coonamble Shire Council,2582,TfNSW Regional,101,Capital Region,New South Wales,ev_00955,"-34.841105,148.912197",matched,23.19,nearby_identity,node/7816558586,,,NRMA,CHAdeMO,,yes,,,,,OpenStreetMap contributors,ODbL 1.0; https://www.openstreetmap.org/copyright,https://www.openstreetmap.org/node/7816558586,True
osm,,"Vesper St, Batemans Bay, 2536",nrma electric,4,DC,75 kW,-35.7095526,150.173983,Eurobodalla Shire Council,2536,Existing Fast Chargers,101,Capital Region,New South Wales,ev_00970,"-35.709553,150.173983",matched,15.02,nearby_identity,node/10026076729,,,NRMA,CCS Type 2; CHAdeMO,,,,,,,OpenStreetMap contributors,ODbL 1.0; https://www.openstreetmap.org/copyright,https://www.openstreetmap.org/node/10026076729,True
osm,,"William St, Sydney, 2046",evie networks,2,DC,75 kW,-33.86864269,151.1185836,"Canada Bay Council, City of",2046,Existing Fast Chargers,120,Sydney - Inner West,New South Wales,ev_00976,"-33.868643,151.118584",matched,3.7,nearby_identity,node/13586251301,,,Evie Networks,CCS Type 2,,,,,,,OpenStreetMap contributors,ODbL 1.0; https://www.openstreetmap.org/copyright,https://www.openstreetmap.org/node/13586251301,True
osm,,"Wingewarra St, Dubbo, 2830",nrma electric,2,DC,50 kW,-32.24936341,148.6091872,Dubbo Regional Council,2830,Existing Fast Chargers,105,Far West and Orana,New South Wales,ev_00977,"-32.249363,148.609187",matched,15.73,nearby_identity,node/6759463884,,,NRMA,CCS Type 2,,,,,,,OpenStreetMap contributors,ODbL 1.0; https://www.openstreetmap.org/copyright,https://www.openstreetmap.org/node/6759463884,True
osm,,"68 Lead St, Yass NSW 2582, Australia",tesla motors,12,DC,175 kW,-34.8436036,148.9142289,Yass Valley Council,2582,Fast Charging R1,101,Capital Region,New South Wales,ev_01650,"-34.843604,148.914229",matched,17.1,nearby_identity,node/11289934645,Tesla Supercharger,,Tesla,CCS Type 2,,,,,,,OpenStreetMap contributors,ODbL 1.0; https://www.openstreetmap.org/copyright,https://www.openstreetmap.org/node/11289934645,True
osm,,"7 Northwood Rd, Longueville NSW 2066, Australia",bp,4,DC,175 kW,-33.8245399,151.172579,Lane Cove Municipal Council,2066,Fast Charging R1,121,Sydney - North Sydney and Hornsby,New South Wales,ev_01662,"-33.824540,151.172579",matched,13.91,nearby_identity,node/13103099620,,,bp pulse,CCS Type 2,,,,,,,OpenStreetMap contributors,ODbL 1.0; https://www.openstreetmap.org/copyright,https://www.openstreetmap.org/node/13103099620,True
osm,,72 Lachlan St Hay NSW 2711 Australia,tesla motors,6,DC,175 kW,-34.5115082,144.8422816,Hay Shire Council,2711,Fast Charging R1,109,Murray,New South Wales,ev_01671,"-34.511508,144.842282",matched,14.06,nearby_identity,node/12087095506,Tesla Supercharger,,Tesla,CCS Type 2,,,,,,,OpenStreetMap contributors,ODbL 1.0; https://www.openstreetmap.org/copyright,https://www.openstreetmap.org/node/12087095506,True
osm,,"Coonabarabran Visitor Cntr, Coonabarabran, 2357",nrma electric,2,DC,50 kW,-31.27879984,149.2792432,Warrumbungle Shire Council,2357,Existing Fast Chargers,105,Far West and Orana,New South Wales,ev_01762,"-31.278800,149.279243",matched,8.42,nearby_identity,node/7384135909,,,NRMA,CCS Type 2; CHAdeMO,,,,,,,OpenStreetMap contributors,ODbL 1.0; https://www.openstreetmap.org/copyright,https://www.openstreetmap.org/node/7384135909,True
osm,,"Hope St, Blaxland NSW 2774, Australia",tesla motors,6,DC,175 kW,-33.7452292,150.6101288,Blue Mountains City Council,2774,Fast Charging R1,124,Sydney - Outer West and Blue Mountains,New South Wales,ev_01781,"-33.745229,150.610129",matched,26.19,nearby_identity,node/10861761260,Tesla Supercharger,,Tesla,CCS Type 2,,yes,,,,,OpenStreetMap contributors,ODbL 1.0; https://www.openstreetmap.org/copyright,https://www.openstreetmap.org/node/10861761260,True
osm,,"1 Kendall Ave, Bathurst, 2795",tesla motors,12,DC,130 kW,-33.41901006,149.5867568,Bathurst Regional Council,2795,Existing Fast Chargers,103,Central West,New South Wales,ev_01816,"-33.419010,149.586757",matched,12.12,nearby_identity,node/8302152508,Tesla Supercharger,,Tesla,Tesla Supercharger (OSM label),,yes,,,,,OpenStreetMap contributors,ODbL 1.0; https://www.openstreetmap.org/copyright,https://www.openstreetmap.org/node/8302152508,True
osm,,"1 Kendall Ave, Bathurst, 2795",nrma electric,2,DC,50 kW,-33.41910215,149.5867528,Bathurst Regional Council,2795,Existing Fast Chargers,103,Central West,New South Wales,ev_01817,"-33.419102,149.586753",matched,4.41,nearby_identity,node/6489744914,,,NRMA,CCS Type 2; CHAdeMO,,,,,,,OpenStreetMap contributors,ODbL 1.0; https://www.openstreetmap.org/copyright,https://www.openstreetmap.org/node/6489744914,True
osm,,"1234 Princes Hwy, Engadine NSW 2233, Australia",bp,4,DC,175 kW,-34.0774032,151.0112053,Sutherland Shire Council,2233,Fast Charging R1,128,Sydney - Sutherland,New South Wales,ev_01896,"-34.077403,151.011205",matched,27.93,nearby_identity,node/12605963234,,,bp pulse,CCS Type 2; CHAdeMO,,,,,,,OpenStreetMap contributors,ODbL 1.0; https://www.openstreetmap.org/copyright,https://www.openstreetmap.org/node/12605963234,True
