source,source_record_id,source_address,external_id,distance_m,operator_match,address_similarity,name_similarity,postcode_conflict,eligible,match_method,external_title,external_address,external_operator,external_source_url
evie,ev_00007,"1 Bells Blvd, Kingscliff, 2487",6398,0.17,True,1.0,0.0,False,True,nearby_identity,Salt Village – Kingscliff,1 Bells Blvd  Kingscliff 2487,Evie Networks,https://evie.com.au/find-a-charger/
evie,ev_00017,"1 Frederick St, Sydney, 2064",7285,0.1,True,0.667,0.0,False,True,nearby_identity,Home HQ – Artarmon,1 Frederick St  Artarmon 2064,Evie Networks,https://evie.com.au/find-a-charger/
evie,ev_00024,"1 Ingham Dr, Casula NSW 2170",4859,0.03,True,1.0,0.0,False,True,nearby_identity,Casula Mall,1 Ingham Dr  Casula 2170,Evie Networks,https://evie.com.au/find-a-charger/
evie,ev_00037,"1 Perry St, Batemans Bay, 2536",6798,33.1,True,1.0,0.0,False,True,nearby_identity,Batemans Bay Village Centre,1 Perry Street  Batemans Bay 2536,Evie Networks,https://evie.com.au/find-a-charger/
evie,ev_00037,"1 Perry St, Batemans Bay, 2536",7643,376.89,True,0.444,0.0,False,False,,Dan Murphy’s – Batemans Bay,51/53A Orient St  Batemans Bay 2536,Evie Networks,https://evie.com.au/find-a-charger/
evie,ev_00038,"1 Plunkett St, Sydney, 2065",6819,267.4,False,0.25,0.0,False,False,,Mall 88 – St Leonards,88 Christie St  St Leonards 2065,Evie Networks,https://evie.com.au/find-a-charger/
evie,ev_00038,"1 Plunkett St, Sydney, 2065",5772,460.36,False,0.111,0.0,False,False,,Hume Street Parking – Crows Nest,Pole Lane  Crows Nest 2065,Evie Networks,https://evie.com.au/find-a-charger/
evie,ev_00050,"1/9 Railway Parade, Kogarah NSW 2217",4512,65.79,True,1.0,0.0,False,True,nearby_identity,Kogarah Town Centre,1-9 Railway Parade  Kogarah 2217,Evie Networks,https://evie.com.au/find-a-charger/
evie,ev_00051,"10 Brookfield Rd, Minto NSW 2566",6401,3.33,True,1.0,0.0,False,True,nearby_identity,Minto Mall,10 Brookfield Road  Minto 2566,Evie Networks,https://evie.com.au/find-a-charger/
evie,ev_00054,"10 Elizabeth St, Bathurst, 2795",7320,0.07,True,1.0,0.0,False,True,nearby_identity,10 Elizabeth Street Parking – Bathurst,10 Elizabeth Street  Bathurst 2795,Evie Networks,https://evie.com.au/find-a-charger/
evie,ev_00068,"106 Parraween St, Sydney, 2090",7674,0.1,True,0.667,0.0,False,True,nearby_identity,106 Parraween Street Parking – Cremorne,106 Parraween Street  Cremorne 2090,Evie Networks,https://evie.com.au/find-a-charger/
evie,ev_00103,"119 Stenhouse Drive, Cameron Park, 2285",6211,0.07,True,1.0,0.0,False,True,nearby_identity,Ampol – Cameron Park,119 Stenhouse Drive  Cameron Park 2285,Evie Networks,https://evie.com.au/find-a-charger/
evie,ev_00111,"12 Lord St, Botany NSW 2019",4539,112.77,True,1.0,0.0,False,True,nearby_identity,Vanguard Logistics – Botany,12 Lord Street  Botany 2019,Evie Networks,https://evie.com.au/find-a-charger/
evie,ev_00127,"128 Flood Street, Leichhardt NSW 2040",4505,0.01,True,1.0,0.0,False,True,nearby_identity,MarketPlace Leichhardt,128 Flood Street  Leichhardt 2040,Evie Networks,https://evie.com.au/find-a-charger/
evie,ev_00128,"1-3 Dural St, Hornsby NSW 2077",7322,1.27,True,1.0,0.0,False,True,nearby_identity,1-3 Dural Street Parking – Hornsby,1-3 Dural Street  Hornsby 2077,Evie Networks,https://evie.com.au/find-a-charger/
evie,ev_00134,"13125 Hume Hwy, Sutton Forest, 2577",6774,13.18,True,1.0,0.0,False,True,nearby_identity,McDonalds – Sutton Forest West,13125 Hume Hwy  Sutton Forest 2577,Evie Networks,https://evie.com.au/find-a-charger/
evie,ev_00167,"149 Alison Rd, Sydney, 2031",5405,318.72,False,0.25,0.0,False,False,,Royal Randwick,73 Belmore Road  Randwick 2031,Evie Networks,https://evie.com.au/find-a-charger/
evie,ev_00178,"15 Ridge St, Sydney, 2060",5827,0.15,True,0.571,0.0,False,True,nearby_identity,25 Ridge Street Parking – North Sydney,25 Ridge Street  North Sydney 2060,Evie Networks,https://evie.com.au/find-a-charger/
evie,ev_00186,"152 Pacific Hwy, 36 Josephson St, Swansea NSW 2281",6077,0.04,True,0.625,0.0,False,True,nearby_identity,Dan Murphy’s – Swansea,152 Pacific Hwy  Swansea 2281,Evie Networks,https://evie.com.au/find-a-charger/
evie,ev_00202,"16 Oaks Ave, Sydney, 2099",4507,83.65,False,0.333,0.0,False,False,,Dee Why Marketplace,27-33 Oaks Avenue  Dee Why 2099,Evie Networks,https://evie.com.au/find-a-charger/
evie,ev_00227,"18 Silver St, Sydney, 2031",5405,253.33,False,0.111,0.0,False,False,,Royal Randwick,73 Belmore Road  Randwick 2031,Evie Networks,https://evie.com.au/find-a-charger/
evie,ev_00229,"18 Victoria Avenue, Castle Hill NSW 2154",7191,2.49,True,1.0,0.0,False,True,nearby_identity,HomeCo – Castle Hill,18 Victoria Avenue  Castle Hill 2154,Evie Networks,https://evie.com.au/find-a-charger/
evie,ev_00239,"188 Raglan St, Sydney, 2088",5360,0.09,True,0.667,0.0,False,True,nearby_identity,188 Raglan Street Parking – Mosman,188 Raglan St  Mosman 2088,Evie Networks,https://evie.com.au/find-a-charger/
evie,ev_00239,"188 Raglan St, Sydney, 2088",4607,335.18,True,0.25,0.0,False,False,,46 Gouldsbury Street Parking – Mosman,46 Gouldsbury St  Mosman 2088,Evie Networks,https://evie.com.au/find-a-charger/
evie,ev_00247,"1-9 Railway Parade, Kogarah NSW 2217",4512,64.0,True,1.0,0.0,False,True,nearby_identity,Kogarah Town Centre,1-9 Railway Parade  Kogarah 2217,Evie Networks,https://evie.com.au/find-a-charger/
evie,ev_00257,"1985 Camden Valley Way, Prestons NSW 2170",4417,1.25,True,0.857,0.0,False,True,nearby_identity,HomeCo – Prestons,1975-1985 Camden Valley Way  Prestons 2170,Evie Networks,https://evie.com.au/find-a-charger/
evie,ev_00264,"2 Coast Hospital Rd, Sydney, 2036",7655,0.07,True,0.625,0.0,False,True,nearby_identity,Prince Henry Centre – Little Bay,2 Coast Hospital Road  Little Bay 2036,Evie Networks,https://evie.com.au/find-a-charger/
evie,ev_00270,"2 Hercules Street, Murrumbateman, 2582",7321,0.05,True,1.0,0.0,False,True,nearby_identity,Murrumbateman Country Inn – AA009A,"2 Hercules Street, Murrumbateman NSW  Murrumbateman 2582",Evie Networks,https://evie.com.au/find-a-charger/
evie,ev_00279,"2 Premier St, Sydney, 2217",4512,122.65,False,0.1,0.0,False,False,,Kogarah Town Centre,1-9 Railway Parade  Kogarah 2217,Evie Networks,https://evie.com.au/find-a-charger/
evie,ev_00283,"2 Rosenthal Ave, Lane Cove NSW 2066",6348,73.1,True,1.0,0.0,False,True,nearby_identity,The Canopy – Lane Cove,2 Rosenthal Avenue  Lane Cove 2066,Evie Networks,https://evie.com.au/find-a-charger/
evie,ev_00288,"2 Stewart St, Lithgow, 2790",5904,0.06,True,0.667,0.0,False,True,nearby_identity,Hungry Jacks – Lithgow,2 Stewart Street  Bowenfels 2790,Evie Networks,https://evie.com.au/find-a-charger/
evie,ev_00298,"20 Smidmore St, Marrickville NSW 2204",6698,119.0,True,1.0,0.0,False,True,nearby_identity,Marrickville Metro,20 Smidmore St  Marrickville 2204,Evie Networks,https://evie.com.au/find-a-charger/
evie,ev_00300,"200 Crown St, Wollongong NSW 2500",5875,0.03,True,0.5,0.0,False,True,nearby_identity,Wollongong Central Shopping Centre,Regent St  Wollongong 2500,Evie Networks,https://evie.com.au/find-a-charger/
evie,ev_00303,"201 Manning River Drive, Taree, 2430",6772,2.46,True,0.714,0.0,False,True,nearby_identity,Taree South Service Centre,201 Manning River Drive  Glenthrone 2430,Evie Networks,https://evie.com.au/find-a-charger/
evie,ev_00306,20-22 Camden Rd Campbelltown NSW 2560 Australia,6701,260.54,False,0.222,0.0,False,False,,Marketfair Campbelltown,4 Tindall Street  Campbelltown 2560,Evie Networks,https://evie.com.au/find-a-charger/
evie,ev_00310,"205 Old Hume Hwy, Mittagong, 2575",4336,0.11,True,1.0,0.0,False,True,nearby_identity,Highlands Hub – Mittagong,205 Old Hume Hwy  Mittagong 2575,Evie Networks,https://evie.com.au/find-a-charger/
evie,ev_00331,"220 Taren Point Rd, Caringbah NSW 2229",4411,32.4,True,1.0,0.0,False,True,nearby_identity,HomeCo – Caringbah,220 Taren Point Rd  Caringbah 2229,Evie Networks,https://evie.com.au/find-a-charger/
evie,ev_00332,"221 Wolseley St, Jamisontown NSW 2750",6448,23.34,True,1.0,0.0,True,False,nearby_identity,Shell Coles Express – Jamisontown,221 Wolseley Street  Jamisontown 2750,Evie Networks,https://evie.com.au/find-a-charger/
evie,ev_00335,"224 Prospect Hwy, Seven Hills NSW 2147",7260,1.73,True,1.0,0.0,False,True,nearby_identity,Seven Hills Plaza,224 Prospect Hwy  Seven Hills 2147,Evie Networks,https://evie.com.au/find-a-charger/
evie,ev_00341,"227 Railway Terrace, Schofields NSW 2762",3847,11.57,True,1.0,0.0,False,True,nearby_identity,Schofields Village,227 Railway Terrace  Schofields 2762,Evie Networks,https://evie.com.au/find-a-charger/
evie,ev_00342,"228-234 Pacific Hwy, Swansea NSW, 2281",6077,338.96,False,0.571,0.0,False,False,,Dan Murphy’s – Swansea,152 Pacific Hwy  Swansea 2281,Evie Networks,https://evie.com.au/find-a-charger/
evie,ev_00354,"24 Cooper St, Macksville, 2447",3565,0.11,True,1.0,0.0,False,True,nearby_identity,Ampol Foodary – Macksville,24 Cooper St  Macksville 2447,Evie Networks,https://evie.com.au/find-a-charger/
evie,ev_00357,"24 Sallys Corner Rd, Exeter, 2579",6774,476.74,False,0.0,0.0,True,False,,McDonalds – Sutton Forest West,13125 Hume Hwy  Sutton Forest 2577,Evie Networks,https://evie.com.au/find-a-charger/
evie,ev_00358,"240 Hillsborough Rd, Warners Bay NSW 2282",7316,7.62,True,1.0,0.0,False,True,nearby_identity,Warners Bay Grove,240 Hillsborough Rd  Warners Bay 2282,Evie Networks,https://evie.com.au/find-a-charger/
evie,ev_00366,"247 Belmore Rd, Riverwood NSW 2210",7719,0.03,True,1.0,0.0,False,True,nearby_identity,Riverwood Plaza,247 Belmore Rd  Riverwood 2210,Evie Networks,https://evie.com.au/find-a-charger/
evie,ev_00369,"25 Frenchs Forest Rd E, Frenchs Forest NSW 2086",7713,13.54,True,1.0,0.0,False,True,nearby_identity,Allambie Grove Business Park – Frenchs Forest,25 Frenchs Forest Rd E  Frenchs Forest 2086,Evie Networks,https://evie.com.au/find-a-charger/
evie,ev_00378,"26 Bent St, Sydney, 2137",6577,0.06,True,0.667,0.0,False,True,nearby_identity,Concord Community Church,26 Bent St  Concord 2137,Evie Networks,https://evie.com.au/find-a-charger/
evie,ev_00383,"260 Jersey Rd, Plumpton NSW 2761",6419,122.45,True,1.0,0.0,False,True,nearby_identity,HomeCo – Plumpton Marketplace,260 Jersey Rd  Plumpton 2761,Evie Networks,https://evie.com.au/find-a-charger/
evie,ev_00384,"260A Liverpool Rd, Ashfield NSW 2131",3651,0.04,True,1.0,0.0,False,True,nearby_identity,Ashfield Mall,260A Liverpool Rd  Ashfield 2131,Evie Networks,https://evie.com.au/find-a-charger/
evie,ev_00392,"27-33 Oaks Ave, Dee Why NSW 2099",4507,2.68,True,1.0,0.0,False,True,nearby_identity,Dee Why Marketplace,27-33 Oaks Avenue  Dee Why 2099,Evie Networks,https://evie.com.au/find-a-charger/
evie,ev_00398,"2-8 Turramurra Ave, Sydney, 2074",5961,0.07,True,0.833,0.0,False,True,nearby_identity,Gilroy Lane Car Park – Turramurra,2-8 Turramurra Ave  Turramurra 2074,Evie Networks,https://evie.com.au/find-a-charger/
evie,ev_00401,"2848 Pacific Hwy, Tyndale NSW, 2464",6617,5.52,True,0.667,0.0,True,False,nearby_identity,Tyndale Tourist Park Roadhouse,2848 Pacific Hwy  Tyndale 2460,Evie Networks,https://evie.com.au/find-a-charger/
evie,ev_00407,"293 Belmore Rd, Sydney, 2210",7719,217.17,False,0.429,0.0,False,False,,Riverwood Plaza,247 Belmore Rd  Riverwood 2210,Evie Networks,https://evie.com.au/find-a-charger/
evie,ev_00412,"2A Beach Rd, Batemans Bay, 2536",6798,134.87,False,0.333,0.0,False,False,,Batemans Bay Village Centre,1 Perry Street  Batemans Bay 2536,Evie Networks,https://evie.com.au/find-a-charger/
evie,ev_00412,"2A Beach Rd, Batemans Bay, 2536",7643,299.3,False,0.3,0.0,False,False,,Dan Murphy’s – Batemans Bay,51/53A Orient St  Batemans Bay 2536,Evie Networks,https://evie.com.au/find-a-charger/
evie,ev_00418,"3 Bungendore Rd, Queanbeyan NSW 2620",7725,1.0,True,1.0,0.0,False,True,nearby_identity,Red Rooster – Queanbeyan,3 Bungendore Rd  Queanbeyan 2620,Evie Networks,https://evie.com.au/find-a-charger/
evie,ev_00423,"3 George St, North Strathfield NSW 2137",7315,4.69,True,1.0,0.0,False,True,nearby_identity,Bakehouse Quarter – North Strathfield,3 George St  North Strathfield 2137,Evie Networks,https://evie.com.au/find-a-charger/
evie,ev_00426,"3 Leisure Dr, Tweed Heads, 2486",5047,0.05,True,0.5,0.0,False,True,nearby_identity,Banora Shopping Village – Banora Point,3 Leisure Drive  Banora Point 2486,Evie Networks,https://evie.com.au/find-a-charger/
evie,ev_00455,"32 Sydney St, Tarcutta, 2652",7723,0.04,True,1.0,0.0,False,True,nearby_identity,Ampol Foodary – Tarcutta,32 Sydney Street  Tarcutta 2652,Evie Networks,https://evie.com.au/find-a-charger/
evie,ev_00457,"322 Woodville Rd, Guildford NSW 2161",7694,0.28,True,1.0,0.0,False,True,nearby_identity,Red Rooster – Guildford,322 Woodville Road  Guildford 2161,Evie Networks,https://evie.com.au/find-a-charger/
evie,ev_00495,"368 Anzac Pde, Sydney, 2032",5841,471.72,False,0.1,0.0,False,False,,88 Houston Road Parking – Kingsford,88-90 Houston Road  Kingsford 2032,Evie Networks,https://evie.com.au/find-a-charger/
evie,ev_00501,"38 Abbott Rd, Seven Hills NSW 2147",7323,28.78,False,1.0,0.0,False,False,nearby_identity,Ampol Foodary – Seven Hills,38 Abbott Rd  Seven Hills 2147,Evie Networks,https://evie.com.au/find-a-charger/
evie,ev_00511,"3A Cowell St, Sydney, 2111",7286,0.12,True,0.667,0.0,False,True,nearby_identity,3A Cowell Street Parking – Gladesville,3A Cowell Street  Gladesville 2111,Evie Networks,https://evie.com.au/find-a-charger/
evie,ev_00517,"4 Tindall St, Sydney, 2560",6701,0.02,True,0.667,0.0,False,True,nearby_identity,Marketfair Campbelltown,4 Tindall Street  Campbelltown 2560,Evie Networks,https://evie.com.au/find-a-charger/
evie,ev_00519,"40 Gouldsbury St, Sydney, 2088",4607,0.04,True,0.429,0.0,False,True,nearby_identity,46 Gouldsbury Street Parking – Mosman,46 Gouldsbury St  Mosman 2088,Evie Networks,https://evie.com.au/find-a-charger/
evie,ev_00519,"40 Gouldsbury St, Sydney, 2088",5360,335.12,True,0.25,0.0,False,False,,188 Raglan Street Parking – Mosman,188 Raglan St  Mosman 2088,Evie Networks,https://evie.com.au/find-a-charger/
evie,ev_00519,"40 Gouldsbury St, Sydney, 2088",6008,337.13,True,0.111,0.0,False,False,,Mosman Village Green,6 Myahgah Rd  Mosman 2088,Evie Networks,https://evie.com.au/find-a-charger/
evie,ev_00528,"401 Cabramatta Rd W, Cabramatta NSW 2166",7319,0.05,True,0.8,0.0,False,True,nearby_identity,Hungry Jack’s – Cabramatta,401 Cabramatta Rd  Cabramatta 2166,Evie Networks,https://evie.com.au/find-a-charger/
evie,ev_00542,"42 Camden Rd, Sydney, 2560",6701,89.06,False,0.111,0.0,False,False,,Marketfair Campbelltown,4 Tindall Street  Campbelltown 2560,Evie Networks,https://evie.com.au/find-a-charger/
evie,ev_00565,"4-6 New St, Lawson NSW 2783",6769,0.04,True,1.0,0.0,False,True,nearby_identity,4 New Street Parking – Lawson,4-6 New St  Lawson 2783,Evie Networks,https://evie.com.au/find-a-charger/
evie,ev_00566,"4-6 Niangala Cl, Belrose NSW 2085",7192,0.03,True,0.714,0.0,False,True,nearby_identity,HomeCo – Belrose,4-6 Niangala Close  Belrose 2085,Evie Networks,https://evie.com.au/find-a-charger/
evie,ev_00588,"5 Ray St, Sydney, 2074",5961,312.92,False,0.111,0.0,False,False,,Gilroy Lane Car Park – Turramurra,2-8 Turramurra Ave  Turramurra 2074,Evie Networks,https://evie.com.au/find-a-charger/
evie,ev_00591,"5 Willowdale Dr, Denham Court NSW 2565",4099,2.94,True,1.0,0.0,False,True,nearby_identity,Willowdale Shopping Centre – Denham Court,5 Willowdale Dr  Denham Court 2565,Evie Networks,https://evie.com.au/find-a-charger/
evie,ev_00612,"53A Orient St, Batemans Bay, 2536",7643,20.5,True,0.857,0.0,False,True,nearby_identity,Dan Murphy’s – Batemans Bay,51/53A Orient St  Batemans Bay 2536,Evie Networks,https://evie.com.au/find-a-charger/
evie,ev_00612,"53A Orient St, Batemans Bay, 2536",6798,411.38,True,0.5,0.0,False,False,,Batemans Bay Village Centre,1 Perry Street  Batemans Bay 2536,Evie Networks,https://evie.com.au/find-a-charger/
evie,ev_00616,"54 Minjungbal Dr, Tweed Heads, 2486",6576,0.13,True,1.0,0.0,False,True,nearby_identity,Tweed City Shopping Centre,54 Minjungbal Drive  Tweed Heads 2486,Evie Networks,https://evie.com.au/find-a-charger/
evie,ev_00642,"594 Anzac Pde, Sydney, 2032",7711,0.08,True,0.667,0.0,False,True,nearby_identity,594 Anzac Parade Parking – Kingsford,594 Anzac Parade  Kingsford 2032,Evie Networks,https://evie.com.au/find-a-charger/
evie,ev_00653,"6 Myahgah Rd, Sydney, 2088",6008,0.08,True,0.667,0.0,False,True,nearby_identity,Mosman Village Green,6 Myahgah Rd  Mosman 2088,Evie Networks,https://evie.com.au/find-a-charger/
evie,ev_00653,"6 Myahgah Rd, Sydney, 2088",4607,337.03,True,0.111,0.0,False,False,,46 Gouldsbury Street Parking – Mosman,46 Gouldsbury St  Mosman 2088,Evie Networks,https://evie.com.au/find-a-charger/
evie,ev_00657,"60 Glenwood Park Dr, Glenwood NSW 2768",6108,2.1,True,1.0,0.0,False,True,nearby_identity,Glenwood Village Shopping Centre,60 Glenwood Park Drive  Glenwood 2768,Evie Networks,https://evie.com.au/find-a-charger/
evie,ev_00662,"60-62 Amherst St, Sydney, 2062",7287,0.04,True,0.5,0.0,False,True,nearby_identity,60-62 Amherst Street Parking – Cammeray,60-62 Amhurst Street  Cammeray 2062,Evie Networks,https://evie.com.au/find-a-charger/
evie,ev_00662,"60-62 Amherst St, Sydney, 2062",7756,141.01,True,0.333,0.0,False,False,,Cammeray Square,Corner Miller St & Amherst St  Cammeray 2062,Evie Networks,https://evie.com.au/find-a-charger/
evie,ev_00665,"620-658 Terrigal Dr, Central Coast, 2250",6517,0.13,True,0.625,0.0,False,True,nearby_identity,Erina Fair,620-658 Terrigal Dr  Erina 2250,Evie Networks,https://evie.com.au/find-a-charger/
evie,ev_00669,"634-726 Princes Hwy, Tempe NSW 2044",7214,16.11,True,1.0,0.0,False,True,nearby_identity,Ikea – Tempe,634-726 Princes Hwy  Tempe 2044,Evie Networks,https://evie.com.au/find-a-charger/
evie,ev_00696,"725 Pittwater Rd, Sydney, 2099",4507,237.94,False,0.091,0.0,False,False,,Dee Why Marketplace,27-33 Oaks Avenue  Dee Why 2099,Evie Networks,https://evie.com.au/find-a-charger/
evie,ev_00698,"73 Belmore Road, Randwick NSW 2031",5405,27.15,True,1.0,0.0,False,True,nearby_identity,Royal Randwick,73 Belmore Road  Randwick 2031,Evie Networks,https://evie.com.au/find-a-charger/
evie,ev_00699,"731-741 Military Rd, Sydney, 2088",4607,65.48,False,0.1,0.0,False,False,,46 Gouldsbury Street Parking – Mosman,46 Gouldsbury St  Mosman 2088,Evie Networks,https://evie.com.au/find-a-charger/
evie,ev_00699,"731-741 Military Rd, Sydney, 2088",5360,285.46,False,0.1,0.0,False,False,,188 Raglan Street Parking – Mosman,188 Raglan St  Mosman 2088,Evie Networks,https://evie.com.au/find-a-charger/
evie,ev_00699,"731-741 Military Rd, Sydney, 2088",6008,402.21,False,0.222,0.0,False,False,,Mosman Village Green,6 Myahgah Rd  Mosman 2088,Evie Networks,https://evie.com.au/find-a-charger/
evie,ev_00710,"772 Anzac Pde, Sydney, 2035",5866,0.03,True,0.667,0.0,False,True,nearby_identity,772 Anzac Parade Parking – Maroubra,772 Anzac Parade  Maroubra 2035,Evie Networks,https://evie.com.au/find-a-charger/
evie,ev_00734,"819-827 Anzac Pde, Sydney, 2035",5822,39.61,False,0.375,0.0,False,False,,827 Anzac Parade Parking – Maroubra,872 Anzac Parade  Maroubra 2035,Evie Networks,https://evie.com.au/find-a-charger/
evie,ev_00746,"872 Anzac Pde, Sydney, 2035",5822,0.09,True,0.667,0.0,False,True,nearby_identity,827 Anzac Parade Parking – Maroubra,872 Anzac Parade  Maroubra 2035,Evie Networks,https://evie.com.au/find-a-charger/
evie,ev_00750,"88 Christie St, St Leonards NSW 2065",6819,6.92,True,1.0,0.0,False,True,nearby_identity,Mall 88 – St Leonards,88 Christie St  St Leonards 2065,Evie Networks,https://evie.com.au/find-a-charger/
evie,ev_00750,"88 Christie St, St Leonards NSW 2065",5772,432.39,True,0.111,0.0,False,False,,Hume Street Parking – Crows Nest,Pole Lane  Crows Nest 2065,Evie Networks,https://evie.com.au/find-a-charger/
evie,ev_00753,"888 Pittwater Rd, Sydney, 2099",4507,132.11,False,0.091,0.0,False,False,,Dee Why Marketplace,27-33 Oaks Avenue  Dee Why 2099,Evie Networks,https://evie.com.au/find-a-charger/
evie,ev_00754,"88-90 Houston Rd, Sydney, 2032",5841,0.09,True,0.714,0.0,False,True,nearby_identity,88 Houston Road Parking – Kingsford,88-90 Houston Road  Kingsford 2032,Evie Networks,https://evie.com.au/find-a-charger/
evie,ev_00764,"9 Eastern Valley Way, Northbridge NSW 2063",6770,1.53,True,1.0,0.0,False,True,nearby_identity,Northbridge Plaza,9 Eastern Valley Way  Northbridge 2063,Evie Networks,https://evie.com.au/find-a-charger/
evie,ev_00769,"9 Vickery Ave, Sydney, 2029",5963,0.09,True,0.571,0.0,False,True,nearby_identity,Lyne Park – Rose Bay,9 Vickery Ave  Rose Bay 2029,Evie Networks,https://evie.com.au/find-a-charger/
evie,ev_00772,"91 Spring St, Sydney, 2022",6699,0.1,True,0.5,0.0,False,True,nearby_identity,Eastgate Bondi Junction,71/91 Spring St  Bondi Junction 2022,Evie Networks,https://evie.com.au/find-a-charger/
evie,ev_00775,"92 Houston Rd, Kingsford NSW 2032, Australia",5841,17.86,True,0.571,0.208,False,True,nearby_identity,88 Houston Road Parking – Kingsford,88-90 Houston Road  Kingsford 2032,Evie Networks,https://evie.com.au/find-a-charger/
evie,ev_00777,"93 Byamee St, Dapto NSW 2530",6773,37.27,True,0.5,0.0,False,True,nearby_identity,Dapto Mall,Moombara St  Dapto 2530,Evie Networks,https://evie.com.au/find-a-charger/
evie,ev_00778,"93 Princes Hwy, Ulladulla, 2539",6579,309.6,False,0.286,0.0,False,False,,Ulladulla Shopping Centre,85 South St  Ulladulla 2539,Evie Networks,https://evie.com.au/find-a-charger/
evie,ev_00779,"930 Old Northern Rd, Glenorie NSW 2157",7739,0.6,True,1.0,0.0,False,True,nearby_identity,The Village Glenorie,930 Old Northern Road  Glenorie 2157,Evie Networks,https://evie.com.au/find-a-charger/
evie,ev_00783,"9-49 Chapel Rd, Bankstown NSW 2200",6695,0.25,True,1.0,0.0,False,True,nearby_identity,HomeCo – Bankstown,9-49 Chapel Road  Bankstown 2200,Evie Networks,https://evie.com.au/find-a-charger/
evie,ev_00819,"Camden Valley Way &, Somerset Ave, Narellan NSW 2567",3525,360.87,True,1.0,0.0,True,False,,Narellan Town Centre,Camden Valley Way & Somerset Avenue  Narellan 2567,Evie Networks,https://evie.com.au/find-a-charger/
evie,ev_00833,"Cnr Elara Bvd &, Northbourne Dr, Sydney, 2765",7299,0.06,True,0.667,0.0,False,True,nearby_identity,Elara Village – Marsden Park,"Cnr Elara Bvd &, Northbourne Dr  Marsden Park` 2765",Evie Networks,https://evie.com.au/find-a-charger/
evie,ev_00834,"Cnr Herring & Waterloo Rd, North Ryde NSW 2113",6614,137.13,True,1.0,0.0,False,True,nearby_identity,Macquarie Centre – North Ryde,Cnr Herring Rd & Waterloo Rd  North Ryde 2113,Evie Networks,https://evie.com.au/find-a-charger/
evie,ev_00835,"Cnr Herring Rd & Waterloo Rd, Sydney, 2113",6614,37.57,False,0.625,0.0,False,False,nearby_identity,Macquarie Centre – North Ryde,Cnr Herring Rd & Waterloo Rd  North Ryde 2113,Evie Networks,https://evie.com.au/find-a-charger/
evie,ev_00836,"Cnr Miller & Amherst St, Cammeray NSW 2062",7756,0.93,True,0.714,0.0,False,True,nearby_identity,Cammeray Square,Corner Miller St & Amherst St  Cammeray 2062,Evie Networks,https://evie.com.au/find-a-charger/
evie,ev_00836,"Cnr Miller & Amherst St, Cammeray NSW 2062",7287,141.9,True,0.333,0.0,False,False,,60-62 Amherst Street Parking – Cammeray,60-62 Amhurst Street  Cammeray 2062,Evie Networks,https://evie.com.au/find-a-charger/
evie,ev_00850,"Dorhauer Ln, Sydney, 2025",4719,4.94,True,0.333,0.0,False,True,nearby_identity,107 Queen Street Parking – Woollahra,Dorhauer Lane  Woollahra 2025,Evie Networks,https://evie.com.au/find-a-charger/
evie,ev_00856,"Franklin St, Sydney, 2036",5855,0.14,True,0.5,0.0,False,True,nearby_identity,Pioneers Park Sportsfields – Malabar,3 Franklin St  Malabar 2036,Evie Networks,https://evie.com.au/find-a-charger/
evie,ev_00884,"Kable Ave, Tamworth, 2340",6730,292.97,False,0.286,0.0,False,False,,Centrepoint Tamworth,"374 Peel Street, Tamworth  Tamworth 2340",Evie Networks,https://evie.com.au/find-a-charger/
evie,ev_00889,"Koonya Cct, Sydney, 2229",4411,135.71,False,0.111,0.0,False,False,,HomeCo – Caringbah,220 Taren Point Rd  Caringbah 2229,Evie Networks,https://evie.com.au/find-a-charger/
evie,ev_00932,"Pole Ln, Sydney, 2065",5772,0.11,True,0.286,0.0,False,True,nearby_identity,Hume Street Parking – Crows Nest,Pole Lane  Crows Nest 2065,Evie Networks,https://evie.com.au/find-a-charger/
evie,ev_00932,"Pole Ln, Sydney, 2065",6819,426.67,True,0.125,0.0,False,False,,Mall 88 – St Leonards,88 Christie St  St Leonards 2065,Evie Networks,https://evie.com.au/find-a-charger/
evie,ev_00970,"Vesper St, Batemans Bay, 2536",6798,295.23,False,0.571,0.0,False,False,,Batemans Bay Village Centre,1 Perry Street  Batemans Bay 2536,Evie Networks,https://evie.com.au/find-a-charger/
evie,ev_00970,"Vesper St, Batemans Bay, 2536",7643,337.88,False,0.5,0.0,False,False,,Dan Murphy’s – Batemans Bay,51/53A Orient St  Batemans Bay 2536,Evie Networks,https://evie.com.au/find-a-charger/
evie,ev_00976,"William St, Sydney, 2046",5947,0.1,True,0.5,0.0,False,True,nearby_identity,Five Dock Leisure Centre,William St  Five Dock 2046,Evie Networks,https://evie.com.au/find-a-charger/
evie,ev_01071,20-22 Camden Rd Campbelltown NSW 2560 Australia,6701,156.36,False,0.222,0.0,False,False,,Marketfair Campbelltown,4 Tindall Street  Campbelltown 2560,Evie Networks,https://evie.com.au/find-a-charger/
evie,ev_01292,"173 Canterbury Road, Bankstown NSW 2200",6695,181.89,False,0.375,0.0,False,False,,HomeCo – Bankstown,9-49 Chapel Road  Bankstown 2200,Evie Networks,https://evie.com.au/find-a-charger/
evie,ev_01340,"2 Coast Hospital Rd, Little Bay NSW 2036, Australia",7655,27.32,True,1.0,0.0,False,True,nearby_identity,Prince Henry Centre – Little Bay,2 Coast Hospital Road  Little Bay 2036,Evie Networks,https://evie.com.au/find-a-charger/
evie,ev_01398,"234 Miller St, North Sydney NSW 2060, Australia",5827,92.0,True,0.5,0.0,False,True,nearby_identity,25 Ridge Street Parking – North Sydney,25 Ridge Street  North Sydney 2060,Evie Networks,https://evie.com.au/find-a-charger/
evie,ev_01439,"2-8 Turramurra Ave, Turramurra NSW 2074, Australia",5961,27.3,True,1.0,0.0,False,True,nearby_identity,Gilroy Lane Car Park – Turramurra,2-8 Turramurra Ave  Turramurra 2074,Evie Networks,https://evie.com.au/find-a-charger/
evie,ev_01512,"374 Peel St, Tamworth NSW 2340, Australia",6730,0.0,True,1.0,0.0,False,True,nearby_identity,Centrepoint Tamworth,"374 Peel Street, Tamworth  Tamworth 2340",Evie Networks,https://evie.com.au/find-a-charger/
evie,ev_01520,"3A Cowell St, Gladesville NSW 2111, Australia",7286,15.36,True,1.0,0.0,False,True,nearby_identity,3A Cowell Street Parking – Gladesville,3A Cowell Street  Gladesville 2111,Evie Networks,https://evie.com.au/find-a-charger/
evie,ev_01615,"592 Anzac Pde, Kingsford NSW 2032, Australia",7711,62.9,True,0.667,0.0,False,True,nearby_identity,594 Anzac Parade Parking – Kingsford,594 Anzac Parade  Kingsford 2032,Evie Networks,https://evie.com.au/find-a-charger/
evie,ev_01615,"592 Anzac Pde, Kingsford NSW 2032, Australia",5841,474.81,True,0.222,0.0,False,False,,88 Houston Road Parking – Kingsford,88-90 Houston Road  Kingsford 2032,Evie Networks,https://evie.com.au/find-a-charger/
evie,ev_01621,"60-62 Amherst St, Cammeray NSW 2062, Australia",7287,24.6,True,0.714,0.0,False,True,nearby_identity,60-62 Amherst Street Parking – Cammeray,60-62 Amhurst Street  Cammeray 2062,Evie Networks,https://evie.com.au/find-a-charger/
evie,ev_01621,"60-62 Amherst St, Cammeray NSW 2062, Australia",7756,147.45,True,0.5,0.0,False,True,nearby_identity,Cammeray Square,Corner Miller St & Amherst St  Cammeray 2062,Evie Networks,https://evie.com.au/find-a-charger/
evie,ev_01640,"65 Hume St, Crows Nest NSW 2065, Australia",5772,54.45,True,0.375,0.0,False,False,,Hume Street Parking – Crows Nest,Pole Lane  Crows Nest 2065,Evie Networks,https://evie.com.au/find-a-charger/
evie,ev_01640,"65 Hume St, Crows Nest NSW 2065, Australia",6819,462.82,True,0.222,0.0,False,False,,Mall 88 – St Leonards,88 Christie St  St Leonards 2065,Evie Networks,https://evie.com.au/find-a-charger/
evie,ev_01692,"8 Stanley St, Bathurst, NSW, 2795, Australia",7320,204.04,False,0.429,0.0,False,False,,10 Elizabeth Street Parking – Bathurst,10 Elizabeth Street  Bathurst 2795,Evie Networks,https://evie.com.au/find-a-charger/
evie,ev_01711,"85 South St, Ulladulla NSW 2539, Australia",6579,93.61,True,1.0,0.0,False,True,nearby_identity,Ulladulla Shopping Centre,85 South St  Ulladulla 2539,Evie Networks,https://evie.com.au/find-a-charger/
evie,ev_01712,"850 Woodville Rd, Villawood 2163, NSW",7185,89.52,True,0.833,0.0,False,True,nearby_identity,Timezone – Villawood,824-850 Woodville Rd  Villawood 2163,Evie Networks,https://evie.com.au/find-a-charger/
evie,ev_01716,"872 Anzac Pde, Maroubra, NSW, 2035",5822,282.98,True,1.0,0.0,False,True,exact_address_within_500m,827 Anzac Parade Parking – Maroubra,872 Anzac Parade  Maroubra 2035,Evie Networks,https://evie.com.au/find-a-charger/
evie,ev_01716,"872 Anzac Pde, Maroubra, NSW, 2035",5866,303.04,True,0.667,0.0,False,False,,772 Anzac Parade Parking – Maroubra,772 Anzac Parade  Maroubra 2035,Evie Networks,https://evie.com.au/find-a-charger/
evie,ev_01727,"9 Vickery Ave, Rose Bay NSW 2029, Australia",5963,112.81,True,1.0,0.0,False,True,nearby_identity,Lyne Park – Rose Bay,9 Vickery Ave  Rose Bay 2029,Evie Networks,https://evie.com.au/find-a-charger/
evie,ev_01735,"924 Anzac Pde, Maroubra NSW 2035, Australia",5822,60.74,True,0.667,0.0,False,True,nearby_identity,827 Anzac Parade Parking – Maroubra,872 Anzac Parade  Maroubra 2035,Evie Networks,https://evie.com.au/find-a-charger/
evie,ev_01752,"Brewer St, Concord NSW 2137, Australia",6577,143.52,True,0.5,0.0,False,True,nearby_identity,Concord Community Church,26 Bent St  Concord 2137,Evie Networks,https://evie.com.au/find-a-charger/
evie,ev_01760,"Cnr Cumberland Hwy & Cabramatta Rd W, Cabramatta NSW 2166, Australia",7319,91.32,False,0.375,0.0,False,False,,Hungry Jack’s – Cabramatta,401 Cabramatta Rd  Cabramatta 2166,Evie Networks,https://evie.com.au/find-a-charger/
evie,ev_01776,"Gouldsbury St, Mosman NSW 2088, Australia",4607,108.61,True,0.8,0.0,False,True,nearby_identity,46 Gouldsbury Street Parking – Mosman,46 Gouldsbury St  Mosman 2088,Evie Networks,https://evie.com.au/find-a-charger/
evie,ev_01776,"Gouldsbury St, Mosman NSW 2088, Australia",6008,250.59,True,0.286,0.0,False,False,,Mosman Village Green,6 Myahgah Rd  Mosman 2088,Evie Networks,https://evie.com.au/find-a-charger/
evie,ev_01776,"Gouldsbury St, Mosman NSW 2088, Australia",5360,398.7,True,0.5,0.0,False,False,,188 Raglan Street Parking – Mosman,188 Raglan St  Mosman 2088,Evie Networks,https://evie.com.au/find-a-charger/
evie,ev_01789,"Queens Rd, Five Dock NSW 2046, Australia",5947,366.96,True,0.429,0.0,False,False,,Five Dock Leisure Centre,William St  Five Dock 2046,Evie Networks,https://evie.com.au/find-a-charger/
evie,ev_01853,"106 Parraween St, Cremorne NSW 2090, Australia",7674,17.9,True,1.0,0.0,False,True,nearby_identity,106 Parraween Street Parking – Cremorne,106 Parraween Street  Cremorne 2090,Evie Networks,https://evie.com.au/find-a-charger/
evie,ev_01892,"1215 Anzac Pde, Matraville, NSW, 2036",5855,320.01,True,0.111,0.0,False,False,,Pioneers Park Sportsfields – Malabar,3 Franklin St  Malabar 2036,Evie Networks,https://evie.com.au/find-a-charger/
ampol,ev_00006,"1 Bay St, Sydney, 2037",0000025108,80.46,False,0.667,0.0,False,False,nearby_identity,AmpCharge Broadway Sydney Shopping Centre,1 Bay St Glebe 2037,Ampol,https://ampcharge.ampol.com.au/find-a-charging-station
ampol,ev_00067,"105 Station Rd, Sydney, 2147",0000022136,13.12,True,0.444,0.0,False,True,nearby_identity,Ampol Foodary Seven Hills Station Rd,105 Station Rd Cnr Powers Rd Seven Hills 2147,Ampol,https://ampcharge.ampol.com.au/find-a-charging-station
ampol,ev_00092,"11-37 Alexandria Pde, Sydney, 2077",0000022810,211.07,False,0.071,0.0,False,False,,Ampol Foodary Waitara,59-61 Pacific Hwy Cnr Unwin Rd Waitara 2077,Ampol,https://ampcharge.ampol.com.au/find-a-charging-station
ampol,ev_00107,"12 Hume Hwy, Pheasants Nest, 2574",0000023205,42.77,True,0.857,0.0,False,True,nearby_identity,Ampol Foodary Pheasants Nest Southbound,Lot 12 Hume Hwy Pheasants Nest 2574,Ampol,https://ampcharge.ampol.com.au/find-a-charging-station
ampol,ev_00107,"12 Hume Hwy, Pheasants Nest, 2574",0000023220,391.68,True,0.556,0.0,False,False,,Ampol Foodary Pheasants Nest Northbound,Lots 1 & 2 Hume Hwy Pheasants Nest 2574,Ampol,https://ampcharge.ampol.com.au/find-a-charging-station
ampol,ev_00108,"12 Hume Hwy, Pheasants Nest, 2574",0000023220,110.06,True,0.556,0.0,False,True,nearby_identity,Ampol Foodary Pheasants Nest Northbound,Lots 1 & 2 Hume Hwy Pheasants Nest 2574,Ampol,https://ampcharge.ampol.com.au/find-a-charging-station
ampol,ev_00108,"12 Hume Hwy, Pheasants Nest, 2574",0000023205,367.41,True,0.857,0.0,False,False,,Ampol Foodary Pheasants Nest Southbound,Lot 12 Hume Hwy Pheasants Nest 2574,Ampol,https://ampcharge.ampol.com.au/find-a-charging-station
ampol,ev_00140,"133 Wyndham St Cnr Mcevoy St, Alexandria, NSW, 2015",0000022135,57.77,True,1.0,0.0,False,True,nearby_identity,Ampol Foodary Alexandria,133 Wyndham St Cnr Mcevoy St Alexandria 2015,Ampol,https://ampcharge.ampol.com.au/find-a-charging-station
ampol,ev_00181,"1509-1511 Pittwater Rd, Sydney, 2101",0000022120,30.41,True,0.714,0.0,False,True,nearby_identity,Ampol Foodary Narrabeen,1509-1511 Pittwater Rd Narrabeen 2101,Ampol,https://ampcharge.ampol.com.au/find-a-charging-station
ampol,ev_00187,"153 Coreen Ave Cnr Castlereagh Rd, Penrith, NSW, 2750",0000022906,23.58,True,1.0,0.0,False,True,nearby_identity,Ampol Foodary Penrith Coreen Ave,153 Coreen Ave Cnr Castlereagh Rd Penrith 2750,Ampol,https://ampcharge.ampol.com.au/find-a-charging-station
ampol,ev_00207,"164 Mona Vale Rd, St Ives, NSW, 2075",0000022895,3.77,True,1.0,0.0,False,True,nearby_identity,Ampol Foodary St Ives,164 Mona Vale Rd St Ives 2075,Ampol,https://ampcharge.ampol.com.au/find-a-charging-station
ampol,ev_00256,"198 Great Western Highway, Hazelbrook, NSW, 2779",0000022545,66.76,True,1.0,0.0,False,True,nearby_identity,Ampol Foodary Hazelbrook,198 Great Western Highway Hazelbrook 2779,Ampol,https://ampcharge.ampol.com.au/find-a-charging-station
ampol,ev_00312,"2072 Camden Valley Way, Edmondson Park, NSW, 2174",0000028491,90.8,True,1.0,0.0,False,True,nearby_identity,Ampol Foodary Edmondson Park,2072 Camden Valley Way Edmondson Park 2174,Ampol,https://ampcharge.ampol.com.au/find-a-charging-station
ampol,ev_00323,"211 Lake Entrance Rd, Shellharbour City Centre, 2529",0000025118,442.48,True,1.0,0.0,False,True,exact_address_within_500m,AmpCharge Shellharbour Shopping Centre,211 Lake Entrance Rd Shellharbour City Centre 2529,Ampol,https://ampcharge.ampol.com.au/find-a-charging-station
ampol,ev_00476,"342 Kanahooka Rd, Brownsville, NSW, 2530",0000022256,13.53,True,1.0,0.0,False,True,nearby_identity,Ampol Foodary Brownsville,342 Kanahooka Rd Brownsville 2530,Ampol,https://ampcharge.ampol.com.au/find-a-charging-station
ampol,ev_00513,"4 Defries Ave, Sydney, 2017",0000025107,6.07,True,0.667,0.0,False,True,nearby_identity,AmpCharge East Village Shopping Centre,4 Defries Ave Zetland 2017,Ampol,https://ampcharge.ampol.com.au/find-a-charging-station
ampol,ev_00575,"481 Princes Hwy, Sydney, 2232",0000020040,0.6,True,0.429,0.0,False,True,nearby_identity,Ampol Foodary Kirrawee,487 Princes Hwy Kirrawee 2232,Ampol,https://ampcharge.ampol.com.au/find-a-charging-station
ampol,ev_00600,"516 Punchbowl Rd Cnr Wangee Rd, Lakemba, NSW, 2195",0000022276,0.0,True,1.0,0.0,False,True,nearby_identity,Ampol Foodary Lakemba,516 Punchbowl Rd Cnr Wangee Rd Lakemba 2195,Ampol,https://ampcharge.ampol.com.au/find-a-charging-station
ampol,ev_00643,"59-61 Pacific Hwy Cnr Unwin Rd, Waitara, NSW, 2077",0000022810,5.8,True,1.0,0.0,False,True,nearby_identity,Ampol Foodary Waitara,59-61 Pacific Hwy Cnr Unwin Rd Waitara 2077,Ampol,https://ampcharge.ampol.com.au/find-a-charging-station
ampol,ev_00674,"67 Roberts Rd, Sydney, 2190",0000022794,311.12,False,0.273,0.0,False,False,,Ampol Foodary Greenacre,87-91 Roberts Rd Cnr Moondo St Greenacre 2190,Ampol,https://ampcharge.ampol.com.au/find-a-charging-station
ampol,ev_00680,"69-71 Central Coast Hwy, Gosford West, NSW, 2250",0000022582,101.67,True,1.0,0.0,False,True,nearby_identity,Ampol Foodary Gosford West (Eastbound),69-71 Central Coast Hwy Gosford West 2250,Ampol,https://ampcharge.ampol.com.au/find-a-charging-station
ampol,ev_00702,"741 George St, Windsor, 2756",0000025567,41.13,True,1.0,0.0,False,True,nearby_identity,Ampol Foodary Windsor South,741 George St Windsor South 2756,Ampol,https://ampcharge.ampol.com.au/find-a-charging-station
ampol,ev_00713,"78 Great Western Hwy Cnr Ross St, Glenbrook, NSW, 2773",0000028974,1.05,True,1.0,0.0,False,True,nearby_identity,Ampol Foodary Glenbrook,78 Great Western Hwy Cnr Ross St Glenbrook 2773,Ampol,https://ampcharge.ampol.com.au/find-a-charging-station
ampol,ev_00747,"875 Richmond Rd, Marsden Park, NSW, 2765",0000022344,37.82,True,1.0,0.0,False,True,nearby_identity,Ampol Foodary Marsden Park,875 Richmond Rd Marsden Park 2765,Ampol,https://ampcharge.ampol.com.au/find-a-charging-station
ampol,ev_00748,"87-91 Roberts Rd Cnr Moondo St, Greenacre, NSW, 2190",0000022794,0.21,True,1.0,0.0,False,True,nearby_identity,Ampol Foodary Greenacre,87-91 Roberts Rd Cnr Moondo St Greenacre 2190,Ampol,https://ampcharge.ampol.com.au/find-a-charging-station
ampol,ev_00759,"895 South Dowling St, Sydney, 2017",0000025107,158.67,False,0.111,0.0,False,False,,AmpCharge East Village Shopping Centre,4 Defries Ave Zetland 2017,Ampol,https://ampcharge.ampol.com.au/find-a-charging-station
ampol,ev_00765,"9 Flinders St, Wollongong North, NSW, 2500",0000022128,12.68,True,1.0,0.0,False,True,nearby_identity,Ampol Foodary Wollongong North,9 Flinders St Wollongong North 2500,Ampol,https://ampcharge.ampol.com.au/find-a-charging-station
ampol,ev_00774,"917-923 Old Northern Rd, Dural, NSW, 2158",0000028780,2.47,True,1.0,0.0,False,True,nearby_identity,Ampol Foodary Dural,917-923 Old Northern Rd Dural 2158,Ampol,https://ampcharge.ampol.com.au/find-a-charging-station
ampol,ev_00792,"98-100 Windsor Rd Cnr Lombard Rd, Northmead, NSW, 2152",0000022427,7.08,True,1.0,0.0,False,True,nearby_identity,Ampol Foodary Northmead,98-100 Windsor Rd Cnr Lombard Rd Northmead 2152,Ampol,https://ampcharge.ampol.com.au/find-a-charging-station
ampol,ev_00819,"Camden Valley Way &, Somerset Ave, Narellan NSW 2567",0000022761,438.42,False,0.182,0.0,True,False,,Ampol Foodary Narellan,Narellan Rd Cnr Maxwell Pl Narellan 2567,Ampol,https://ampcharge.ampol.com.au/find-a-charging-station
ampol,ev_00825,"Castlereagh Rd, Sydney, 2750",0000022906,21.92,True,0.333,0.0,False,True,nearby_identity,Ampol Foodary Penrith Coreen Ave,153 Coreen Ave Cnr Castlereagh Rd Penrith 2750,Ampol,https://ampcharge.ampol.com.au/find-a-charging-station
ampol,ev_00826,"Central Ave 2, Sydney, 2015",0000025106,39.66,True,0.667,0.0,False,True,nearby_identity,AmpCharge South Eveleigh Shopping Centre,2 Central Ave Eveleigh 2015,Ampol,https://ampcharge.ampol.com.au/find-a-charging-station
ampol,ev_00832,"Cnr Dunheved Rd & Henry Lawson Dr, Werrington, NSW, 2747",0000028569,53.47,True,1.0,0.0,False,True,nearby_identity,Ampol Foodary Werrington,Cnr Dunheved Rd & Henry Lawson Dr Werrington 2747,Ampol,https://ampcharge.ampol.com.au/find-a-charging-station
ampol,ev_00899,"M4 Motorway Westbound, Sydney, 2766",0000028577,0.03,True,0.571,0.0,False,True,nearby_identity,Ampol Foodary Eastern Creek Westbound,M4 Motorway Westbound Eastern Creek 2766,Ampol,https://ampcharge.ampol.com.au/find-a-charging-station
ampol,ev_00917,"NARELLAN RD CNR MAXWELL PL, Sydney, 2567",0000022761,49.75,True,0.857,0.0,False,True,nearby_identity,Ampol Foodary Narellan,Narellan Rd Cnr Maxwell Pl Narellan 2567,Ampol,https://ampcharge.ampol.com.au/find-a-charging-station
ampol,ev_00918,"Newbridge Road 216, Sydney, 2170",0000022397,14.41,True,0.667,0.0,False,True,nearby_identity,Ampol Foodary Moorebank,216 Newbridge Rd Moorebank 2170,Ampol,https://ampcharge.ampol.com.au/find-a-charging-station
ampol,ev_00926,"Pacific Hwy Cnr, 13-15 Costa Ave, Charmhaven NSW 2263",0000028820,189.84,True,1.0,0.0,False,False,,Ampol Foodary Charmhaven,13-15 Pacific Hwy Cnr Costa Ave Charmhaven 2263,Ampol,https://ampcharge.ampol.com.au/find-a-charging-station
ampol,ev_00975,"Western Motorway, Sydney, 2766",0000028576,14.61,True,0.25,0.0,False,True,nearby_identity,Ampol Foodary Eastern Creek Eastbound,M4 Motorway Eastbound Eastern Creek 2766,Ampol,https://ampcharge.ampol.com.au/find-a-charging-station
ampol,ev_01517,"392 Manns Road, West Gosford NSW 2250 Australia",0000022582,188.27,False,0.273,0.0,False,False,,Ampol Foodary Gosford West (Eastbound),69-71 Central Coast Hwy Gosford West 2250,Ampol,https://ampcharge.ampol.com.au/find-a-charging-station
ocm,ev_00002,"01 Wallgrove Road, Sydney, 2766",272521,65.14,True,0.3,0.0,False,False,,BP Pulse Eastern Creek,"BP Truckstop, Wallgrove Road & Old Wallgrove Road, Eastern Creek, 2766",BP Pulse (AU),https://openchargemap.org/site/poi/details/272521
ocm,ev_00003,"1 - 7 Ross St, Wilcannia NSW 2836, Australia",170824,29.23,True,0.1,0.0,False,True,nearby_identity,Armidale Visitors Centre,"82 Marsh Street, Armidale, 2350",NRMA,https://openchargemap.org/site/poi/details/170824
ocm,ev_00006,"1 Bay St, Sydney, 2037",100404,57.32,True,0.429,0.0,True,False,,Broadway Supercharger,"1 Bay Street, Broadway, 2007",Tesla (Tesla-only charging),https://openchargemap.org/site/poi/details/100404
ocm,ev_00017,"1 Frederick St, Sydney, 2064",272613,157.02,False,0.1,0.0,True,False,,TLE Electrical Artarmon,"65 Reserve Road, St Leonards, 2065",Chargefox,https://openchargemap.org/site/poi/details/272613
ocm,ev_00024,"1 Ingham Dr, Casula NSW 2170",272688,125.52,True,1.0,0.0,False,True,nearby_identity,Casula Mall,"1 Ingham Dr, Casula, 2170",Evie,https://openchargemap.org/site/poi/details/272688
ocm,ev_00036,"1 Park St, Sydney, 2103",192929,5.72,True,0.571,0.0,False,True,nearby_identity,Mona Vale library carpark [JOLT],"1 Park St, Mona Vale, 2103",Jolt,https://openchargemap.org/site/poi/details/192929
ocm,ev_00036,"1 Park St, Sydney, 2103",190757,63.93,True,0.222,0.0,False,False,,Mona Vale [JOLT],"2 Bungan St, Mona Vale, 2103",Jolt,https://openchargemap.org/site/poi/details/190757
ocm,ev_00037,"1 Perry St, Batemans Bay, 2536",157566,138.43,False,0.333,0.0,False,False,,Batemans Bay Visitor Centre [NRMA],"2A Beach Road, Batemans Bay, 2536",NRMA,https://openchargemap.org/site/poi/details/157566
ocm,ev_00037,"1 Perry St, Batemans Bay, 2536",190706,317.97,True,0.5,0.0,False,False,,Dan Murphy's,"51 Orient Street, Batemans Bay, 2536",Evie,https://openchargemap.org/site/poi/details/190706
ocm,ev_00037,"1 Perry St, Batemans Bay, 2536",209950,337.02,False,0.5,0.0,False,False,,Batemans Bay Regional Arts Aquatic & Leisure Centre [NRMA],"12 Vesper Street, Batemans Bay, 2536",NRMA,https://openchargemap.org/site/poi/details/209950
ocm,ev_00038,"1 Plunkett St, Sydney, 2065",272632,274.98,False,0.25,0.0,False,False,,Civic Plaza 88 Christie,"88 Christie St, St Leonards, 2065",Evie,https://openchargemap.org/site/poi/details/272632
ocm,ev_00060,"10 Winery Dr, Port Macquarie, 2444",79311,0.06,True,0.333,0.0,False,True,nearby_identity,Port Macquarie Supercharger [Tesla],"764 Pacific Highway, Port Macquarie, 2444",Tesla (Tesla-only charging),https://openchargemap.org/site/poi/details/79311
ocm,ev_00069,"1067 Oxley Hwy, Thrumster, 2444",172921,29.91,True,0.667,0.0,False,True,nearby_identity,Port Macquarie Service Centre [Chargefox],"1063 Oxley Highway, Thrumster, 2444",Chargefox,https://openchargemap.org/site/poi/details/172921
ocm,ev_00077,"10W Apsley St, Walcha NSW 2354, Australia",190682,56.66,True,0.111,0.0,False,False,,Brewarrina [NRMA],"50 Bathurst Street, Brewarrina, 2839",NRMA,https://openchargemap.org/site/poi/details/190682
ocm,ev_00080,"11 Ewingsdale Rd, Ewingsdale, 2481",190394,48.04,True,0.5,0.0,False,True,nearby_identity,The Farm Byron Bay [NRMA],"Ewingsdale Road, Ewingsdale",NRMA,https://openchargemap.org/site/poi/details/190394
ocm,ev_00087,"110 Anzac Pde, Sydney, 2033",190875,17.96,True,0.667,0.0,False,True,nearby_identity,Kensington [Jolt],"110 Anzac Pde, Kensington, 2033",Jolt,https://openchargemap.org/site/poi/details/190875
ocm,ev_00088,"1106 Barrenjoey Rd, Sydney, 2108",295979,23.48,True,0.429,0.0,False,True,nearby_identity,Barrenjoey Road,"Barrenjoey Road, Palm Beach, 2108",Jolt,https://openchargemap.org/site/poi/details/295979
ocm,ev_00092,"11-37 Alexandria Pde, Sydney, 2077",278525,215.61,False,0.083,0.0,False,False,,Ampol Waitara,"Corner Pacific Highway, Unwin Road, Waitara, 2077",Ampol AmpCharge,https://openchargemap.org/site/poi/details/278525
ocm,ev_00095,"116 Liverpool St, Scone, NSW 2337, Australia",190677,47.32,True,0.1,0.0,False,False,,Broken Hill [NRMA],"51 Bromide St, Broken Hill, 2880",NRMA,https://openchargemap.org/site/poi/details/190677
ocm,ev_00099,"1183-1187 The Horsley Dr, Sydney, 2164",272624,79.77,True,0.667,0.0,False,True,nearby_identity,ENGIE - Greenway Wetherill Park,"1183-1187 The Horsley Drive, Wetherill Park, 2164",Chargefox,https://openchargemap.org/site/poi/details/272624
ocm,ev_00100,"1183-1187 The Horsley Dr, Wetherill Park NSW 2164",272624,44.86,False,1.0,0.0,False,False,nearby_identity,ENGIE - Greenway Wetherill Park,"1183-1187 The Horsley Drive, Wetherill Park, 2164",Chargefox,https://openchargemap.org/site/poi/details/272624
ocm,ev_00103,"119 Stenhouse Drive, Cameron Park, 2285",266586,12.6,True,1.0,0.0,False,True,nearby_identity,EVIE Cameron Park,"119 Stenhouse Drive, Cameron Park, 2285",Evie,https://openchargemap.org/site/poi/details/266586
ocm,ev_00107,"12 Hume Hwy, Pheasants Nest, 2574",279180,236.16,True,0.857,0.0,False,False,,Ampol Foodary Pheasants Nest Southbound,"Lot 12 Hume Hwy, Pheasants Nest, 2574",Ampol AmpCharge,https://openchargemap.org/site/poi/details/279180
ocm,ev_00107,"12 Hume Hwy, Pheasants Nest, 2574",279179,346.16,True,0.556,0.0,False,False,,Ampol Foodary Pheasants Nest Northbound,"Lots 1 & 2 Hume Hwy, Pheasants Nest, 2574",Ampol AmpCharge,https://openchargemap.org/site/poi/details/279179
ocm,ev_00108,"12 Hume Hwy, Pheasants Nest, 2574",279179,87.73,True,0.556,0.0,False,True,nearby_identity,Ampol Foodary Pheasants Nest Northbound,"Lots 1 & 2 Hume Hwy, Pheasants Nest, 2574",Ampol AmpCharge,https://openchargemap.org/site/poi/details/279179
ocm,ev_00108,"12 Hume Hwy, Pheasants Nest, 2574",279180,290.48,True,0.857,0.0,False,False,,Ampol Foodary Pheasants Nest Southbound,"Lot 12 Hume Hwy, Pheasants Nest, 2574",Ampol AmpCharge,https://openchargemap.org/site/poi/details/279180
ocm,ev_00110,"12 Jacksons Rd, Warriewood NSW 2102",272615,183.25,False,0.667,0.0,True,False,,ENGIE - Warriewood Square,"12 Jacksons Road, Warriewood, 2101",Chargefox,https://openchargemap.org/site/poi/details/272615
ocm,ev_00118,"121 Princes Hwy, Wollongong, 2519",273425,146.39,False,0.375,0.0,False,False,,Fairy Meadow [bp pulse],"224 Princes Hwy, Fairy Meadow, 2519",BP Pulse (AU),https://openchargemap.org/site/poi/details/273425
ocm,ev_00124,"126 Mackay Ave, Yoogali, 2680",306015,55.29,True,0.5,0.0,False,True,nearby_identity,Griffith City Volkswagen,"Kurrajong Avenue, Yoogali, 2680",Chargefox,https://openchargemap.org/site/poi/details/306015
ocm,ev_00124,"126 Mackay Ave, Yoogali, 2680",306014,460.31,True,0.286,0.0,False,False,,Owen Toyota,"Owen Drive, Yoogali, 2680",Chargefox,https://openchargemap.org/site/poi/details/306014
ocm,ev_00125,"127 Conadilly St, Gunnedah, 2380",274452,196.93,False,0.3,0.0,False,False,,NRMA Fast Charger Gunnedah,"Kepreotes Carpark, 73 Little Barber Street, Gunnedah, 2380",(Unknown Operator),https://openchargemap.org/site/poi/details/274452
ocm,ev_00127,"128 Flood Street, Leichhardt NSW 2040",272673,225.24,True,1.0,0.0,False,True,exact_address_within_500m,Leichhardt Marketplace,"128 Flood Street, Leichhardt, 2040",Evie,https://openchargemap.org/site/poi/details/272673
ocm,ev_00134,"13125 Hume Hwy, Sutton Forest, 2577",238124,7.34,True,0.5,0.0,False,True,nearby_identity,Sally’s Corner,"Hume Hwy, Sutton Forest Service Centre",Evie,https://openchargemap.org/site/poi/details/238124
ocm,ev_00134,"13125 Hume Hwy, Sutton Forest, 2577",266620,488.89,False,0.0,0.0,True,False,,Exeter Supercharger,"Sallys Corner Rd, Exeter, 2579",Tesla (Tesla-only charging),https://openchargemap.org/site/poi/details/266620
ocm,ev_00137,"132 Pound Street, Grafton, 2460",190393,66.68,True,0.6,0.0,False,True,nearby_identity,Grafton Public Library,"Pound Street, Grafton",NRMA,https://openchargemap.org/site/poi/details/190393
ocm,ev_00141,"134 Lachlan St, Hay, 2711",190670,27.4,True,1.0,0.0,False,True,nearby_identity,Hay [NRMA],"134 Lachlan St, Hay, 2711",NRMA,https://openchargemap.org/site/poi/details/190670
ocm,ev_00142,"134 Lachlan St, Hay, 2711",190670,174.1,True,1.0,0.0,False,True,exact_address_within_500m,Hay [NRMA],"134 Lachlan St, Hay, 2711",NRMA,https://openchargemap.org/site/poi/details/190670
ocm,ev_00144,"134-136 Grafton St, Coffs Harbour, 2450",273433,15.6,True,0.444,0.0,False,True,nearby_identity,Coffs Harbour [bp pulse],"136 Pacific Highway, Coffs Harbour, 2450",BP Pulse (AU),https://openchargemap.org/site/poi/details/273433
ocm,ev_00155,"140 Queen St, Berry, 2535",161845,27.18,True,0.2,0.0,False,True,nearby_identity,Berry NRMA,Berry,NRMA,https://openchargemap.org/site/poi/details/161845
ocm,ev_00157,"141 Roselands Ave, Roselands NSW 2196",272617,79.65,False,0.333,0.0,False,False,,ENGIE - Roselands Shopping Centre,"24 Roselands Drive, Roselands, 2196",Chargefox,https://openchargemap.org/site/poi/details/272617
ocm,ev_00167,"149 Alison Rd, Sydney, 2031",272630,308.96,False,0.25,0.0,False,False,,Royal Randwick,"73 Belmore Road, Randwick, 2031",Evie,https://openchargemap.org/site/poi/details/272630
ocm,ev_00171,"15 Chancellors Dr, Thrumster, 2444",480398,53.64,True,0.429,0.0,False,False,,John Oxley Drive,"John Oxley Drive, Thrumster, 2444",Tesla (including non-tesla),https://openchargemap.org/site/poi/details/480398
ocm,ev_00171,"15 Chancellors Dr, Thrumster, 2444",172920,86.27,False,0.429,0.0,False,False,,Sovereign Place [NRMA],"John Oxley Drive, Thrumster, 2444",NRMA,https://openchargemap.org/site/poi/details/172920
ocm,ev_00180,"15 Victory St, Braidwood, NSW 2622, Australia",190679,1.61,True,0.111,0.0,False,True,nearby_identity,Cobar [NRMA],"3 Broomfield Street, Cobar, 2835",NRMA,https://openchargemap.org/site/poi/details/190679
ocm,ev_00187,"153 Coreen Ave Cnr Castlereagh Rd, Penrith, NSW, 2750",274056,25.04,True,0.625,0.0,False,True,nearby_identity,Ampol Foodary Penrith,"153 Coreen Ave, Penrith, 2750",Ampol AmpCharge,https://openchargemap.org/site/poi/details/274056
ocm,ev_00192,"15620 Hume Hwy, Marulan, 2579",238125,27.82,True,0.5,0.0,False,True,nearby_identity,Marulan Roadhouse Southbound,"15597 Hume Hwy, Marulan",BP Pulse (AU),https://openchargemap.org/site/poi/details/238125
ocm,ev_00192,"15620 Hume Hwy, Marulan, 2579",238126,428.89,True,0.8,0.0,False,False,,Marulan Roadhouse Northbound,"Hume Highway, Marulan, 2579",BP Pulse (AU),https://openchargemap.org/site/poi/details/238126
ocm,ev_00193,"15666 Hume Hwy, Marulan, 2579",238126,40.28,True,0.8,0.0,False,True,nearby_identity,Marulan Roadhouse Northbound,"Hume Highway, Marulan, 2579",BP Pulse (AU),https://openchargemap.org/site/poi/details/238126
ocm,ev_00193,"15666 Hume Hwy, Marulan, 2579",238125,493.3,True,0.5,0.0,False,False,,Marulan Roadhouse Southbound,"15597 Hume Hwy, Marulan",BP Pulse (AU),https://openchargemap.org/site/poi/details/238125
ocm,ev_00194,"157 Rouse Street, Tenterfield, NSW 2372, Australia",190680,3.49,True,0.111,0.0,False,True,nearby_identity,Nyngan [NRMA],"18 Cobar Street, Nyngan, 2825",NRMA,https://openchargemap.org/site/poi/details/190680
ocm,ev_00215,"17 Stanley St, Sydney, 2210",192687,236.65,True,0.571,0.0,False,False,,Stanley St Peakhurst NSW,"17-25 Stanley St, Peakhurst, 2210",Jolt,https://openchargemap.org/site/poi/details/192687
ocm,ev_00216,"17 Stewart St, Wollongong NSW 2500, Australia",266480,119.78,True,0.111,0.0,True,False,,NRMA Inverell,"59 Evans Street, Inverell, 2360",NRMA,https://openchargemap.org/site/poi/details/266480
ocm,ev_00225,"18 Dandaloo St, Nyngan, NSW 2825, Australia",266500,26.58,True,0.111,0.0,True,False,nearby_identity,NRMA Scone,"116 Liverpool Street, Scone, 2337",NRMA,https://openchargemap.org/site/poi/details/266500
ocm,ev_00227,"18 Silver St, Sydney, 2031",272630,238.28,False,0.111,0.0,False,False,,Royal Randwick,"73 Belmore Road, Randwick, 2031",Evie,https://openchargemap.org/site/poi/details/272630
ocm,ev_00229,"18 Victoria Avenue, Castle Hill NSW 2154",265390,18.34,True,1.0,0.0,False,True,nearby_identity,HomeCo Castle Hill,"18 Victoria Avenue, Castle Hill, 2154",Evie,https://openchargemap.org/site/poi/details/265390
ocm,ev_00236,"185 Princes Hwy, Narooma, 2546",109340,0.03,True,0.8,0.0,False,True,nearby_identity,Narooma Supercharger,"185 Princes Highway, Narooma",Tesla (including non-tesla),https://openchargemap.org/site/poi/details/109340
ocm,ev_00239,"188 Raglan St, Sydney, 2088",272686,14.93,True,0.667,0.0,False,True,nearby_identity,Raglan Street West,"188 Raglan St, Mosman, 2088",Evie,https://openchargemap.org/site/poi/details/272686
ocm,ev_00246,"19 Princes Hwy, Figtree NSW 2525, Australia",171646,151.11,True,0.2,0.0,False,False,,Wollongong Supercharger,"Figtree Grove Shopping Centre, The Avenue, Figtree, 2525",Tesla (including non-tesla),https://openchargemap.org/site/poi/details/171646
ocm,ev_00248,"19 Richmond Rd, Sydney, 2140",190417,1.73,False,0.571,0.0,True,False,nearby_identity,Richmond Tavistock No. 3 [Jolt],"19 Richmond Road, Strathfield, Sydney, 2135",(Unknown Operator),https://openchargemap.org/site/poi/details/190417
ocm,ev_00270,"2 Hercules Street, Murrumbateman, 2582",272500,6.15,True,1.0,0.0,False,True,nearby_identity,Murrumbateman Country Inn,"2 Hercules Street, Murrumbateman, 2582",Evie,https://openchargemap.org/site/poi/details/272500
ocm,ev_00277,"2 Ocean Dr, Kew, 2439",460617,13.14,True,1.0,0.0,False,True,nearby_identity,Kew Tesla Supercharger,"2 Ocean Drive, Kew, 2439",Tesla (including non-tesla),https://openchargemap.org/site/poi/details/460617
ocm,ev_00283,"2 Rosenthal Ave, Lane Cove NSW 2066",191165,3.71,True,0.625,0.0,False,True,nearby_identity,Evie Lane Cove,"2 Rosenthal Ave, “The Canopy”, Lane Cove",Evie,https://openchargemap.org/site/poi/details/191165
ocm,ev_00298,"20 Smidmore St, Marrickville NSW 2204",193048,28.55,True,0.286,0.0,True,False,nearby_identity,Marrickville Metro,"Smidmore Street, Sydney, 2044",Evie,https://openchargemap.org/site/poi/details/193048
ocm,ev_00300,"200 Crown St, Wollongong NSW 2500",235461,85.69,True,0.5,0.0,False,True,nearby_identity,Wollongong Central - Regent St Carpark,"Regent Street, Wollongong, 2500",Evie,https://openchargemap.org/site/poi/details/235461
ocm,ev_00303,"201 Manning River Drive, Taree, 2430",172652,10.59,True,0.571,0.0,False,True,nearby_identity,Taree South Service Centre [Evie],"Manning River Drive, Glenthorne, 2430",Evie,https://openchargemap.org/site/poi/details/172652
ocm,ev_00304,"201 Sloane St, Goulburn, 2580",79851,8.26,True,0.5,0.0,False,True,nearby_identity,Goulburn Supercharger [Tesla],"201 Sloan St, Goulburn",Tesla (Tesla-only charging),https://openchargemap.org/site/poi/details/79851
ocm,ev_00306,20-22 Camden Rd Campbelltown NSW 2560 Australia,266501,131.01,True,1.0,0.0,False,True,nearby_identity,Campbelltown Supercharger,"20-22 Camden Road, Campbelltown, 2560",Tesla (Tesla-only charging),https://openchargemap.org/site/poi/details/266501
ocm,ev_00306,20-22 Camden Rd Campbelltown NSW 2560 Australia,299879,223.49,False,0.571,0.0,False,False,,Chargefox Charging Station,"38 Camden Rd, Campbelltown, 2560",Chargefox,https://openchargemap.org/site/poi/details/299879
ocm,ev_00323,"211 Lake Entrance Rd, Shellharbour City Centre, 2529",479816,401.72,True,0.875,0.0,False,False,,Shellharbour Ampcharge,"Lake Entrance Road, Shellharbour City Centre, 2529",Ampol AmpCharge,https://openchargemap.org/site/poi/details/479816
ocm,ev_00332,"221 Wolseley St, Jamisontown NSW 2750",272693,13.44,True,1.0,0.0,True,False,nearby_identity,Jamisontown,"221 Wolseley Street, Jamisontown, 2750",Evie,https://openchargemap.org/site/poi/details/272693
ocm,ev_00334,"224 Princes Hwy, Wollongong, 2519",273425,37.93,True,0.571,0.0,False,True,nearby_identity,Fairy Meadow [bp pulse],"224 Princes Hwy, Fairy Meadow, 2519",BP Pulse (AU),https://openchargemap.org/site/poi/details/273425
ocm,ev_00341,"227 Railway Terrace, Schofields NSW 2762",191162,71.25,True,0.5,0.0,False,True,nearby_identity,Coles Schofields,"227 Railway Rerrace, Schofields",Evie,https://openchargemap.org/site/poi/details/191162
ocm,ev_00343,"2285 Pacific Hwy, Heatherbrae, 2324",79490,83.66,True,1.0,0.0,False,True,nearby_identity,Heatherbrae Supercharger [Tesla],"2285 Pacific Highway, Heatherbrae, 2324",Tesla (Tesla-only charging),https://openchargemap.org/site/poi/details/79490
ocm,ev_00354,"24 Cooper St, Macksville, 2447",190392,29.29,True,0.714,0.0,False,True,nearby_identity,Evie Macksville,"24 Cooper St, Ampol Foodary, Macksville, 2447",Evie,https://openchargemap.org/site/poi/details/190392
ocm,ev_00357,"24 Sallys Corner Rd, Exeter, 2579",266620,8.48,True,0.833,0.0,False,True,nearby_identity,Exeter Supercharger,"Sallys Corner Rd, Exeter, 2579",Tesla (Tesla-only charging),https://openchargemap.org/site/poi/details/266620
ocm,ev_00357,"24 Sallys Corner Rd, Exeter, 2579",238124,476.13,False,0.0,0.0,False,False,,Sally’s Corner,"Hume Hwy, Sutton Forest Service Centre",Evie,https://openchargemap.org/site/poi/details/238124
ocm,ev_00364,"24-42 King Georges Rd, Sydney, 2195",273436,27.39,True,0.667,0.0,False,True,nearby_identity,Wiley Park [bp pulse],"24-42 King Georges Road, Wiley Park, 2195",BP Pulse (AU),https://openchargemap.org/site/poi/details/273436
ocm,ev_00369,"25 Frenchs Forest Rd E, Frenchs Forest NSW 2086",272637,13.55,True,1.0,0.0,False,True,nearby_identity,Allambie Grove Business Park,"25 Frenchs Forest Rd E, Frenchs Forest, 2086",Evie,https://openchargemap.org/site/poi/details/272637
ocm,ev_00370,"250 Comur St, Yass, 2582",307990,43.75,True,0.6,0.0,False,True,nearby_identity,Woolworths Yass,"Comur Street, Yass",Chargefox,https://openchargemap.org/site/poi/details/307990
ocm,ev_00370,"250 Comur St, Yass, 2582",296045,214.17,False,0.5,0.0,False,False,,Tesla Superchargers Yass,"Lead Street, Yass, 2582",Tesla (including non-tesla),https://openchargemap.org/site/poi/details/296045
ocm,ev_00374,"253 Pacific Hwy, Coffs Harbour, 2450",97619,0.09,True,1.0,0.0,False,True,nearby_identity,Coffs Harbour Supercharger [Tesla],"253 Pacific Highway, Coffs Harbour, 2450",Tesla (Tesla-only charging),https://openchargemap.org/site/poi/details/97619
ocm,ev_00377,"26 Aspect Dr, Coffs Harbour, 2450",474459,136.25,False,0.333,0.0,False,False,,Big Banana Tesla Supercharger,"351 Pacific Highway, Coffs Harbour, 2450",(Unknown Operator),https://openchargemap.org/site/poi/details/474459
ocm,ev_00384,"260A Liverpool Rd, Ashfield NSW 2131",272641,0.04,True,1.0,0.0,False,True,nearby_identity,Ashfield Mall,"260A Liverpool Rd, Ashfield, 2131",Evie,https://openchargemap.org/site/poi/details/272641
ocm,ev_00394,"28 Auburn Street, Moree, NSW 2400, Australia",190915,41.58,True,0.125,0.0,False,False,,NRMA Jerilderie,"Powell Street, Jerilderie, 2716",NRMA,https://openchargemap.org/site/poi/details/190915
ocm,ev_00396,"28 Lawson St, Byron Bay, 2481",273195,18.49,False,0.833,0.0,False,False,nearby_identity,Byron Bay Library,"Lawson Street, Byron Bay, 2481",Chargefox,https://openchargemap.org/site/poi/details/273195
ocm,ev_00401,"2848 Pacific Hwy, Tyndale NSW, 2464",190224,63.36,True,0.222,0.0,True,False,,Tyndale Shell Roadhouse,"2848 Big River Way, Tyndale, 2460",Evie,https://openchargemap.org/site/poi/details/190224
ocm,ev_00408,"29-55 Twynam St, Narrandera, 2700",126130,16.95,True,0.571,0.0,False,True,nearby_identity,Narrandera Marie Bashir Park [NRMA],"31 Twynam Street, Narrandera, 2700",NRMA,https://openchargemap.org/site/poi/details/126130
ocm,ev_00409,"29-55 Twynam St, Narrandera, 2700",126130,203.67,True,0.571,0.0,False,False,,Narrandera Marie Bashir Park [NRMA],"31 Twynam Street, Narrandera, 2700",NRMA,https://openchargemap.org/site/poi/details/126130
ocm,ev_00412,"2A Beach Rd, Batemans Bay, 2536",157566,12.91,True,1.0,0.0,False,True,nearby_identity,Batemans Bay Visitor Centre [NRMA],"2A Beach Road, Batemans Bay, 2536",NRMA,https://openchargemap.org/site/poi/details/157566
ocm,ev_00412,"2A Beach Rd, Batemans Bay, 2536",209950,218.55,True,0.333,0.0,False,False,,Batemans Bay Regional Arts Aquatic & Leisure Centre [NRMA],"12 Vesper Street, Batemans Bay, 2536",NRMA,https://openchargemap.org/site/poi/details/209950
ocm,ev_00412,"2A Beach Rd, Batemans Bay, 2536",190706,264.64,False,0.333,0.0,False,False,,Dan Murphy's,"51 Orient Street, Batemans Bay, 2536",Evie,https://openchargemap.org/site/poi/details/190706
ocm,ev_00416,"3 Broomfield St, Cobar, NSW 2835, Australia",190681,0.48,True,0.111,0.0,False,True,nearby_identity,Bourke [NRMA],"15 Mitchell St, Bourke, 2840",NRMA,https://openchargemap.org/site/poi/details/190681
ocm,ev_00435,"303 Henry Parry Dr, Central Coast, 2250",508148,160.19,False,0.1,0.0,False,False,,Pacific Highway,"Pacific Highway, Wyoming, 2250",BP Pulse (AU),https://openchargemap.org/site/poi/details/508148
ocm,ev_00455,"32 Sydney St, Tarcutta, 2652",190351,4.59,True,0.8,0.0,False,True,nearby_identity,Tarcutta Roadhouse [Evie],"32 Sydney Street, Tarcutta",Evie,https://openchargemap.org/site/poi/details/190351
ocm,ev_00457,"322 Woodville Rd, Guildford NSW 2161",272700,82.95,True,1.0,0.0,False,True,nearby_identity,Red Rooster Guildford,"322 Woodville Road, Guildford, 2161",Evie,https://openchargemap.org/site/poi/details/272700
ocm,ev_00461,"329-339 Princes Hwy, Sydney, 2044",273427,25.91,True,0.5,0.0,False,True,nearby_identity,bp pulse Sydenham,"339 Princes Hwy, St Peters, 2044",BP Pulse (AU),https://openchargemap.org/site/poi/details/273427
ocm,ev_00466,"330 Pennant Hills Rd, Pennant Hills NSW 2120",272622,0.0,False,1.0,0.0,False,False,nearby_identity,Pennant Hills Toyota,"330 Pennant Hills Road, Pennant Hills, 2120",Chargefox,https://openchargemap.org/site/poi/details/272622
ocm,ev_00470,"34 Annie Pyers Dr, Gundagai, 2722",79760,7.4,True,1.0,0.0,False,True,nearby_identity,Gundagai Supercharger [Tesla],"34 Annie Pyers Drive, Gundagai, 2722",Tesla (Tesla-only charging),https://openchargemap.org/site/poi/details/79760
ocm,ev_00470,"34 Annie Pyers Dr, Gundagai, 2722",471033,112.13,False,0.714,0.0,False,False,nearby_identity,Dog on the Tuckerbox,"37 Annie Pyers Drive, Gundagai, 2722",NRMA,https://openchargemap.org/site/poi/details/471033
ocm,ev_00479,"345 Victoria Ave, Chatswood NSW 2067",266872,67.86,False,1.0,0.0,False,False,nearby_identity,Chatswood Chase Chargefox,"345 Victoria Avenue, Chatswood, 2067",Chargefox,https://openchargemap.org/site/poi/details/266872
ocm,ev_00481,"345 Victoria Ave, Sydney, 2067",266872,230.95,True,0.667,0.0,False,False,,Chatswood Chase Chargefox,"345 Victoria Avenue, Chatswood, 2067",Chargefox,https://openchargemap.org/site/poi/details/266872
ocm,ev_00482,"3483 Jerrys Plains Rd, Jerrys Plains, 2330",129982,99.58,True,0.222,0.0,False,False,,Hollydene Supercharger [Tesla],"3483 Golden Hwy, Jerry's Plains",Tesla (including non-tesla),https://openchargemap.org/site/poi/details/129982
ocm,ev_00484,"3-5 Underwood Rd, Homebush NSW 2140",272618,11.74,False,1.0,0.0,False,False,nearby_identity,ENGIE - DFO Homebush,"3 -5 Underwood Road, Homebush, 2140",Chargefox,https://openchargemap.org/site/poi/details/272618
ocm,ev_00496,"37 Nabiac St, Nabiac, 2312",161993,20.12,True,0.75,0.0,False,True,nearby_identity,Nabiac [NRMA],"Nabiac Street, Nabiac, 2312",NRMA,https://openchargemap.org/site/poi/details/161993
ocm,ev_00501,"38 Abbott Rd, Seven Hills NSW 2147",170607,32.87,False,1.0,0.0,False,False,nearby_identity,Ampol Woolworths MetroGo Seven Hills,"38 Abbott Rd, Seven Hills, 2147",Evie,https://openchargemap.org/site/poi/details/170607
ocm,ev_00501,"38 Abbott Rd, Seven Hills NSW 2147",273870,274.7,False,0.714,0.0,False,False,,bp pulse Seven Hills,"26 Abbott Road, Seven Hills, 2147",BP Pulse (AU),https://openchargemap.org/site/poi/details/273870
ocm,ev_00502,"38 Flora St, Sydney, 2232",191280,181.72,False,0.125,0.0,False,False,,Tesla Supercharger South Village,"Princes Highway, Kirrawee, 2232",Tesla (Tesla-only charging),https://openchargemap.org/site/poi/details/191280
ocm,ev_00503,"38 Swift St, Holbrook, 2644",296044,49.15,True,0.8,0.0,False,True,nearby_identity,Tesla Supercharger Holbrook,"Swift Street, Holbrook, 2644",Tesla (Tesla-only charging),https://openchargemap.org/site/poi/details/296044
ocm,ev_00513,"4 Defries Ave, Sydney, 2017",272616,11.84,False,0.667,0.0,False,False,nearby_identity,NRMA - Sydney,"4 Defries Avenue, Zetland, 2017",Chargefox,https://openchargemap.org/site/poi/details/272616
ocm,ev_00513,"4 Defries Ave, Sydney, 2017",191062,160.18,False,0.111,0.0,False,False,,Audi Centre Sydney,"895 South Dowling Street, Zetland, 2017",Chargefox,https://openchargemap.org/site/poi/details/191062
ocm,ev_00517,"4 Tindall St, Sydney, 2560",299879,194.38,False,0.111,0.0,False,False,,Chargefox Charging Station,"38 Camden Rd, Campbelltown, 2560",Chargefox,https://openchargemap.org/site/poi/details/299879
ocm,ev_00517,"4 Tindall St, Sydney, 2560",266501,209.28,False,0.1,0.0,False,False,,Campbelltown Supercharger,"20-22 Camden Road, Campbelltown, 2560",Tesla (Tesla-only charging),https://openchargemap.org/site/poi/details/266501
ocm,ev_00519,"40 Gouldsbury St, Sydney, 2088",191164,344.99,True,0.0,0.0,False,False,,Evie Mosman,"6 Myahgah Road, Mosman",Evie,https://openchargemap.org/site/poi/details/191164
ocm,ev_00519,"40 Gouldsbury St, Sydney, 2088",272686,350.06,True,0.25,0.0,False,False,,Raglan Street West,"188 Raglan St, Mosman, 2088",Evie,https://openchargemap.org/site/poi/details/272686
ocm,ev_00528,"401 Cabramatta Rd W, Cabramatta NSW 2166",191161,14.32,True,0.429,0.0,False,True,nearby_identity,Evie Cabramatta,"Hungry Jacks, 401 Cabramatta Road, Cabramatta",Evie,https://openchargemap.org/site/poi/details/191161
ocm,ev_00529,"403 Tarean Rd, Karuah, 2324",172919,23.65,True,1.0,0.0,False,True,nearby_identity,Karuah [Chargefox],"403 Tarean Road, Karuah, 2324",Chargefox,https://openchargemap.org/site/poi/details/172919
ocm,ev_00542,"42 Camden Rd, Sydney, 2560",299879,107.62,True,0.429,0.0,False,False,,Chargefox Charging Station,"38 Camden Rd, Campbelltown, 2560",Chargefox,https://openchargemap.org/site/poi/details/299879
ocm,ev_00542,"42 Camden Rd, Sydney, 2560",266501,126.84,False,0.375,0.0,False,False,,Campbelltown Supercharger,"20-22 Camden Road, Campbelltown, 2560",Tesla (Tesla-only charging),https://openchargemap.org/site/poi/details/266501
ocm,ev_00551,"44 Bangalow Rd, Ballina, 2478",190225,35.19,True,1.0,0.0,False,True,nearby_identity,NRMA Ballina,"44 Bangalow Road, Ballina, 2478",Chargefox,https://openchargemap.org/site/poi/details/190225
ocm,ev_00555,"44 Molesworth St, Lismore, 2480",273220,31.19,True,1.0,0.0,False,True,nearby_identity,Lismore City Council,"44 Molesworth St, Lismore, 2480",Chargefox,https://openchargemap.org/site/poi/details/273220
ocm,ev_00565,"4-6 New St, Lawson NSW 2783",266540,1.77,True,1.0,0.0,False,True,nearby_identity,Evie Lawson,"4-6 New Street, Lawson, 2783",Evie,https://openchargemap.org/site/poi/details/266540
ocm,ev_00566,"4-6 Niangala Cl, Belrose NSW 2085",272633,31.1,True,0.714,0.0,False,True,nearby_identity,Belrose Home,"4-6 Niangala Close, Belrose, 2085",Evie,https://openchargemap.org/site/poi/details/272633
ocm,ev_00606,"528 John Oxley Dr, Thrumster, 2444",172920,27.85,True,0.833,0.0,False,True,nearby_identity,Sovereign Place [NRMA],"John Oxley Drive, Thrumster, 2444",NRMA,https://openchargemap.org/site/poi/details/172920
ocm,ev_00606,"528 John Oxley Dr, Thrumster, 2444",480398,44.56,False,0.833,0.0,False,False,nearby_identity,John Oxley Drive,"John Oxley Drive, Thrumster, 2444",Tesla (including non-tesla),https://openchargemap.org/site/poi/details/480398
ocm,ev_00609,"53 Sydney Rd, Goulburn, 2580",190003,8.51,False,0.667,0.0,False,False,nearby_identity,Sydney Road,"Sydney Road, Bradfordville, Goulburn, 2580",NRMA,https://openchargemap.org/site/poi/details/190003
ocm,ev_00612,"53A Orient St, Batemans Bay, 2536",190706,89.64,True,0.714,0.0,False,True,nearby_identity,Dan Murphy's,"51 Orient Street, Batemans Bay, 2536",Evie,https://openchargemap.org/site/poi/details/190706
ocm,ev_00612,"53A Orient St, Batemans Bay, 2536",157566,312.33,False,0.333,0.0,False,False,,Batemans Bay Visitor Centre [NRMA],"2A Beach Road, Batemans Bay, 2536",NRMA,https://openchargemap.org/site/poi/details/157566
ocm,ev_00612,"53A Orient St, Batemans Bay, 2536",209950,453.49,False,0.5,0.0,False,False,,Batemans Bay Regional Arts Aquatic & Leisure Centre [NRMA],"12 Vesper Street, Batemans Bay, 2536",NRMA,https://openchargemap.org/site/poi/details/209950
ocm,ev_00617,"54-76 Captain Cook Dr, Caringbah NSW 2229",272635,13.88,True,1.0,0.0,False,True,nearby_identity,BP Caringbah,"54-76 Captain Cook Drive, Caringbah, 2229",Evie,https://openchargemap.org/site/poi/details/272635
ocm,ev_00627,"56 Morpeth St, Harwood, 2465",171146,9.53,True,1.0,0.0,False,True,nearby_identity,Maclean Supercharger,"56 Morpeth St., Harwood, 2465",Tesla (Tesla-only charging),https://openchargemap.org/site/poi/details/171146
ocm,ev_00636,"58 Phillip St, West Tamworth, 2340",113602,20.67,True,0.4,0.0,False,True,nearby_identity,Tamworth Supercharger,"West Tamworth League Club, 21 Park Street, Tamworth, 2340",Tesla (Tesla-only charging),https://openchargemap.org/site/poi/details/113602
ocm,ev_00637,"580 Parramatta Rd, Sydney, 2132",272684,14.11,False,0.429,0.0,False,False,nearby_identity,BP Ashfield,"586A Parramatta Rd, Croydon, 2132",Evie,https://openchargemap.org/site/poi/details/272684
ocm,ev_00638,"580 Princes Hwy, Sydney, 2232",191280,77.03,True,0.5,0.0,False,True,nearby_identity,Tesla Supercharger South Village,"Princes Highway, Kirrawee, 2232",Tesla (Tesla-only charging),https://openchargemap.org/site/poi/details/191280
ocm,ev_00643,"59-61 Pacific Hwy Cnr Unwin Rd, Waitara, NSW, 2077",278525,10.01,True,0.6,0.0,False,True,nearby_identity,Ampol Waitara,"Corner Pacific Highway, Unwin Road, Waitara, 2077",Ampol AmpCharge,https://openchargemap.org/site/poi/details/278525
ocm,ev_00647,"6 Boundary St, Sydney, 2081",272620,0.07,True,0.667,0.0,False,True,nearby_identity,Berowra Tennis Centre,"6 Boundary Street, Berowra, 2081",Chargefox,https://openchargemap.org/site/poi/details/272620
ocm,ev_00649,"6 Castlereagh St Gilgandra, NSW 2827, Australia",190683,202.61,True,0.111,0.0,False,False,,Walgett [NRMA],"26 Neilly Street, Walgett, 2832",NRMA,https://openchargemap.org/site/poi/details/190683
ocm,ev_00653,"6 Myahgah Rd, Sydney, 2088",191164,12.23,True,0.5,0.0,False,True,nearby_identity,Evie Mosman,"6 Myahgah Road, Mosman",Evie,https://openchargemap.org/site/poi/details/191164
ocm,ev_00681,"7 Bungan St, Sydney, 2103",190757,11.89,True,0.375,0.0,False,True,nearby_identity,Mona Vale [JOLT],"2 Bungan St, Mona Vale, 2103",Jolt,https://openchargemap.org/site/poi/details/190757
ocm,ev_00681,"7 Bungan St, Sydney, 2103",192929,71.12,True,0.222,0.0,False,False,,Mona Vale library carpark [JOLT],"1 Park St, Mona Vale, 2103",Jolt,https://openchargemap.org/site/poi/details/192929
ocm,ev_00687,"7 Tank St, Lithgow, 2790",154488,7.72,True,0.6,0.0,False,True,nearby_identity,Lithgow Workmen's Club,"Tank St, Lithgow",NRMA,https://openchargemap.org/site/poi/details/154488
ocm,ev_00698,"73 Belmore Road, Randwick NSW 2031",272630,14.6,True,1.0,0.0,False,True,nearby_identity,Royal Randwick,"73 Belmore Road, Randwick, 2031",Evie,https://openchargemap.org/site/poi/details/272630
ocm,ev_00699,"731-741 Military Rd, Sydney, 2088",272686,300.11,False,0.1,0.0,False,False,,Raglan Street West,"188 Raglan St, Mosman, 2088",Evie,https://openchargemap.org/site/poi/details/272686
ocm,ev_00699,"731-741 Military Rd, Sydney, 2088",191164,409.87,False,0.111,0.0,False,False,,Evie Mosman,"6 Myahgah Road, Mosman",Evie,https://openchargemap.org/site/poi/details/191164
ocm,ev_00704,"76 Cowper St, Wallsend, 2287",148545,26.25,True,1.0,0.0,False,True,nearby_identity,Wallsend [NRMA],"76 Cowper Street, Wallsend, 2287",NRMA,https://openchargemap.org/site/poi/details/148545
ocm,ev_00706,"76 Wingewarra St, Dubbo, 2830",121546,0.02,True,1.0,0.0,False,True,nearby_identity,Dubbo Supercharger [Tesla],"76 Wingewarra Street, Dubbo, 2830",Tesla (including non-tesla),https://openchargemap.org/site/poi/details/121546
ocm,ev_00706,"76 Wingewarra St, Dubbo, 2830",191955,73.05,False,0.6,0.0,False,False,nearby_identity,NRMA Dubbo,"Wingewarra Street, Dubbo",NRMA,https://openchargemap.org/site/poi/details/191955
ocm,ev_00708,"77 Darling St, Cowra, 2794",156010,89.38,True,1.0,0.0,False,True,nearby_identity,Cowra Regional Art Gallery,"77 Darling Street, Cowra, 2794",NRMA,https://openchargemap.org/site/poi/details/156010
ocm,ev_00713,"78 Great Western Hwy Cnr Ross St, Glenbrook, NSW, 2773",297042,7.92,True,0.667,0.0,False,True,nearby_identity,AmpCharge Charging Station,"78 Great Western Highway, Glenbrook, 2773",Ampol AmpCharge,https://openchargemap.org/site/poi/details/297042
ocm,ev_00721,"8 Kosciuszko Rd, Jindabyne, 2627",190861,219.41,False,0.222,0.0,False,False,,Snowy River Ave Car Park,"3 Snowy River Ave, Jindabyne, 2627",NRMA,https://openchargemap.org/site/poi/details/190861
ocm,ev_00727,"80 Little Barber St, Gunnedah, 2380",274452,50.73,False,0.556,0.0,False,False,nearby_identity,NRMA Fast Charger Gunnedah,"Kepreotes Carpark, 73 Little Barber Street, Gunnedah, 2380",(Unknown Operator),https://openchargemap.org/site/poi/details/274452
ocm,ev_00730,"81 Meehan St, Yass NSW 2582, Australia",191177,8.32,True,0.111,0.0,False,True,nearby_identity,Stewart Street Carpark [NRMA],"17 Stewart Street, Wollongong, 2500",NRMA,https://openchargemap.org/site/poi/details/191177
ocm,ev_00735,"82 Marsh St, Armidale, NSW 2350, Australia",190668,180.97,True,0.111,0.0,False,False,,Temora Council Chambers,"Little Hoskins Street, Temora, 2666",NRMA,https://openchargemap.org/site/poi/details/190668
ocm,ev_00736,"82A O'Connell St, Sydney, 2747",191163,51.3,True,0.571,0.0,False,True,nearby_identity,"Evie Caddens Corner, Kingswood.","82a O’Connell Street, Kinswoid",Evie,https://openchargemap.org/site/poi/details/191163
ocm,ev_00739,"85/91 Commissioner St, Cooma, 2630",90199,0.1,True,1.0,0.0,False,True,nearby_identity,Cooma Supercharger,"85-91 Commissioner Street, Cooma, NSW 2630",Tesla (Tesla-only charging),https://openchargemap.org/site/poi/details/90199
ocm,ev_00750,"88 Christie St, St Leonards NSW 2065",272632,14.64,True,1.0,0.0,False,True,nearby_identity,Civic Plaza 88 Christie,"88 Christie St, St Leonards, 2065",Evie,https://openchargemap.org/site/poi/details/272632
ocm,ev_00755,"89 Barwan St, Narrabri, NSW 2390, Australia,",312274,165.88,False,0.111,0.0,False,False,,Tesla Supercharger - Coles Tenterfield,"1 Crown St, Tenterfield, 2372",Tesla (including non-tesla),https://openchargemap.org/site/poi/details/312274
ocm,ev_00756,"89 Market St, Balranald, 2715",190671,20.86,True,1.0,0.0,False,True,nearby_identity,Balranald [NRMA],"89 Market Street, Balranald, 2715",NRMA,https://openchargemap.org/site/poi/details/190671
ocm,ev_00759,"895 South Dowling St, Sydney, 2017",191062,15.67,True,0.667,0.0,False,True,nearby_identity,Audi Centre Sydney,"895 South Dowling Street, Zetland, 2017",Chargefox,https://openchargemap.org/site/poi/details/191062
ocm,ev_00759,"895 South Dowling St, Sydney, 2017",272616,167.3,True,0.111,0.0,False,False,,NRMA - Sydney,"4 Defries Avenue, Zetland, 2017",Chargefox,https://openchargemap.org/site/poi/details/272616
ocm,ev_00764,"9 Eastern Valley Way, Northbridge NSW 2063",272694,24.34,True,1.0,0.0,False,True,nearby_identity,Northbridge Plaza,"9 Eastern Valley Way, Northbridge, 2063",Evie,https://openchargemap.org/site/poi/details/272694
ocm,ev_00772,"91 Spring St, Sydney, 2022",272634,37.97,True,0.571,0.0,False,True,nearby_identity,Eastgate Bondi Junction,"91 Spring St , NSW 2022, Bondi Junction, 2022",Evie,https://openchargemap.org/site/poi/details/272634
ocm,ev_00777,"93 Byamee St, Dapto NSW 2530",272496,47.2,True,0.5,0.0,False,True,nearby_identity,Evie Dapto Mall,"Moombara Street, Dapto, 2530",Evie,https://openchargemap.org/site/poi/details/272496
ocm,ev_00783,"9-49 Chapel Rd, Bankstown NSW 2200",191160,5.12,True,0.833,0.0,False,True,nearby_identity,Bankstown [Evie],"9-49 Chapel Road, Bankstown",Evie,https://openchargemap.org/site/poi/details/191160
ocm,ev_00783,"9-49 Chapel Rd, Bankstown NSW 2200",308738,193.21,False,0.5,0.0,False,False,,Tesla Supercharger Bankstown,"Chapel Road, Bankstown",Tesla (including non-tesla),https://openchargemap.org/site/poi/details/308738
ocm,ev_00785,"96 Mackay Ave, Yoogali, 2680",306014,73.21,True,0.286,0.0,False,False,,Owen Toyota,"Owen Drive, Yoogali, 2680",Chargefox,https://openchargemap.org/site/poi/details/306014
ocm,ev_00801,"Anderson St, Sydney, 2067",266872,298.47,False,0.125,0.0,False,False,,Chatswood Chase Chargefox,"345 Victoria Avenue, Chatswood, 2067",Chargefox,https://openchargemap.org/site/poi/details/266872
ocm,ev_00805,"B640 Princes Hwy, Berry, 2535",128374,46.05,True,0.8,0.0,False,True,nearby_identity,Berry Supercharger,"B640 Princes Highway, Berry",Tesla (including non-tesla),https://openchargemap.org/site/poi/details/128374
ocm,ev_00811,"Berowra Railway Station, Pacific Highway, Berowra, New South Wales 2081, Australia",272620,355.63,False,0.222,0.0,False,False,,Berowra Tennis Centre,"6 Boundary Street, Berowra, 2081",Chargefox,https://openchargemap.org/site/poi/details/272620
ocm,ev_00815,"Bryant Dr, Central Coast, 2259",128371,127.25,True,0.25,0.0,False,False,,Central Coast Supercharger [Tesla],"Bryant Drive & Wyong Road, Tuggerah",Tesla (Tesla-only charging),https://openchargemap.org/site/poi/details/128371
ocm,ev_00817,"Bunnerong Rd, Sydney, 2036",272619,86.94,True,0.5,0.0,False,True,nearby_identity,The Heffron Centre,"439 Bunnerong Road, Chifley, 2036",Chargefox,https://openchargemap.org/site/poi/details/272619
ocm,ev_00821,"Car Park behind the Civic Centre, Orange, 2800",191954,1.91,True,0.333,0.0,False,True,nearby_identity,Orange Civic Theatre,"Orange Civic Theatre, Orange, 2800",NRMA,https://openchargemap.org/site/poi/details/191954
ocm,ev_00822,"Car park, 51 Evans St (Victoria Park), Inverell, NSW 2360, Australia",190500,57.26,True,0.091,0.0,False,False,,Cross Street Carpark [NRMA],"8 Cross Street, Wagga Wagga, NSW",NRMA,https://openchargemap.org/site/poi/details/190500
ocm,ev_00823,"Car park, Little Hoskins St, Temora, NSW 2666",480135,48.06,True,0.091,0.0,False,False,,NRMA EV Charger Walcha,"10W Apsley Street, Walcha, 2354",NRMA,https://openchargemap.org/site/poi/details/480135
ocm,ev_00825,"Castlereagh Rd, Sydney, 2750",274056,5.86,True,0.125,0.0,False,True,nearby_identity,Ampol Foodary Penrith,"153 Coreen Ave, Penrith, 2750",Ampol AmpCharge,https://openchargemap.org/site/poi/details/274056
ocm,ev_00826,"Central Ave 2, Sydney, 2015",272614,30.54,False,0.667,0.0,False,False,nearby_identity,Mirvac South Eveleigh,"2 Central Avenue, Eveleigh, 2015",Chargefox,https://openchargemap.org/site/poi/details/272614
ocm,ev_00834,"Cnr Herring & Waterloo Rd, North Ryde NSW 2113",150032,109.24,False,0.111,0.0,False,False,,Macquarie Supercharger,"Macquarie Supercharger, 2113",Tesla (Tesla-only charging),https://openchargemap.org/site/poi/details/150032
ocm,ev_00834,"Cnr Herring & Waterloo Rd, North Ryde NSW 2113",272627,172.63,True,1.0,0.0,False,False,,Macquarie Centre,"Cnr Herring Rd & Waterloo Rd, North Ryde, 2113",Evie,https://openchargemap.org/site/poi/details/272627
ocm,ev_00835,"Cnr Herring Rd & Waterloo Rd, Sydney, 2113",272627,48.6,False,0.625,0.0,False,False,nearby_identity,Macquarie Centre,"Cnr Herring Rd & Waterloo Rd, North Ryde, 2113",Evie,https://openchargemap.org/site/poi/details/272627
ocm,ev_00835,"Cnr Herring Rd & Waterloo Rd, Sydney, 2113",150032,183.81,True,0.125,0.0,False,False,,Macquarie Supercharger,"Macquarie Supercharger, 2113",Tesla (Tesla-only charging),https://openchargemap.org/site/poi/details/150032
ocm,ev_00839,"Corner of Snowy River Avenue and Kalkite St, Jindabyne, 2627",190861,6.24,True,0.455,0.0,False,True,nearby_identity,Snowy River Ave Car Park,"3 Snowy River Ave, Jindabyne, 2627",NRMA,https://openchargemap.org/site/poi/details/190861
ocm,ev_00843,"Dalton St, Parkes, 2870",191956,23.08,True,0.6,0.0,False,True,nearby_identity,NRMA Parkes,"Bogan Street, Parkes, 2870",NRMA,https://openchargemap.org/site/poi/details/191956
ocm,ev_00850,"Dorhauer Ln, Sydney, 2025",272689,5.47,True,0.333,0.0,False,True,nearby_identity,Dorhauer Lane,"Dorhauer Lane, Woollahra, 2025",Evie,https://openchargemap.org/site/poi/details/272689
ocm,ev_00852,"Eskbank St, Lithgow, 2790",154488,425.75,True,0.4,0.0,False,False,,Lithgow Workmen's Club,"Tank St, Lithgow",NRMA,https://openchargemap.org/site/poi/details/154488
ocm,ev_00853,"f 419 Hinterland Wy, Knockrow, 2479",79243,0.09,True,0.571,0.0,False,True,nearby_identity,Knockrow Supercharger,"419 Hinterland Way, Knockrow, 2479",Tesla (including non-tesla),https://openchargemap.org/site/poi/details/79243
ocm,ev_00861,"Gipps St, Bega, 2550",191183,52.86,True,0.429,0.0,False,False,,NRMA Bega,"Church Street Carpark, 81 Gipps Street, Bega",NRMA,https://openchargemap.org/site/poi/details/191183
ocm,ev_00867,"Harbour Boulevard, Shell Cove, 2529",171647,36.61,True,0.286,0.0,False,False,,Woolworths Shell Cove,"Harbour Boulevarde, Shellharbour, 2529",Chargefox,https://openchargemap.org/site/poi/details/171647
ocm,ev_00868,"Hassall St, Sydney, 2142",273428,76.2,True,0.6,0.0,False,True,nearby_identity,bp pulse Rosehill,"Hassall Street, Rosehill, 2142",BP Pulse (AU),https://openchargemap.org/site/poi/details/273428
ocm,ev_00869,"Hassall Street & James Rouse Drive, Sydney, 2142",273428,85.48,True,0.375,0.0,False,False,,bp pulse Rosehill,"Hassall Street, Rosehill, 2142",BP Pulse (AU),https://openchargemap.org/site/poi/details/273428
ocm,ev_00879,"Innovation Way, Wollongong, 2500",131610,5.91,True,0.667,0.0,False,True,nearby_identity,Innovation Campus - University of Wollongong,"Off Innovation Way, North Wollongong, 2500",Chargefox,https://openchargemap.org/site/poi/details/131610
ocm,ev_00884,"Kable Ave, Tamworth, 2340",312659,256.27,False,0.333,0.0,False,False,,Evie 300kW Charger,"Cooper Lane, Tamworth, 2340",Evie,https://openchargemap.org/site/poi/details/312659
ocm,ev_00887,"Kintore Headframe Car Park, 51 Bromide St, Broken Hill, NSW 2880, Australia",190678,56.88,True,0.067,0.0,False,False,,Wilcannia [NRMA],"1-7 Ross St, Wilcannia, 2836",NRMA,https://openchargemap.org/site/poi/details/190678
ocm,ev_00910,"Mortimer St, Mudgee, 2850",191957,7.47,True,0.6,0.0,False,True,nearby_identity,NRMA Mudgee,"Perry Street, Mudgee, 2850",NRMA,https://openchargemap.org/site/poi/details/191957
ocm,ev_00910,"Mortimer St, Mudgee, 2850",274144,481.69,True,0.5,0.0,False,False,,NRMA Short Street Car Park,"47 Short Street, Mudgee, 2850",NRMA,https://openchargemap.org/site/poi/details/274144
ocm,ev_00915,"Murray Rose Ave, Sydney, 2127",191394,4.72,True,0.625,0.0,False,True,nearby_identity,NRMA Olympic Park,"9 Murray Rose Ave, Sydney Olympic Park, 2127",NRMA,https://openchargemap.org/site/poi/details/191394
ocm,ev_00927,"Pacific Hwy, Boambee, 2450",172852,15.5,True,0.667,0.0,False,True,nearby_identity,Coffs Harbour [Chargefox],"Pacific Highway, North Boambee Valley, 2450",Chargefox,https://openchargemap.org/site/poi/details/172852
ocm,ev_00932,"Pole Ln, Sydney, 2065",272632,418.85,True,0.125,0.0,False,False,,Civic Plaza 88 Christie,"88 Christie St, St Leonards, 2065",Evie,https://openchargemap.org/site/poi/details/272632
ocm,ev_00938,"Prospect St, Holbrook, 2644",190359,174.38,True,0.429,0.0,False,False,,Holbrook [NRMA],"Submarine Park, 7 Prospect Street, Holbrook",NRMA,https://openchargemap.org/site/poi/details/190359
ocm,ev_00943,"Riverside Dr, Jugiong, 2726",190358,30.2,True,0.6,0.0,False,True,nearby_identity,Jugiong [NRMA],"319 Riverside Drive, Jugiong",NRMA,https://openchargemap.org/site/poi/details/190358
ocm,ev_00946,"Rogan Ln, Young, 2594",191958,10.79,True,0.143,0.0,False,True,nearby_identity,NRMA Young,"88 Lovell Street, Young",NRMA,https://openchargemap.org/site/poi/details/191958
ocm,ev_00952,"Shire St, West Wyalong, 2671",190669,34.06,True,0.714,0.0,False,True,nearby_identity,West Wyalong [NRMA],"13-15 Shire St, West Wyalong NSW 2671, West Wyalong, 2671",NRMA,https://openchargemap.org/site/poi/details/190669
ocm,ev_00954,"Short St, Mudgee, 2850",274144,75.52,True,0.8,0.0,False,True,nearby_identity,NRMA Short Street Car Park,"47 Short Street, Mudgee, 2850",NRMA,https://openchargemap.org/site/poi/details/274144
ocm,ev_00954,"Short St, Mudgee, 2850",191957,449.49,True,0.6,0.0,False,False,,NRMA Mudgee,"Perry Street, Mudgee, 2850",NRMA,https://openchargemap.org/site/poi/details/191957
ocm,ev_00955,"Skillman's Lane, Coonamble, NSW 2829, Australia",190005,22.81,True,0.0,0.0,False,True,nearby_identity,Banjo Paterson Park [NRMA],"81 Meehan Street, Yass, 2582",NRMA,https://openchargemap.org/site/poi/details/190005
ocm,ev_00955,"Skillman's Lane, Coonamble, NSW 2829, Australia",296045,346.82,False,0.0,0.0,False,False,,Tesla Superchargers Yass,"Lead Street, Yass, 2582",Tesla (including non-tesla),https://openchargemap.org/site/poi/details/296045
ocm,ev_00959,"Sommerlad Ln, Glen Innes, 2370",266499,0.55,True,0.667,0.0,False,True,nearby_identity,NRMA Glen Innes,"Sommerlad Lane, Glen Innes, 2370",NRMA,https://openchargemap.org/site/poi/details/266499
ocm,ev_00960,"Stuart St, Wagga Wagga, 2650",306016,18.58,True,0.5,0.0,False,True,nearby_identity,Middy's Wagga East,"Stuart Road, East Wagga Wagga, 2650",Everty,https://openchargemap.org/site/poi/details/306016
ocm,ev_00961,"Sunset Blvd, Soldiers Point, 2317",273225,10.75,True,1.0,0.0,False,True,nearby_identity,Soldiers Point Marina,"Sunset Blvd, Soldiers Point, 2317",Chargefox,https://openchargemap.org/site/poi/details/273225
ocm,ev_00970,"Vesper St, Batemans Bay, 2536",209950,100.19,True,0.833,0.0,False,True,nearby_identity,Batemans Bay Regional Arts Aquatic & Leisure Centre [NRMA],"12 Vesper Street, Batemans Bay, 2536",NRMA,https://openchargemap.org/site/poi/details/209950
ocm,ev_00970,"Vesper St, Batemans Bay, 2536",157566,181.9,True,0.375,0.0,False,False,,Batemans Bay Visitor Centre [NRMA],"2A Beach Road, Batemans Bay, 2536",NRMA,https://openchargemap.org/site/poi/details/157566
ocm,ev_00970,"Vesper St, Batemans Bay, 2536",190706,341.81,False,0.571,0.0,False,False,,Dan Murphy's,"51 Orient Street, Batemans Bay, 2536",Evie,https://openchargemap.org/site/poi/details/190706
ocm,ev_00974,"Walton Ln, Picton, 2571",161843,9.27,True,0.5,0.0,False,True,nearby_identity,Picton [NRMA],"5 Walton Lane, Picton, 2571",NRMA,https://openchargemap.org/site/poi/details/161843
ocm,ev_00977,"Wingewarra St, Dubbo, 2830",191955,15.76,True,0.75,0.0,False,True,nearby_identity,NRMA Dubbo,"Wingewarra Street, Dubbo",NRMA,https://openchargemap.org/site/poi/details/191955
ocm,ev_00977,"Wingewarra St, Dubbo, 2830",121546,65.23,False,0.8,0.0,False,False,nearby_identity,Dubbo Supercharger [Tesla],"76 Wingewarra Street, Dubbo, 2830",Tesla (including non-tesla),https://openchargemap.org/site/poi/details/121546
ocm,ev_00980,"Wyong Rd, Central Coast, 2261",266767,17.42,True,0.3,0.0,False,True,nearby_identity,BP Pulse,"Cnr Mingara Dr & Wyong Rd, Tumbi Umbi, 2261",BP Pulse (AU),https://openchargemap.org/site/poi/details/266767
ocm,ev_01071,20-22 Camden Rd Campbelltown NSW 2560 Australia,266501,88.32,True,1.0,0.0,False,True,nearby_identity,Campbelltown Supercharger,"20-22 Camden Road, Campbelltown, 2560",Tesla (Tesla-only charging),https://openchargemap.org/site/poi/details/266501
ocm,ev_01071,20-22 Camden Rd Campbelltown NSW 2560 Australia,299879,150.17,False,0.571,0.0,False,False,,Chargefox Charging Station,"38 Camden Rd, Campbelltown, 2560",Chargefox,https://openchargemap.org/site/poi/details/299879
ocm,ev_01084,"19 Princes Hwy, Figtree NSW 2525, Australia",171646,151.11,True,0.2,0.0,False,False,,Wollongong Supercharger,"Figtree Grove Shopping Centre, The Avenue, Figtree, 2525",Tesla (including non-tesla),https://openchargemap.org/site/poi/details/171646
ocm,ev_01292,"173 Canterbury Road, Bankstown NSW 2200",308738,137.94,True,0.333,0.0,False,False,,Tesla Supercharger Bankstown,"Chapel Road, Bankstown",Tesla (including non-tesla),https://openchargemap.org/site/poi/details/308738
ocm,ev_01292,"173 Canterbury Road, Bankstown NSW 2200",191160,177.65,False,0.25,0.0,False,False,,Bankstown [Evie],"9-49 Chapel Road, Bankstown",Evie,https://openchargemap.org/site/poi/details/191160
ocm,ev_01301,"179-183 Hume St, Goulburn NSW 2580",296038,39.3,False,0.429,0.0,False,False,,KFC Goulburn,"Lockyer Street, Goulburn, 2580",Chargefox,https://openchargemap.org/site/poi/details/296038
ocm,ev_01301,"179-183 Hume St, Goulburn NSW 2580",308265,130.43,True,0.286,0.0,False,False,,Tesla Supercharger Goulburn South,"Lockyer Street, Goulburn",Tesla (including non-tesla),https://openchargemap.org/site/poi/details/308265
ocm,ev_01319,188 Fernleigh Rd Glenfield Park NSW 2650 Australia,300153,81.08,True,0.714,0.0,False,True,nearby_identity,Tesla Supercharger Wagga Wagga,"Fernleigh Road, Glenfield Park, Wagga Wagga, 2650",Tesla (including non-tesla),https://openchargemap.org/site/poi/details/300153
ocm,ev_01337,2 Bridge Rd Griffith NSW 2680 Australia,306013,46.94,True,1.0,0.0,False,True,nearby_identity,Griffith Leagues Club Southside,"2 Bridge Road, Griffith, 2680",Tesla (including non-tesla),https://openchargemap.org/site/poi/details/306013
ocm,ev_01352,2 Moonee Beach Rd Moonee Beach NSW 2450 Australia,311704,68.14,True,1.0,0.0,False,True,nearby_identity,Moonee Beach,"2 Moonee Beach Rd, Moonee Beach, 2450",Tesla (including non-tesla),https://openchargemap.org/site/poi/details/311704
ocm,ev_01425,"260 Victoria Avenue, Chatswood, NSW 2067",266872,172.08,False,0.667,0.0,False,False,,Chatswood Chase Chargefox,"345 Victoria Avenue, Chatswood, 2067",Chargefox,https://openchargemap.org/site/poi/details/266872
ocm,ev_01512,"374 Peel St, Tamworth NSW 2340, Australia",312659,37.03,True,0.286,0.0,False,False,,Evie 300kW Charger,"Cooper Lane, Tamworth, 2340",Evie,https://openchargemap.org/site/poi/details/312659
ocm,ev_01555,"46 Wynter St, Taree NSW 2430, Australia",460625,227.02,True,0.667,0.0,False,False,,Tesla Supercharger Taree,"37 Wynter Street, Taree, 2430",Tesla (including non-tesla),https://openchargemap.org/site/poi/details/460625
ocm,ev_01558,477 Coolac Rd Coolac NSW 2727 Australia,461335,54.35,True,1.0,0.0,False,True,nearby_identity,Tesla Supercharger Coolac,"477 Coolac Road, Coolac, 2727",Tesla (including non-tesla),https://openchargemap.org/site/poi/details/461335
ocm,ev_01561,"481 Pacific Hwy, Wyoming NSW 2250, Australia",508148,24.2,True,0.8,0.0,False,True,nearby_identity,Pacific Highway,"Pacific Highway, Wyoming, 2250",BP Pulse (AU),https://openchargemap.org/site/poi/details/508148
ocm,ev_01627,618 Dean St Albury NSW 2640 Australia,300154,49.25,True,0.5,0.0,False,True,nearby_identity,Tesla Supercharger Albury,"Stanley Street, Albury, 2640",Tesla (including non-tesla),https://openchargemap.org/site/poi/details/300154
ocm,ev_01640,"65 Hume St, Crows Nest NSW 2065, Australia",272632,455.87,True,0.222,0.0,False,False,,Civic Plaza 88 Christie,"88 Christie St, St Leonards, 2065",Evie,https://openchargemap.org/site/poi/details/272632
ocm,ev_01650,"68 Lead St, Yass NSW 2582, Australia",296045,25.08,True,0.8,0.0,False,True,nearby_identity,Tesla Superchargers Yass,"Lead Street, Yass, 2582",Tesla (including non-tesla),https://openchargemap.org/site/poi/details/296045
ocm,ev_01650,"68 Lead St, Yass NSW 2582, Australia",307990,261.18,False,0.333,0.0,False,False,,Woolworths Yass,"Comur Street, Yass",Chargefox,https://openchargemap.org/site/poi/details/307990
ocm,ev_01650,"68 Lead St, Yass NSW 2582, Australia",190005,322.73,False,0.429,0.0,False,False,,Banjo Paterson Park [NRMA],"81 Meehan Street, Yass, 2582",NRMA,https://openchargemap.org/site/poi/details/190005
ocm,ev_01671,72 Lachlan St Hay NSW 2711 Australia,190670,319.81,False,0.667,0.0,False,False,,Hay [NRMA],"134 Lachlan St, Hay, 2711",NRMA,https://openchargemap.org/site/poi/details/190670
ocm,ev_01695,"801-899R Bunnerong Rd, Chifley NSW 2036, Australia",272619,86.91,True,0.571,0.0,False,True,nearby_identity,The Heffron Centre,"439 Bunnerong Road, Chifley, 2036",Chargefox,https://openchargemap.org/site/poi/details/272619
ocm,ev_01734,"9-17 Short St, Parkes NSW 2870",191956,459.91,False,0.429,0.0,False,False,,NRMA Parkes,"Bogan Street, Parkes, 2870",NRMA,https://openchargemap.org/site/poi/details/191956
ocm,ev_01757,"Cabarita Beach Bowls and Sports Club, Cabarita Beach NSW 2488",295994,57.56,True,0.2,0.0,False,False,,NRMA Cabarita Beach,"45 Cabarita Road, Bogangar, 2488",NRMA,https://openchargemap.org/site/poi/details/295994
ocm,ev_01760,"Cnr Cumberland Hwy & Cabramatta Rd W, Cabramatta NSW 2166, Australia",191161,100.02,False,0.2,0.0,False,False,,Evie Cabramatta,"Hungry Jacks, 401 Cabramatta Road, Cabramatta",Evie,https://openchargemap.org/site/poi/details/191161
ocm,ev_01762,"Coonabarabran Visitor Cntr, Coonabarabran, 2357",191959,12.9,True,0.167,0.0,False,True,nearby_identity,NRMA Coonabarabran,"Newell Highway, Coonabarabran",NRMA,https://openchargemap.org/site/poi/details/191959
ocm,ev_01763,Corner Sturgeon St & Glenelg St Raymond Terrace NSW 2324 Australia,297859,97.25,True,0.714,0.0,False,True,nearby_identity,Terrace Central [Tesla],"Glenelg Street, Raymond Terrace, 2324",Tesla (including non-tesla),https://openchargemap.org/site/poi/details/297859
ocm,ev_01776,"Gouldsbury St, Mosman NSW 2088, Australia",191164,260.33,True,0.143,0.0,False,False,,Evie Mosman,"6 Myahgah Road, Mosman",Evie,https://openchargemap.org/site/poi/details/191164
ocm,ev_01776,"Gouldsbury St, Mosman NSW 2088, Australia",272686,413.5,True,0.5,0.0,False,False,,Raglan Street West,"188 Raglan St, Mosman, 2088",Evie,https://openchargemap.org/site/poi/details/272686
ocm,ev_01781,"Hope St, Blaxland NSW 2774, Australia",266538,12.24,True,0.8,0.0,False,True,nearby_identity,Blaxland Supercharger,"126 Hope St, Blaxland, 2774",Tesla (Tesla-only charging),https://openchargemap.org/site/poi/details/266538
ocm,ev_01782,"Jessie St, Armidale NSW 2350, Australia",460615,39.67,True,0.6,0.0,False,True,nearby_identity,Tesla Supercharger Armidale,"117 Jessie Street, Armidale",Tesla (including non-tesla),https://openchargemap.org/site/poi/details/460615
ocm,ev_01816,"1 Kendall Ave, Bathurst, 2795",121552,15.47,True,0.8,0.0,False,True,nearby_identity,Bathurst Supercharger,"1 Kendall Ave, Bathurst",Tesla (including non-tesla),https://openchargemap.org/site/poi/details/121552
ocm,ev_01816,"1 Kendall Ave, Bathurst, 2795",191953,195.07,False,0.8,0.0,False,False,,Bathurst Visitor Information Centre,"1 Kendall Avenue, Bathurst",NRMA,https://openchargemap.org/site/poi/details/191953
ocm,ev_01817,"1 Kendall Ave, Bathurst, 2795",121552,10.49,False,0.8,0.0,False,False,nearby_identity,Bathurst Supercharger,"1 Kendall Ave, Bathurst",Tesla (including non-tesla),https://openchargemap.org/site/poi/details/121552
ocm,ev_01817,"1 Kendall Ave, Bathurst, 2795",191953,196.58,True,0.8,0.0,False,False,,Bathurst Visitor Information Centre,"1 Kendall Avenue, Bathurst",NRMA,https://openchargemap.org/site/poi/details/191953
ocm,ev_01937,"162 Rouse St, Tenterfield NSW 2372, Australia",312274,78.69,True,0.429,0.0,False,False,,Tesla Supercharger - Coles Tenterfield,"1 Crown St, Tenterfield, 2372",Tesla (including non-tesla),https://openchargemap.org/site/poi/details/312274
osm,ev_00002,"01 Wallgrove Road, Sydney, 2766",node/10590006365,65.8,True,0.0,0.0,False,False,,,,bp pulse,https://www.openstreetmap.org/node/10590006365
osm,ev_00006,"1 Bay St, Sydney, 2037",node/5438383393,66.33,True,0.0,0.0,False,False,,Tesla Supercharger,,Tesla,https://www.openstreetmap.org/node/5438383393
osm,ev_00012,"1 Dalgal Way, Sydney, 2037",node/6965052432,26.34,True,0.0,0.0,False,True,nearby_identity,Tesla Supercharger,,Tesla,https://www.openstreetmap.org/node/6965052432
osm,ev_00020,"1 Greenbridge Dr, Wilton, 2571",node/12624993541,2.93,True,0.0,0.0,False,True,nearby_identity,,,Chargefox,https://www.openstreetmap.org/node/12624993541
osm,ev_00024,"1 Ingham Dr, Casula NSW 2170",node/9863034303,0.93,True,0.0,0.0,False,True,nearby_identity,,,Evie Networks,https://www.openstreetmap.org/node/9863034303
osm,ev_00028,"1 Little Walker St, Casino, NSW 2470, Australia",node/12644131941,37.94,True,0.0,0.0,False,False,,,,NRMA,https://www.openstreetmap.org/node/12644131941
osm,ev_00036,"1 Park St, Sydney, 2103",node/9704706490,15.39,True,0.6,0.0,False,True,nearby_identity,,1 Park Street,Jolt,https://www.openstreetmap.org/node/9704706490
osm,ev_00036,"1 Park St, Sydney, 2103",node/9204398603,77.07,True,0.167,0.0,False,False,,,Bungan Street,Jolt,https://www.openstreetmap.org/node/9204398603
osm,ev_00037,"1 Perry St, Batemans Bay, 2536",node/6512442081,149.62,False,0.0,0.0,False,False,,,,NRMA,https://www.openstreetmap.org/node/6512442081
osm,ev_00037,"1 Perry St, Batemans Bay, 2536",node/7370327570,304.16,True,0.0,0.0,False,False,,,,Evie Networks,https://www.openstreetmap.org/node/7370327570
osm,ev_00037,"1 Perry St, Batemans Bay, 2536",node/10026076729,327.43,False,0.0,0.0,False,False,,,,NRMA,https://www.openstreetmap.org/node/10026076729
osm,ev_00038,"1 Plunkett St, Sydney, 2065",node/13059026685,443.48,False,0.0,0.0,False,False,,,,Evie Networks,https://www.openstreetmap.org/node/13059026685
osm,ev_00051,"10 Brookfield Rd, Minto NSW 2566",node/12015862929,5.6,True,0.0,0.0,False,True,nearby_identity,,,Evie Networks,https://www.openstreetmap.org/node/12015862929
osm,ev_00054,"10 Elizabeth St, Bathurst, 2795",node/12481649796,6.03,True,0.0,0.0,False,True,nearby_identity,,,Evie Networks,https://www.openstreetmap.org/node/12481649796
osm,ev_00054,"10 Elizabeth St, Bathurst, 2795",node/13013484065,198.52,False,0.0,0.0,False,False,,,,NRMA,https://www.openstreetmap.org/node/13013484065
osm,ev_00060,"10 Winery Dr, Port Macquarie, 2444",node/6460587589,9.84,True,0.0,0.0,False,True,nearby_identity,Tesla Supercharger,,Tesla,https://www.openstreetmap.org/node/6460587589
osm,ev_00067,"105 Station Rd, Sydney, 2147",node/13036266779,4.95,True,0.0,0.0,False,True,nearby_identity,,,AmpCharge,https://www.openstreetmap.org/node/13036266779
osm,ev_00069,"1067 Oxley Hwy, Thrumster, 2444",node/8390250930,26.24,False,0.0,0.0,False,False,nearby_identity,,,NRMA,https://www.openstreetmap.org/node/8390250930
osm,ev_00080,"11 Ewingsdale Rd, Ewingsdale, 2481",node/6695968988,21.33,True,0.0,0.0,False,True,nearby_identity,,,NRMA,https://www.openstreetmap.org/node/6695968988
osm,ev_00099,"1183-1187 The Horsley Dr, Sydney, 2164",node/11048936553,80.53,False,0.0,0.0,False,False,,,,Engie,https://www.openstreetmap.org/node/11048936553
osm,ev_00100,"1183-1187 The Horsley Dr, Wetherill Park NSW 2164",node/11048936553,45.49,True,0.0,0.0,False,False,,,,Engie,https://www.openstreetmap.org/node/11048936553
osm,ev_00103,"119 Stenhouse Drive, Cameron Park, 2285",node/13389664015,9.24,False,0.0,0.0,False,False,nearby_identity,,,AmpCharge,https://www.openstreetmap.org/node/13389664015
osm,ev_00107,"12 Hume Hwy, Pheasants Nest, 2574",node/11137421689,47.33,True,0.0,0.0,False,False,,,,AmpCharge,https://www.openstreetmap.org/node/11137421689
osm,ev_00107,"12 Hume Hwy, Pheasants Nest, 2574",node/11137421690,336.39,True,0.0,0.0,False,False,,,,AmpCharge,https://www.openstreetmap.org/node/11137421690
osm,ev_00108,"12 Hume Hwy, Pheasants Nest, 2574",node/11137421690,10.55,True,0.0,0.0,False,True,nearby_identity,,,AmpCharge,https://www.openstreetmap.org/node/11137421690
osm,ev_00108,"12 Hume Hwy, Pheasants Nest, 2574",node/11137421689,309.29,True,0.0,0.0,False,False,,,,AmpCharge,https://www.openstreetmap.org/node/11137421689
osm,ev_00118,"121 Princes Hwy, Wollongong, 2519",node/10783513810,171.31,False,0.0,0.0,False,False,,,,bp pulse,https://www.openstreetmap.org/node/10783513810
osm,ev_00124,"126 Mackay Ave, Yoogali, 2680",node/11963693701,485.83,True,0.0,0.0,False,False,,,,Chargefox,https://www.openstreetmap.org/node/11963693701
osm,ev_00134,"13125 Hume Hwy, Sutton Forest, 2577",node/9765677232,8.49,True,0.0,0.0,False,True,nearby_identity,,,Evie Networks,https://www.openstreetmap.org/node/9765677232
osm,ev_00134,"13125 Hume Hwy, Sutton Forest, 2577",node/10744631135,486.11,False,0.0,0.0,False,False,,Tesla Supercharger,,Tesla,https://www.openstreetmap.org/node/10744631135
osm,ev_00136,"13-17 Princes Hwy, Albion Park Rail NSW 2527",node/13309552143,176.35,False,0.0,0.0,False,False,,,,AmpCharge,https://www.openstreetmap.org/node/13309552143
osm,ev_00137,"132 Pound Street, Grafton, 2460",node/6656345063,58.57,True,0.0,0.0,False,False,,,,NRMA,https://www.openstreetmap.org/node/6656345063
osm,ev_00141,"134 Lachlan St, Hay, 2711",node/6926483227,30.41,True,0.0,0.0,False,False,,,,NRMA,https://www.openstreetmap.org/node/6926483227
osm,ev_00141,"134 Lachlan St, Hay, 2711",node/12087095506,288.64,False,0.0,0.0,False,False,,Tesla Supercharger,,Tesla,https://www.openstreetmap.org/node/12087095506
osm,ev_00142,"134 Lachlan St, Hay, 2711",node/6926483227,147.66,True,0.0,0.0,False,False,,,,NRMA,https://www.openstreetmap.org/node/6926483227
osm,ev_00142,"134 Lachlan St, Hay, 2711",node/12087095506,294.93,False,0.0,0.0,False,False,,Tesla Supercharger,,Tesla,https://www.openstreetmap.org/node/12087095506
osm,ev_00157,"141 Roselands Ave, Roselands NSW 2196",node/13064595558,72.68,False,0.0,0.0,False,False,,,,Chargefox,https://www.openstreetmap.org/node/13064595558
osm,ev_00167,"149 Alison Rd, Sydney, 2031",node/6965143040,86.43,False,0.0,0.0,False,False,,,,Chargefox,https://www.openstreetmap.org/node/6965143040
osm,ev_00171,"15 Chancellors Dr, Thrumster, 2444",node/11433418128,13.71,True,0.0,0.0,False,True,nearby_identity,Tesla Supercharger Thrumster,,Tesla,https://www.openstreetmap.org/node/11433418128
osm,ev_00171,"15 Chancellors Dr, Thrumster, 2444",node/7853821459,73.32,False,0.0,0.0,False,False,,,,NRMA,https://www.openstreetmap.org/node/7853821459
osm,ev_00187,"153 Coreen Ave Cnr Castlereagh Rd, Penrith, NSW, 2750",node/10924895189,20.71,True,0.0,0.0,False,True,nearby_identity,,,AmpCharge,https://www.openstreetmap.org/node/10924895189
osm,ev_00187,"153 Coreen Ave Cnr Castlereagh Rd, Penrith, NSW, 2750",node/11427578131,102.1,False,0.0,0.0,False,False,,,,bp pulse,https://www.openstreetmap.org/node/11427578131
osm,ev_00192,"15620 Hume Hwy, Marulan, 2579",node/10263943172,26.29,True,0.0,0.0,False,True,nearby_identity,,,BP Pulse,https://www.openstreetmap.org/node/10263943172
osm,ev_00192,"15620 Hume Hwy, Marulan, 2579",node/10263943171,416.94,True,0.0,0.0,False,False,,,,BP Pulse,https://www.openstreetmap.org/node/10263943171
osm,ev_00193,"15666 Hume Hwy, Marulan, 2579",node/10263943171,52.37,True,0.0,0.0,False,False,,,,BP Pulse,https://www.openstreetmap.org/node/10263943171
osm,ev_00193,"15666 Hume Hwy, Marulan, 2579",node/10263943172,494.46,True,0.0,0.0,False,False,,,,BP Pulse,https://www.openstreetmap.org/node/10263943172
osm,ev_00196,"15c Mitchell St, Bourke, NSW 2840, Australia",node/13928568814,29.98,True,0.0,0.0,False,True,nearby_identity,,,NRMA,https://www.openstreetmap.org/node/13928568814
osm,ev_00198,"16 Berry St, Nowra, 2541",node/14184391901,4.73,True,0.0,0.0,False,True,nearby_identity,,,NRMA,https://www.openstreetmap.org/node/14184391901
osm,ev_00202,"16 Oaks Ave, Sydney, 2099",node/9491233549,3.51,True,0.5,0.0,False,True,nearby_identity,,4-16 Oaks Avenue,Jolt,https://www.openstreetmap.org/node/9491233549
osm,ev_00227,"18 Silver St, Sydney, 2031",node/6965143040,8.47,True,0.0,0.0,False,True,nearby_identity,,,Chargefox,https://www.openstreetmap.org/node/6965143040
osm,ev_00229,"18 Victoria Avenue, Castle Hill NSW 2154",node/11365214134,10.61,True,0.0,0.0,False,True,nearby_identity,,,Evie Networks,https://www.openstreetmap.org/node/11365214134
osm,ev_00236,"185 Princes Hwy, Narooma, 2546",node/5758577851,11.12,True,0.0,0.0,False,True,nearby_identity,Tesla Supercharger,,Tesla,https://www.openstreetmap.org/node/5758577851
osm,ev_00246,"19 Princes Hwy, Figtree NSW 2525, Australia",node/10815562193,134.28,True,0.0,0.0,False,False,,Wollongong Supercharger,,Tesla,https://www.openstreetmap.org/node/10815562193
osm,ev_00248,"19 Richmond Rd, Sydney, 2140",node/9290610873,5.58,True,0.0,0.0,False,True,nearby_identity,,,Jolt,https://www.openstreetmap.org/node/9290610873
osm,ev_00254,197-215 Condamine St Balgowlah NSW 2093 Australia,node/12968478808,49.63,True,0.0,0.0,False,False,,Tesla Supercharger,,Tesla,https://www.openstreetmap.org/node/12968478808
osm,ev_00256,"198 Great Western Highway, Hazelbrook, NSW, 2779",node/11335199123,23.29,True,0.0,0.0,False,True,nearby_identity,,,AmpCharge,https://www.openstreetmap.org/node/11335199123
osm,ev_00265,"2 Corkwood Rd, Valla, 2448",node/11495572569,6.2,True,0.0,0.0,False,True,nearby_identity,bp pulse,,bp pulse,https://www.openstreetmap.org/node/11495572569
osm,ev_00270,"2 Hercules Street, Murrumbateman, 2582",node/9366472089,14.16,True,0.0,0.0,False,True,nearby_identity,,,Evie Networks,https://www.openstreetmap.org/node/9366472089
osm,ev_00277,"2 Ocean Dr, Kew, 2439",node/12753915088,9.53,True,0.0,0.0,False,True,nearby_identity,Kew Supercharger,,Tesla,https://www.openstreetmap.org/node/12753915088
osm,ev_00288,"2 Stewart St, Lithgow, 2790",node/12015928951,72.21,True,0.0,0.0,False,False,,,,Evie Networks,https://www.openstreetmap.org/node/12015928951
osm,ev_00303,"201 Manning River Drive, Taree, 2430",node/7612252206,1.63,True,0.0,0.0,False,True,nearby_identity,,,Evie Networks,https://www.openstreetmap.org/node/7612252206
osm,ev_00304,"201 Sloane St, Goulburn, 2580",node/4016257448,4.87,True,0.6,0.0,False,True,nearby_identity,Tesla Supercharger,201 Sloane Street,Tesla,https://www.openstreetmap.org/node/4016257448
osm,ev_00306,20-22 Camden Rd Campbelltown NSW 2560 Australia,node/10774220953,133.19,True,0.0,0.0,False,False,,Tesla Supercharger,,Tesla,https://www.openstreetmap.org/node/10774220953
osm,ev_00306,20-22 Camden Rd Campbelltown NSW 2560 Australia,node/11842761957,214.82,False,0.0,0.0,False,False,,,,Chargefox,https://www.openstreetmap.org/node/11842761957
osm,ev_00306,20-22 Camden Rd Campbelltown NSW 2560 Australia,node/11419885107,257.61,False,0.0,0.0,False,False,,,,Evie Networks,https://www.openstreetmap.org/node/11419885107
osm,ev_00310,"205 Old Hume Hwy, Mittagong, 2575",node/11365114635,2.63,True,0.0,0.0,False,True,nearby_identity,,,Evie Networks,https://www.openstreetmap.org/node/11365114635
osm,ev_00312,"2072 Camden Valley Way, Edmondson Park, NSW, 2174",node/11419886723,38.54,True,0.0,0.0,False,False,,,,AmpCharge,https://www.openstreetmap.org/node/11419886723
osm,ev_00323,"211 Lake Entrance Rd, Shellharbour City Centre, 2529",node/12963857532,441.02,True,0.0,0.0,False,False,,,,AmpCharge,https://www.openstreetmap.org/node/12963857532
osm,ev_00331,"220 Taren Point Rd, Caringbah NSW 2229",node/13103102258,476.84,False,0.0,0.0,False,False,,,,bp pulse,https://www.openstreetmap.org/node/13103102258
osm,ev_00334,"224 Princes Hwy, Wollongong, 2519",node/10783513810,1.22,True,0.0,0.0,False,True,nearby_identity,,,bp pulse,https://www.openstreetmap.org/node/10783513810
osm,ev_00335,"224 Prospect Hwy, Seven Hills NSW 2147",node/11365136257,7.61,True,0.0,0.0,False,True,nearby_identity,,,Evie Networks,https://www.openstreetmap.org/node/11365136257
osm,ev_00339,"2260 Camden Valley Way, Sydney, 2170",node/11689937303,7.78,True,0.0,0.0,False,True,nearby_identity,,,Jolt,https://www.openstreetmap.org/node/11689937303
osm,ev_00340,"2260 Camden Valley Way, Sydney, 2170",node/11689937303,19.04,True,0.0,0.0,False,True,nearby_identity,,,Jolt,https://www.openstreetmap.org/node/11689937303
osm,ev_00343,"2285 Pacific Hwy, Heatherbrae, 2324",node/6816990777,0.05,True,0.0,0.0,False,True,nearby_identity,Tesla Supercharger Heatherbrae,,Tesla,https://www.openstreetmap.org/node/6816990777
osm,ev_00352,"2398 Pacific Hwy, Heatherbrae, 2324",node/10647829948,7.18,True,0.0,0.0,False,True,nearby_identity,,,BP Pulse,https://www.openstreetmap.org/node/10647829948
osm,ev_00354,"24 Cooper St, Macksville, 2447",node/8505686311,7.28,True,0.0,0.0,False,True,nearby_identity,,,Evie Networks,https://www.openstreetmap.org/node/8505686311
osm,ev_00357,"24 Sallys Corner Rd, Exeter, 2579",node/10744631135,6.32,True,0.0,0.0,False,True,nearby_identity,Tesla Supercharger,,Tesla,https://www.openstreetmap.org/node/10744631135
osm,ev_00357,"24 Sallys Corner Rd, Exeter, 2579",node/9765677232,482.76,False,0.0,0.0,False,False,,,,Evie Networks,https://www.openstreetmap.org/node/9765677232
osm,ev_00360,"241 Waterworth Dr, Mount Annan NSW 2567, Australia",node/12686156645,42.55,False,0.0,0.0,False,False,,,,Shell Recharge Solutions,https://www.openstreetmap.org/node/12686156645
osm,ev_00364,"24-42 King Georges Rd, Sydney, 2195",node/10218282678,10.1,True,0.0,0.0,False,True,nearby_identity,,,bp pulse,https://www.openstreetmap.org/node/10218282678
osm,ev_00370,"250 Comur St, Yass, 2582",node/12441111761,29.66,True,0.0,0.0,False,True,nearby_identity,,,Chargefox,https://www.openstreetmap.org/node/12441111761
osm,ev_00370,"250 Comur St, Yass, 2582",node/13762401039,193.93,False,0.0,0.0,False,False,,,,NRMA,https://www.openstreetmap.org/node/13762401039
osm,ev_00370,"250 Comur St, Yass, 2582",node/11289934645,228.91,False,0.0,0.0,False,False,,Tesla Supercharger,,Tesla,https://www.openstreetmap.org/node/11289934645
osm,ev_00374,"253 Pacific Hwy, Coffs Harbour, 2450",node/5004854821,7.16,True,0.0,0.0,False,True,nearby_identity,Tesla Supercharger,,Tesla,https://www.openstreetmap.org/node/5004854821
osm,ev_00377,"26 Aspect Dr, Coffs Harbour, 2450",way/1459249999,156.45,True,0.0,0.0,False,False,,Tesla Supercharger,,Tesla,https://www.openstreetmap.org/way/1459249999
osm,ev_00378,"26 Bent St, Sydney, 2137",node/13168689959,7.46,True,0.0,0.0,False,True,nearby_identity,,,Evie Networks,https://www.openstreetmap.org/node/13168689959
osm,ev_00384,"260A Liverpool Rd, Ashfield NSW 2131",node/13382573701,20.6,True,0.6,0.0,False,True,nearby_identity,,260A Liverpool Road,Evie Networks,https://www.openstreetmap.org/node/13382573701
osm,ev_00392,"27-33 Oaks Ave, Dee Why NSW 2099",node/9491233549,82.76,False,0.222,0.0,False,False,,,4-16 Oaks Avenue,Jolt,https://www.openstreetmap.org/node/9491233549
osm,ev_00394,"28 Auburn Street, Moree, NSW 2400, Australia",node/8317195266,124.85,True,0.0,0.0,False,False,,,,NRMA,https://www.openstreetmap.org/node/8317195266
osm,ev_00401,"2848 Pacific Hwy, Tyndale NSW, 2464",node/8994778322,3.15,True,0.0,0.0,False,True,nearby_identity,,,Evie Networks,https://www.openstreetmap.org/node/8994778322
osm,ev_00408,"29-55 Twynam St, Narrandera, 2700",node/10159370719,16.85,True,0.0,0.0,False,True,nearby_identity,,,NRMA,https://www.openstreetmap.org/node/10159370719
osm,ev_00409,"29-55 Twynam St, Narrandera, 2700",node/10159370719,172.08,True,0.0,0.0,False,False,,,,NRMA,https://www.openstreetmap.org/node/10159370719
osm,ev_00412,"2A Beach Rd, Batemans Bay, 2536",node/6512442081,14.14,True,0.0,0.0,False,True,nearby_identity,,,NRMA,https://www.openstreetmap.org/node/6512442081
osm,ev_00412,"2A Beach Rd, Batemans Bay, 2536",node/10026076729,186.22,True,0.0,0.0,False,False,,,,NRMA,https://www.openstreetmap.org/node/10026076729
osm,ev_00412,"2A Beach Rd, Batemans Bay, 2536",node/7370327570,240.72,False,0.0,0.0,False,False,,,,Evie Networks,https://www.openstreetmap.org/node/7370327570
osm,ev_00421,"3 Corkhill Pl, Bega, 2550",node/12284563526,54.93,True,0.0,0.0,False,False,,,,Chargefox,https://www.openstreetmap.org/node/12284563526
osm,ev_00423,"3 George St, North Strathfield NSW 2137",node/13168678393,9.92,True,0.0,0.0,False,True,nearby_identity,,,Evie Networks,https://www.openstreetmap.org/node/13168678393
osm,ev_00432,"30 Dowling St, Sydney, 2096",node/9546004749,2.05,True,0.6,0.0,False,True,nearby_identity,,30 Dowling Street,Jolt,https://www.openstreetmap.org/node/9546004749
osm,ev_00438,"30-36 Sharp St, Cooma, 2630",node/12639666383,5.52,True,0.0,0.0,False,True,nearby_identity,Tesla Supercharger,,Tesla,https://www.openstreetmap.org/node/12639666383
osm,ev_00451,"316 Victoria Rd, Sydney, 2116",node/12990581486,63.6,True,0.0,0.0,False,False,,,,Exploren,https://www.openstreetmap.org/node/12990581486
osm,ev_00455,"32 Sydney St, Tarcutta, 2652",node/7478006036,3.91,True,0.0,0.0,False,True,nearby_identity,,,Evie Networks,https://www.openstreetmap.org/node/7478006036
osm,ev_00457,"322 Woodville Rd, Guildford NSW 2161",node/11004256023,0.32,True,0.0,0.0,False,True,nearby_identity,,,Evie Networks,https://www.openstreetmap.org/node/11004256023
osm,ev_00461,"329-339 Princes Hwy, Sydney, 2044",node/10907235224,1.18,True,0.0,0.0,False,True,nearby_identity,,,bp pulse,https://www.openstreetmap.org/node/10907235224
osm,ev_00470,"34 Annie Pyers Dr, Gundagai, 2722",node/4027667916,2.35,True,0.0,0.0,False,True,nearby_identity,Tesla Supercharger,,Tesla,https://www.openstreetmap.org/node/4027667916
osm,ev_00470,"34 Annie Pyers Dr, Gundagai, 2722",node/13525320796,141.81,False,0.0,0.0,False,False,,,,NRMA,https://www.openstreetmap.org/node/13525320796
osm,ev_00482,"3483 Jerrys Plains Rd, Jerrys Plains, 2330",way/762728901,87.84,True,0.0,0.0,False,False,,Tesla Supercharger,,Tesla,https://www.openstreetmap.org/way/762728901
osm,ev_00484,"3-5 Underwood Rd, Homebush NSW 2140",node/11842876526,115.51,False,0.0,0.0,False,False,,Engie,,Chargefox,https://www.openstreetmap.org/node/11842876526
osm,ev_00495,"368 Anzac Pde, Sydney, 2032",node/13206142331,9.04,True,0.0,0.0,False,True,nearby_identity,,,bp pulse,https://www.openstreetmap.org/node/13206142331
osm,ev_00496,"37 Nabiac St, Nabiac, 2312",node/6489797683,15.38,True,0.0,0.0,False,True,nearby_identity,,,NRMA,https://www.openstreetmap.org/node/6489797683
osm,ev_00500,"375-383 Windsor Rd, Sydney, 2153",node/13020827820,59.72,True,0.0,0.0,False,False,,Tesla Supercharger,,Tesla,https://www.openstreetmap.org/node/13020827820
osm,ev_00501,"38 Abbott Rd, Seven Hills NSW 2147",node/8169947525,39.19,False,0.0,0.0,False,False,,,,Evie Networks,https://www.openstreetmap.org/node/8169947525
osm,ev_00502,"38 Flora St, Sydney, 2232",node/9467315676,92.58,False,0.0,0.0,False,False,,Tesla Supercharger,,Tesla,https://www.openstreetmap.org/node/9467315676
osm,ev_00503,"38 Swift St, Holbrook, 2644",node/11290026319,14.25,True,0.0,0.0,False,True,nearby_identity,Tesla Supercharger,,Tesla,https://www.openstreetmap.org/node/11290026319
osm,ev_00511,"3A Cowell St, Sydney, 2111",node/13073547942,20.07,True,0.0,0.0,False,True,nearby_identity,,,Evie Networks,https://www.openstreetmap.org/node/13073547942
osm,ev_00517,"4 Tindall St, Sydney, 2560",node/11419885107,6.15,True,0.0,0.0,False,True,nearby_identity,,,Evie Networks,https://www.openstreetmap.org/node/11419885107
osm,ev_00517,"4 Tindall St, Sydney, 2560",node/11842761957,84.29,False,0.0,0.0,False,False,,,,Chargefox,https://www.openstreetmap.org/node/11842761957
osm,ev_00517,"4 Tindall St, Sydney, 2560",node/10774220953,210.17,False,0.0,0.0,False,False,,Tesla Supercharger,,Tesla,https://www.openstreetmap.org/node/10774220953
osm,ev_00528,"401 Cabramatta Rd W, Cabramatta NSW 2166",node/9215252226,18.64,True,0.0,0.0,False,True,nearby_identity,,,Evie Networks,https://www.openstreetmap.org/node/9215252226
osm,ev_00529,"403 Tarean Rd, Karuah, 2324",node/7042825731,8.18,True,0.0,0.0,False,True,nearby_identity,,,Chargefox,https://www.openstreetmap.org/node/7042825731
osm,ev_00532,"41 Bruxner Hwy, Ballina, 2478",node/10687073170,5.13,True,0.0,0.0,False,True,nearby_identity,,,bp pulse,https://www.openstreetmap.org/node/10687073170
osm,ev_00542,"42 Camden Rd, Sydney, 2560",node/11842761957,5.64,True,0.0,0.0,False,True,nearby_identity,,,Chargefox,https://www.openstreetmap.org/node/11842761957
osm,ev_00542,"42 Camden Rd, Sydney, 2560",node/11419885107,83.1,False,0.0,0.0,False,False,,,,Evie Networks,https://www.openstreetmap.org/node/11419885107
osm,ev_00542,"42 Camden Rd, Sydney, 2560",node/10774220953,127.25,False,0.0,0.0,False,False,,Tesla Supercharger,,Tesla,https://www.openstreetmap.org/node/10774220953
osm,ev_00565,"4-6 New St, Lawson NSW 2783",node/12404567155,1.08,True,0.0,0.0,False,True,nearby_identity,,,Evie Networks,https://www.openstreetmap.org/node/12404567155
osm,ev_00566,"4-6 Niangala Cl, Belrose NSW 2085",node/10035347983,43.35,True,0.0,0.0,False,False,,,,Evie Networks,https://www.openstreetmap.org/node/10035347983
osm,ev_00569,"461 Victoria Rd, Sydney, 2111",node/13073647400,34.38,True,0.0,0.0,False,False,,,,Exploren,https://www.openstreetmap.org/node/13073647400
osm,ev_00591,"5 Willowdale Dr, Denham Court NSW 2565",node/13064502527,3.24,True,0.0,0.0,False,True,nearby_identity,,,Evie Networks,https://www.openstreetmap.org/node/13064502527
osm,ev_00592,"50 Bathurst St, Brewarrina, NSW 2839, Australia",node/12583296437,32.22,True,0.0,0.0,False,False,,,,NRMA,https://www.openstreetmap.org/node/12583296437
osm,ev_00592,"50 Bathurst St, Brewarrina, NSW 2839, Australia",node/12259891801,300.65,False,0.0,0.0,False,False,,Tesla Supercharger,,Tesla,https://www.openstreetmap.org/node/12259891801
osm,ev_00606,"528 John Oxley Dr, Thrumster, 2444",node/7853821459,11.76,True,0.0,0.0,False,True,nearby_identity,,,NRMA,https://www.openstreetmap.org/node/7853821459
osm,ev_00606,"528 John Oxley Dr, Thrumster, 2444",node/11433418128,56.85,False,0.0,0.0,False,False,,Tesla Supercharger Thrumster,,Tesla,https://www.openstreetmap.org/node/11433418128
osm,ev_00609,"53 Sydney Rd, Goulburn, 2580",node/7021322234,3.97,True,0.0,0.0,False,True,nearby_identity,,,Chargefox,https://www.openstreetmap.org/node/7021322234
osm,ev_00612,"53A Orient St, Batemans Bay, 2536",node/7370327570,93.41,True,0.0,0.0,False,False,,,,Evie Networks,https://www.openstreetmap.org/node/7370327570
osm,ev_00612,"53A Orient St, Batemans Bay, 2536",node/6512442081,330.97,False,0.0,0.0,False,False,,,,NRMA,https://www.openstreetmap.org/node/6512442081
osm,ev_00612,"53A Orient St, Batemans Bay, 2536",node/10026076729,358.1,False,0.0,0.0,False,False,,,,NRMA,https://www.openstreetmap.org/node/10026076729
osm,ev_00616,"54 Minjungbal Dr, Tweed Heads, 2486",node/12926990585,3.86,True,0.0,0.0,False,True,nearby_identity,,,Evie Networks,https://www.openstreetmap.org/node/12926990585
osm,ev_00617,"54-76 Captain Cook Dr, Caringbah NSW 2229",node/13103102258,21.6,False,0.0,0.0,False,False,nearby_identity,,,bp pulse,https://www.openstreetmap.org/node/13103102258
osm,ev_00627,"56 Morpeth St, Harwood, 2465",node/7140188595,5.48,True,0.0,0.0,False,True,nearby_identity,Tesla Supercharger,,Tesla,https://www.openstreetmap.org/node/7140188595
osm,ev_00636,"58 Phillip St, West Tamworth, 2340",node/6456723747,6.01,True,0.0,0.0,False,True,nearby_identity,Tesla Supercharger,,Tesla,https://www.openstreetmap.org/node/6456723747
osm,ev_00637,"580 Parramatta Rd, Sydney, 2132",node/10208698066,4.49,True,0.0,0.0,False,True,nearby_identity,,,bp pulse,https://www.openstreetmap.org/node/10208698066
osm,ev_00638,"580 Princes Hwy, Sydney, 2232",node/9467315676,54.38,True,0.0,0.0,False,False,,Tesla Supercharger,,Tesla,https://www.openstreetmap.org/node/9467315676
osm,ev_00642,"594 Anzac Pde, Sydney, 2032",node/13206176474,16.78,True,0.0,0.0,False,True,nearby_identity,,,Evie Networks,https://www.openstreetmap.org/node/13206176474
osm,ev_00647,"6 Boundary St, Sydney, 2081",node/12167440484,13.24,True,0.0,0.0,False,True,nearby_identity,,,Chargefox,https://www.openstreetmap.org/node/12167440484
osm,ev_00649,"6 Castlereagh St Gilgandra, NSW 2827, Australia",node/9278741544,35.44,True,0.0,0.0,False,False,,,,NRMA,https://www.openstreetmap.org/node/9278741544
osm,ev_00669,"634-726 Princes Hwy, Tempe NSW 2044",node/13064491791,14.29,True,0.0,0.0,False,True,nearby_identity,,,Evie Networks,https://www.openstreetmap.org/node/13064491791
osm,ev_00680,"69-71 Central Coast Hwy, Gosford West, NSW, 2250",node/11129535113,94.41,True,0.0,0.0,False,False,,,,AmpCharge,https://www.openstreetmap.org/node/11129535113
osm,ev_00680,"69-71 Central Coast Hwy, Gosford West, NSW, 2250",node/12167451932,261.42,False,0.0,0.0,False,False,,Tesla Supercharger,,Tesla,https://www.openstreetmap.org/node/12167451932
osm,ev_00681,"7 Bungan St, Sydney, 2103",node/9204398603,10.78,True,0.4,0.0,False,True,nearby_identity,,Bungan Street,Jolt,https://www.openstreetmap.org/node/9204398603
osm,ev_00681,"7 Bungan St, Sydney, 2103",node/9704706490,60.7,True,0.143,0.0,False,False,,,1 Park Street,Jolt,https://www.openstreetmap.org/node/9704706490
osm,ev_00687,"7 Tank St, Lithgow, 2790",node/6656233420,5.35,True,0.0,0.0,False,True,nearby_identity,,,NRMA,https://www.openstreetmap.org/node/6656233420
osm,ev_00687,"7 Tank St, Lithgow, 2790",node/12661943299,421.89,True,0.0,0.0,False,False,,Eskbank St Car Park,,NRMA,https://www.openstreetmap.org/node/12661943299
osm,ev_00696,"725 Pittwater Rd, Sydney, 2099",node/9491233549,157.87,True,0.0,0.0,False,False,,,4-16 Oaks Avenue,Jolt,https://www.openstreetmap.org/node/9491233549
osm,ev_00698,"73 Belmore Road, Randwick NSW 2031",node/6965143040,239.77,False,0.0,0.0,False,False,,,,Chargefox,https://www.openstreetmap.org/node/6965143040
osm,ev_00706,"76 Wingewarra St, Dubbo, 2830",node/6456722833,2.68,True,0.0,0.0,False,True,nearby_identity,Tesla Supercharger,,Tesla,https://www.openstreetmap.org/node/6456722833
osm,ev_00706,"76 Wingewarra St, Dubbo, 2830",node/6759463884,66.07,False,0.0,0.0,False,False,,,,NRMA,https://www.openstreetmap.org/node/6759463884
osm,ev_00708,"77 Darling St, Cowra, 2794",node/8253300980,95.6,True,0.0,0.0,False,False,,,,NRMA,https://www.openstreetmap.org/node/8253300980
osm,ev_00710,"772 Anzac Pde, Sydney, 2035",node/13206130158,7.0,True,0.0,0.0,False,True,nearby_identity,,,Evie Networks,https://www.openstreetmap.org/node/13206130158
osm,ev_00713,"78 Great Western Hwy Cnr Ross St, Glenbrook, NSW, 2773",node/11335189892,37.58,True,0.0,0.0,False,False,,,,AmpCharge,https://www.openstreetmap.org/node/11335189892
osm,ev_00717,"8 Euston Rd, Sydney, 2015",node/13073609605,13.67,True,0.0,0.0,False,True,nearby_identity,,,Exploren,https://www.openstreetmap.org/node/13073609605
osm,ev_00721,"8 Kosciuszko Rd, Jindabyne, 2627",node/12398804433,15.62,True,0.0,0.0,False,True,nearby_identity,,,bp pulse,https://www.openstreetmap.org/node/12398804433
osm,ev_00721,"8 Kosciuszko Rd, Jindabyne, 2627",node/14105992281,18.01,True,0.0,0.0,False,True,nearby_identity,,,bp pulse,https://www.openstreetmap.org/node/14105992281
osm,ev_00721,"8 Kosciuszko Rd, Jindabyne, 2627",node/6460781765,230.44,False,0.0,0.0,False,False,,,,NRMA,https://www.openstreetmap.org/node/6460781765
osm,ev_00726,"8/24 Cross St, Wagga Wagga, NSW 2650",way/1513958639,152.66,True,0.0,0.0,False,False,,,,NRMA,https://www.openstreetmap.org/way/1513958639
osm,ev_00734,"819-827 Anzac Pde, Sydney, 2035",node/9290676154,7.83,True,0.0,0.0,False,True,nearby_identity,,,Jolt,https://www.openstreetmap.org/node/9290676154
osm,ev_00734,"819-827 Anzac Pde, Sydney, 2035",node/13206154678,52.6,False,0.0,0.0,False,False,,,,Evie Networks,https://www.openstreetmap.org/node/13206154678
osm,ev_00735,"82 Marsh St, Armidale, NSW 2350, Australia",node/10772401236,149.79,True,0.0,0.0,False,False,,,,NRMA,https://www.openstreetmap.org/node/10772401236
osm,ev_00739,"85/91 Commissioner St, Cooma, 2630",node/6979040237,0.74,True,0.0,0.0,False,True,nearby_identity,Tesla Supercharger,,Tesla,https://www.openstreetmap.org/node/6979040237
osm,ev_00746,"872 Anzac Pde, Sydney, 2035",node/13206154678,14.04,True,0.0,0.0,False,True,nearby_identity,,,Evie Networks,https://www.openstreetmap.org/node/13206154678
osm,ev_00746,"872 Anzac Pde, Sydney, 2035",node/9290676154,46.59,False,0.0,0.0,False,False,,,,Jolt,https://www.openstreetmap.org/node/9290676154
osm,ev_00747,"875 Richmond Rd, Marsden Park, NSW, 2765",node/11440214108,47.96,True,0.0,0.0,False,False,,,,AmpCharge,https://www.openstreetmap.org/node/11440214108
osm,ev_00747,"875 Richmond Rd, Marsden Park, NSW, 2765",node/13639603763,404.2,False,0.0,0.0,False,False,,,,bp pulse,https://www.openstreetmap.org/node/13639603763
osm,ev_00750,"88 Christie St, St Leonards NSW 2065",node/13059026685,411.54,True,0.0,0.0,False,False,,,,Evie Networks,https://www.openstreetmap.org/node/13059026685
osm,ev_00753,"888 Pittwater Rd, Sydney, 2099",node/9491233549,67.29,False,0.0,0.0,False,False,,,4-16 Oaks Avenue,Jolt,https://www.openstreetmap.org/node/9491233549
osm,ev_00754,"88-90 Houston Rd, Sydney, 2032",node/13206142331,480.09,False,0.0,0.0,False,False,,,,bp pulse,https://www.openstreetmap.org/node/13206142331
osm,ev_00755,"89 Barwan St, Narrabri, NSW 2390, Australia,",node/10258355351,164.79,False,0.0,0.0,False,False,,Tesla Supercharger,,Tesla,https://www.openstreetmap.org/node/10258355351
osm,ev_00756,"89 Market St, Balranald, 2715",node/7742159359,21.75,True,0.0,0.0,False,True,nearby_identity,,,NRMA,https://www.openstreetmap.org/node/7742159359
osm,ev_00774,"917-923 Old Northern Rd, Dural, NSW, 2158",node/13805076026,14.64,True,0.0,0.0,False,True,nearby_identity,,,AmpCharge,https://www.openstreetmap.org/node/13805076026
osm,ev_00775,"92 Houston Rd, Kingsford NSW 2032, Australia",node/13206142331,497.91,False,0.0,0.0,False,False,,,,bp pulse,https://www.openstreetmap.org/node/13206142331
osm,ev_00778,"93 Princes Hwy, Ulladulla, 2539",node/12599800358,6.87,False,0.0,0.0,False,False,nearby_identity,,,,https://www.openstreetmap.org/node/12599800358
osm,ev_00783,"9-49 Chapel Rd, Bankstown NSW 2200",node/9363608762,9.05,True,0.0,0.0,False,True,nearby_identity,,,Evie Networks,https://www.openstreetmap.org/node/9363608762
osm,ev_00783,"9-49 Chapel Rd, Bankstown NSW 2200",node/12560173013,174.86,False,0.0,0.0,False,False,,Bankstown Supercharger,,Tesla,https://www.openstreetmap.org/node/12560173013
osm,ev_00785,"96 Mackay Ave, Yoogali, 2680",node/11963693701,7.27,True,0.0,0.0,False,True,nearby_identity,,,Chargefox,https://www.openstreetmap.org/node/11963693701
osm,ev_00792,"98-100 Windsor Rd Cnr Lombard Rd, Northmead, NSW, 2152",node/9965036281,13.09,True,0.0,0.0,False,True,nearby_identity,,,AmpCharge,https://www.openstreetmap.org/node/9965036281
osm,ev_00805,"B640 Princes Hwy, Berry, 2535",node/6525751310,48.54,True,0.0,0.0,False,False,,Tesla Supercharger,,Tesla,https://www.openstreetmap.org/node/6525751310
osm,ev_00811,"Berowra Railway Station, Pacific Highway, Berowra, New South Wales 2081, Australia",node/12167440484,351.89,False,0.0,0.0,False,False,,,,Chargefox,https://www.openstreetmap.org/node/12167440484
osm,ev_00815,"Bryant Dr, Central Coast, 2259",node/6517096170,0.07,True,0.0,0.0,False,True,nearby_identity,Tesla Supercharger Tuggerah,,Tesla,https://www.openstreetmap.org/node/6517096170
osm,ev_00819,"Camden Valley Way &, Somerset Ave, Narellan NSW 2567",node/11695236309,363.0,True,0.0,0.0,False,False,,,,Evie Networks,https://www.openstreetmap.org/node/11695236309
osm,ev_00819,"Camden Valley Way &, Somerset Ave, Narellan NSW 2567",node/13018467011,429.12,False,0.0,0.0,False,False,,,,AmpCharge,https://www.openstreetmap.org/node/13018467011
osm,ev_00821,"Car Park behind the Civic Centre, Orange, 2800",node/13833992860,4.18,True,0.0,0.0,False,True,nearby_identity,,,NRMA,https://www.openstreetmap.org/node/13833992860
osm,ev_00822,"Car park, 51 Evans St (Victoria Park), Inverell, NSW 2360, Australia",node/7932870081,47.28,True,0.0,0.0,False,False,,,,NRMA,https://www.openstreetmap.org/node/7932870081
osm,ev_00825,"Castlereagh Rd, Sydney, 2750",node/10924895189,1.81,True,0.0,0.0,False,True,nearby_identity,,,AmpCharge,https://www.openstreetmap.org/node/10924895189
osm,ev_00825,"Castlereagh Rd, Sydney, 2750",node/11427578131,90.58,False,0.0,0.0,False,False,,,,bp pulse,https://www.openstreetmap.org/node/11427578131
osm,ev_00832,"Cnr Dunheved Rd & Henry Lawson Dr, Werrington, NSW, 2747",node/11425340896,97.44,True,0.0,0.0,False,False,,,,AmpCharge,https://www.openstreetmap.org/node/11425340896
osm,ev_00834,"Cnr Herring & Waterloo Rd, North Ryde NSW 2113",node/7270664150,100.3,False,0.0,0.0,False,False,,Tesla Supercharger North Ryde,,Tesla,https://www.openstreetmap.org/node/7270664150
osm,ev_00834,"Cnr Herring & Waterloo Rd, North Ryde NSW 2113",node/9536966801,196.98,True,0.0,0.0,False,False,,,,Evie Networks,https://www.openstreetmap.org/node/9536966801
osm,ev_00835,"Cnr Herring Rd & Waterloo Rd, Sydney, 2113",node/9536966801,97.96,False,0.0,0.0,False,False,,,,Evie Networks,https://www.openstreetmap.org/node/9536966801
osm,ev_00835,"Cnr Herring Rd & Waterloo Rd, Sydney, 2113",node/7270664150,181.9,True,0.0,0.0,False,False,,Tesla Supercharger North Ryde,,Tesla,https://www.openstreetmap.org/node/7270664150
osm,ev_00839,"Corner of Snowy River Avenue and Kalkite St, Jindabyne, 2627",node/6460781765,12.56,True,0.0,0.0,False,True,nearby_identity,,,NRMA,https://www.openstreetmap.org/node/6460781765
osm,ev_00839,"Corner of Snowy River Avenue and Kalkite St, Jindabyne, 2627",node/14105992281,211.37,False,0.0,0.0,False,False,,,,bp pulse,https://www.openstreetmap.org/node/14105992281
osm,ev_00839,"Corner of Snowy River Avenue and Kalkite St, Jindabyne, 2627",node/12398804433,239.84,False,0.0,0.0,False,False,,,,bp pulse,https://www.openstreetmap.org/node/12398804433
osm,ev_00843,"Dalton St, Parkes, 2870",node/6460800322,35.35,True,0.0,0.0,False,False,,,,NRMA,https://www.openstreetmap.org/node/6460800322
osm,ev_00843,"Dalton St, Parkes, 2870",node/12221169446,465.08,False,0.0,0.0,False,False,,Parkes Supercharger,,Tesla,https://www.openstreetmap.org/node/12221169446
osm,ev_00852,"Eskbank St, Lithgow, 2790",node/12661943299,2.93,True,0.0,0.0,False,True,nearby_identity,Eskbank St Car Park,,NRMA,https://www.openstreetmap.org/node/12661943299
osm,ev_00852,"Eskbank St, Lithgow, 2790",node/13300559304,340.29,False,0.0,0.0,False,False,,,,Chargefox,https://www.openstreetmap.org/node/13300559304
osm,ev_00852,"Eskbank St, Lithgow, 2790",node/6656233420,416.04,True,0.0,0.0,False,False,,,,NRMA,https://www.openstreetmap.org/node/6656233420
osm,ev_00853,"f 419 Hinterland Wy, Knockrow, 2479",node/6460580922,3.25,True,0.0,0.0,False,True,nearby_identity,Tesla Supercharger,,Tesla,https://www.openstreetmap.org/node/6460580922
osm,ev_00858,"Gardeners Rd, Sydney, 2020",node/10863588015,36.39,True,0.0,0.0,False,False,,,,Jolt,https://www.openstreetmap.org/node/10863588015
osm,ev_00859,"Gardeners Rd, Sydney, 2020",node/10863588015,31.42,True,0.0,0.0,False,False,,,,Jolt,https://www.openstreetmap.org/node/10863588015
osm,ev_00861,"Gipps St, Bega, 2550",node/6711862737,15.97,True,0.0,0.0,False,True,nearby_identity,,,NRMA,https://www.openstreetmap.org/node/6711862737
osm,ev_00868,"Hassall St, Sydney, 2142",node/10807470662,14.25,True,0.0,0.0,False,True,nearby_identity,,,bp pulse,https://www.openstreetmap.org/node/10807470662
osm,ev_00869,"Hassall Street & James Rouse Drive, Sydney, 2142",node/10807470662,8.75,True,0.0,0.0,False,True,nearby_identity,,,bp pulse,https://www.openstreetmap.org/node/10807470662
osm,ev_00877,"Holborn Ct, Sydney, 2557",node/13135189454,104.07,True,0.0,0.0,False,False,,,,Exploren,https://www.openstreetmap.org/node/13135189454
osm,ev_00881,"Jersey St, Sydney, 2077",node/10687053371,3.83,True,0.0,0.0,False,True,nearby_identity,,,bp pulse,https://www.openstreetmap.org/node/10687053371
osm,ev_00885,"Kiewa St, Albury, 2640",node/7244697466,2.95,True,0.0,0.0,False,True,nearby_identity,,,NRMA,https://www.openstreetmap.org/node/7244697466
osm,ev_00894,"Lauder St, Tumbarumba, 2653",node/12885318910,4.57,True,0.0,0.0,False,True,nearby_identity,,,Chargefox,https://www.openstreetmap.org/node/12885318910
osm,ev_00899,"M4 Motorway Westbound, Sydney, 2766",node/13371885230,123.39,True,0.0,0.0,False,False,,,,AmpCharge,https://www.openstreetmap.org/node/13371885230
osm,ev_00910,"Mortimer St, Mudgee, 2850",node/13341675501,449.33,True,0.0,0.0,False,False,,,,NRMA,https://www.openstreetmap.org/node/13341675501
osm,ev_00915,"Murray Rose Ave, Sydney, 2127",node/6595579456,4.17,True,0.0,0.0,False,True,nearby_identity,,,NRMA,https://www.openstreetmap.org/node/6595579456
osm,ev_00917,"NARELLAN RD CNR MAXWELL PL, Sydney, 2567",node/13018467011,71.6,True,0.0,0.0,False,False,,,,AmpCharge,https://www.openstreetmap.org/node/13018467011
osm,ev_00918,"Newbridge Road 216, Sydney, 2170",node/11957109508,37.18,True,0.0,0.0,False,False,,,,AmpCharge,https://www.openstreetmap.org/node/11957109508
osm,ev_00927,"Pacific Hwy, Boambee, 2450",node/10861584624,27.05,True,0.0,0.0,False,True,nearby_identity,Chargefox Coffs Harbour,,Chargefox,https://www.openstreetmap.org/node/10861584624
osm,ev_00932,"Pole Ln, Sydney, 2065",node/13059026685,20.92,True,0.0,0.0,False,True,nearby_identity,,,Evie Networks,https://www.openstreetmap.org/node/13059026685
osm,ev_00932,"Pole Ln, Sydney, 2065",node/13206154674,347.65,False,0.0,0.0,False,False,,,,NRMA,https://www.openstreetmap.org/node/13206154674
osm,ev_00938,"Prospect St, Holbrook, 2644",node/6749392356,171.19,True,0.0,0.0,False,False,,,,NRMA,https://www.openstreetmap.org/node/6749392356
osm,ev_00943,"Riverside Dr, Jugiong, 2726",node/6749417820,30.34,True,0.0,0.0,False,False,,NRMA EV Charging Station,,NRMA,https://www.openstreetmap.org/node/6749417820
osm,ev_00946,"Rogan Ln, Young, 2594",node/6460798626,5.7,True,0.0,0.0,False,True,nearby_identity,,,NRMA,https://www.openstreetmap.org/node/6460798626
osm,ev_00952,"Shire St, West Wyalong, 2671",node/6460796546,29.43,True,0.0,0.0,False,True,nearby_identity,,,NRMA,https://www.openstreetmap.org/node/6460796546
osm,ev_00954,"Short St, Mudgee, 2850",node/13341675501,14.81,True,0.0,0.0,False,True,nearby_identity,,,NRMA,https://www.openstreetmap.org/node/13341675501
osm,ev_00955,"Skillman's Lane, Coonamble, NSW 2829, Australia",node/7816558586,23.19,True,0.0,0.0,False,True,nearby_identity,,,NRMA,https://www.openstreetmap.org/node/7816558586
osm,ev_00955,"Skillman's Lane, Coonamble, NSW 2829, Australia",node/11289934645,332.3,False,0.0,0.0,False,False,,Tesla Supercharger,,Tesla,https://www.openstreetmap.org/node/11289934645
osm,ev_00955,"Skillman's Lane, Coonamble, NSW 2829, Australia",node/13762401039,497.22,True,0.0,0.0,False,False,,,,NRMA,https://www.openstreetmap.org/node/13762401039
osm,ev_00969,"Valder Way, Charles Sturt University, 2678",node/12885058151,350.78,True,0.0,0.0,False,False,,,,Exploren,https://www.openstreetmap.org/node/12885058151
osm,ev_00970,"Vesper St, Batemans Bay, 2536",node/10026076729,15.02,True,0.0,0.0,False,True,nearby_identity,,,NRMA,https://www.openstreetmap.org/node/10026076729
osm,ev_00970,"Vesper St, Batemans Bay, 2536",node/6512442081,163.93,True,0.0,0.0,False,False,,,,NRMA,https://www.openstreetmap.org/node/6512442081
osm,ev_00970,"Vesper St, Batemans Bay, 2536",node/7370327570,313.0,False,0.0,0.0,False,False,,,,Evie Networks,https://www.openstreetmap.org/node/7370327570
osm,ev_00975,"Western Motorway, Sydney, 2766",node/13036304448,168.55,True,0.0,0.0,False,False,,,,AmpCharge,https://www.openstreetmap.org/node/13036304448
osm,ev_00975,"Western Motorway, Sydney, 2766",node/13371885230,422.79,True,0.0,0.0,False,False,,,,AmpCharge,https://www.openstreetmap.org/node/13371885230
osm,ev_00976,"William St, Sydney, 2046",node/13586251301,3.7,True,0.0,0.0,False,True,nearby_identity,,,Evie Networks,https://www.openstreetmap.org/node/13586251301
osm,ev_00977,"Wingewarra St, Dubbo, 2830",node/6759463884,15.73,True,0.0,0.0,False,True,nearby_identity,,,NRMA,https://www.openstreetmap.org/node/6759463884
osm,ev_00977,"Wingewarra St, Dubbo, 2830",node/6456722833,62.78,False,0.0,0.0,False,False,,Tesla Supercharger,,Tesla,https://www.openstreetmap.org/node/6456722833
osm,ev_01048,197-215 Condamine St Balgowlah NSW 2093 Australia,node/12968478808,36.79,True,0.0,0.0,False,False,,Tesla Supercharger,,Tesla,https://www.openstreetmap.org/node/12968478808
osm,ev_01071,20-22 Camden Rd Campbelltown NSW 2560 Australia,node/10774220953,90.53,True,0.0,0.0,False,False,,Tesla Supercharger,,Tesla,https://www.openstreetmap.org/node/10774220953
osm,ev_01071,20-22 Camden Rd Campbelltown NSW 2560 Australia,node/11842761957,108.8,False,0.0,0.0,False,False,,,,Chargefox,https://www.openstreetmap.org/node/11842761957
osm,ev_01071,20-22 Camden Rd Campbelltown NSW 2560 Australia,node/11419885107,152.79,False,0.0,0.0,False,False,,,,Evie Networks,https://www.openstreetmap.org/node/11419885107
osm,ev_01082,"241 Waterworth Dr, Mount Annan NSW 2567, Australia",node/12686156645,18.64,False,0.0,0.0,False,False,nearby_identity,,,Shell Recharge Solutions,https://www.openstreetmap.org/node/12686156645
osm,ev_01084,"19 Princes Hwy, Figtree NSW 2525, Australia",node/10815562193,134.28,True,0.0,0.0,False,False,,Wollongong Supercharger,,Tesla,https://www.openstreetmap.org/node/10815562193
osm,ev_01292,"173 Canterbury Road, Bankstown NSW 2200",node/12560173013,168.25,True,0.0,0.0,False,False,,Bankstown Supercharger,,Tesla,https://www.openstreetmap.org/node/12560173013
osm,ev_01292,"173 Canterbury Road, Bankstown NSW 2200",node/9363608762,172.76,False,0.0,0.0,False,False,,,,Evie Networks,https://www.openstreetmap.org/node/9363608762
osm,ev_01301,"179-183 Hume St, Goulburn NSW 2580",node/10792695777,42.09,False,0.0,0.0,False,False,,,,Chargefox,https://www.openstreetmap.org/node/10792695777
osm,ev_01301,"179-183 Hume St, Goulburn NSW 2580",node/12564147445,99.3,True,0.0,0.0,False,False,,Tesla Supercharger,,Tesla,https://www.openstreetmap.org/node/12564147445
osm,ev_01319,188 Fernleigh Rd Glenfield Park NSW 2650 Australia,node/11155180657,87.45,True,0.0,0.0,False,False,,Tesla Supercharger,,Tesla,https://www.openstreetmap.org/node/11155180657
osm,ev_01337,2 Bridge Rd Griffith NSW 2680 Australia,node/12024063277,108.5,True,0.0,0.0,False,False,,Tesla Supercharger,,Tesla,https://www.openstreetmap.org/node/12024063277
osm,ev_01352,2 Moonee Beach Rd Moonee Beach NSW 2450 Australia,node/12437997269,69.23,True,0.0,0.0,False,False,,Tesla Supercharger,,Tesla,https://www.openstreetmap.org/node/12437997269
osm,ev_01411,25 Danks St Waterloo NSW 2017,node/13167181353,176.0,True,0.0,0.0,False,False,,Waterloo Supercharger,,Tesla,https://www.openstreetmap.org/node/13167181353
osm,ev_01517,"392 Manns Road, West Gosford NSW 2250 Australia",node/12167451932,105.97,True,0.0,0.0,False,False,,Tesla Supercharger,,Tesla,https://www.openstreetmap.org/node/12167451932
osm,ev_01517,"392 Manns Road, West Gosford NSW 2250 Australia",node/11129535113,198.65,False,0.0,0.0,False,False,,,,AmpCharge,https://www.openstreetmap.org/node/11129535113
osm,ev_01520,"3A Cowell St, Gladesville NSW 2111, Australia",node/13073547942,31.0,True,0.0,0.0,False,False,,,,Evie Networks,https://www.openstreetmap.org/node/13073547942
osm,ev_01555,"46 Wynter St, Taree NSW 2430, Australia",node/11952634938,180.52,True,0.0,0.0,False,False,,Tesla Supercharger,,Tesla,https://www.openstreetmap.org/node/11952634938
osm,ev_01558,477 Coolac Rd Coolac NSW 2727 Australia,node/13146732524,73.36,True,0.0,0.0,False,False,,Tesla Supercharger,,Tesla,https://www.openstreetmap.org/node/13146732524
osm,ev_01615,"592 Anzac Pde, Kingsford NSW 2032, Australia",node/13206176474,79.0,True,0.0,0.0,False,False,,,,Evie Networks,https://www.openstreetmap.org/node/13206176474
osm,ev_01627,618 Dean St Albury NSW 2640 Australia,node/11386697708,51.52,True,0.0,0.0,False,False,,Tesla Supercharger,,Tesla,https://www.openstreetmap.org/node/11386697708
osm,ev_01627,618 Dean St Albury NSW 2640 Australia,node/7244697466,466.39,False,0.0,0.0,False,False,,,,NRMA,https://www.openstreetmap.org/node/7244697466
osm,ev_01640,"65 Hume St, Crows Nest NSW 2065, Australia",node/13059026685,69.58,True,0.0,0.0,False,False,,,,Evie Networks,https://www.openstreetmap.org/node/13059026685
osm,ev_01640,"65 Hume St, Crows Nest NSW 2065, Australia",node/13206154674,358.36,False,0.0,0.0,False,False,,,,NRMA,https://www.openstreetmap.org/node/13206154674
osm,ev_01650,"68 Lead St, Yass NSW 2582, Australia",node/11289934645,17.1,True,0.0,0.0,False,True,nearby_identity,Tesla Supercharger,,Tesla,https://www.openstreetmap.org/node/11289934645
osm,ev_01650,"68 Lead St, Yass NSW 2582, Australia",node/13762401039,238.07,False,0.0,0.0,False,False,,,,NRMA,https://www.openstreetmap.org/node/13762401039
osm,ev_01650,"68 Lead St, Yass NSW 2582, Australia",node/12441111761,239.05,False,0.0,0.0,False,False,,,,Chargefox,https://www.openstreetmap.org/node/12441111761
osm,ev_01650,"68 Lead St, Yass NSW 2582, Australia",node/7816558586,312.45,False,0.0,0.0,False,False,,,,NRMA,https://www.openstreetmap.org/node/7816558586
osm,ev_01662,"7 Northwood Rd, Longueville NSW 2066, Australia",node/13103099620,13.91,True,0.0,0.0,False,True,nearby_identity,,,bp pulse,https://www.openstreetmap.org/node/13103099620
osm,ev_01671,72 Lachlan St Hay NSW 2711 Australia,node/12087095506,14.06,True,0.0,0.0,False,True,nearby_identity,Tesla Supercharger,,Tesla,https://www.openstreetmap.org/node/12087095506
osm,ev_01671,72 Lachlan St Hay NSW 2711 Australia,node/6926483227,263.33,False,0.0,0.0,False,False,,,,NRMA,https://www.openstreetmap.org/node/6926483227
osm,ev_01681,"76 Glossop St, North St Marys NSW 2760, Australia",node/13346922346,8.13,True,0.0,0.0,False,True,nearby_identity,,,bp pulse,https://www.openstreetmap.org/node/13346922346
osm,ev_01681,"76 Glossop St, North St Marys NSW 2760, Australia",node/13036287127,12.11,True,0.0,0.0,False,True,nearby_identity,,,bp pulse,https://www.openstreetmap.org/node/13036287127
osm,ev_01692,"8 Stanley St, Bathurst, NSW, 2795, Australia",node/13013484065,31.74,True,0.0,0.0,False,False,,,,NRMA,https://www.openstreetmap.org/node/13013484065
osm,ev_01692,"8 Stanley St, Bathurst, NSW, 2795, Australia",node/12481649796,198.43,False,0.0,0.0,False,False,,,,Evie Networks,https://www.openstreetmap.org/node/12481649796
osm,ev_01711,"85 South St, Ulladulla NSW 2539, Australia",node/12599800358,283.16,False,0.0,0.0,False,False,,,,,https://www.openstreetmap.org/node/12599800358
osm,ev_01712,"850 Woodville Rd, Villawood 2163, NSW",node/13185195202,61.79,True,0.0,0.0,False,False,,,,Evie Networks,https://www.openstreetmap.org/node/13185195202
osm,ev_01716,"872 Anzac Pde, Maroubra, NSW, 2035",node/13206154678,271.39,True,0.0,0.0,False,False,,,,Evie Networks,https://www.openstreetmap.org/node/13206154678
osm,ev_01716,"872 Anzac Pde, Maroubra, NSW, 2035",node/13206130158,297.94,True,0.0,0.0,False,False,,,,Evie Networks,https://www.openstreetmap.org/node/13206130158
osm,ev_01716,"872 Anzac Pde, Maroubra, NSW, 2035",node/9290676154,329.53,False,0.0,0.0,False,False,,,,Jolt,https://www.openstreetmap.org/node/9290676154
osm,ev_01734,"9-17 Short St, Parkes NSW 2870",node/12221169446,71.16,True,0.0,0.0,False,False,,Parkes Supercharger,,Tesla,https://www.openstreetmap.org/node/12221169446
osm,ev_01734,"9-17 Short St, Parkes NSW 2870",node/6460800322,447.82,False,0.0,0.0,False,False,,,,NRMA,https://www.openstreetmap.org/node/6460800322
osm,ev_01735,"924 Anzac Pde, Maroubra NSW 2035, Australia",node/13206154678,60.32,True,0.0,0.0,False,False,,,,Evie Networks,https://www.openstreetmap.org/node/13206154678
osm,ev_01735,"924 Anzac Pde, Maroubra NSW 2035, Australia",node/9290676154,96.78,False,0.0,0.0,False,False,,,,Jolt,https://www.openstreetmap.org/node/9290676154
osm,ev_01752,"Brewer St, Concord NSW 2137, Australia",node/13168689959,149.85,True,0.0,0.0,False,False,,,,Evie Networks,https://www.openstreetmap.org/node/13168689959
osm,ev_01760,"Cnr Cumberland Hwy & Cabramatta Rd W, Cabramatta NSW 2166, Australia",node/9215252226,94.0,False,0.0,0.0,False,False,,,,Evie Networks,https://www.openstreetmap.org/node/9215252226
osm,ev_01762,"Coonabarabran Visitor Cntr, Coonabarabran, 2357",node/7384135909,8.42,True,0.0,0.0,False,True,nearby_identity,,,NRMA,https://www.openstreetmap.org/node/7384135909
osm,ev_01763,Corner Sturgeon St & Glenelg St Raymond Terrace NSW 2324 Australia,node/11842613041,87.86,True,0.0,0.0,False,False,,Tesla Supercharger,,Tesla,https://www.openstreetmap.org/node/11842613041
osm,ev_01772,"Gasworks Ln, Molong, NSW, 2866, Australia",way/1550315727,43.56,True,0.0,0.0,False,False,,,,NRMA,https://www.openstreetmap.org/way/1550315727
osm,ev_01781,"Hope St, Blaxland NSW 2774, Australia",node/10861761260,26.19,True,0.0,0.0,False,True,nearby_identity,Tesla Supercharger,,Tesla,https://www.openstreetmap.org/node/10861761260
osm,ev_01782,"Jessie St, Armidale NSW 2350, Australia",node/12856495137,38.09,True,0.0,0.0,False,False,,Tesla Supercharger,,Tesla,https://www.openstreetmap.org/node/12856495137
osm,ev_01789,"Queens Rd, Five Dock NSW 2046, Australia",node/13586251301,363.98,True,0.0,0.0,False,False,,,,Evie Networks,https://www.openstreetmap.org/node/13586251301
osm,ev_01816,"1 Kendall Ave, Bathurst, 2795",node/8302152508,12.12,True,0.0,0.0,False,True,nearby_identity,Tesla Supercharger,,Tesla,https://www.openstreetmap.org/node/8302152508
osm,ev_01816,"1 Kendall Ave, Bathurst, 2795",node/6489744914,14.64,False,0.0,0.0,False,False,nearby_identity,,,NRMA,https://www.openstreetmap.org/node/6489744914
osm,ev_01817,"1 Kendall Ave, Bathurst, 2795",node/6489744914,4.41,True,0.0,0.0,False,True,nearby_identity,,,NRMA,https://www.openstreetmap.org/node/6489744914
osm,ev_01817,"1 Kendall Ave, Bathurst, 2795",node/8302152508,12.43,False,0.0,0.0,False,False,nearby_identity,Tesla Supercharger,,Tesla,https://www.openstreetmap.org/node/8302152508
osm,ev_01832,"1 Tasman Rd, Gumly Gumly NSW 2652, Australia",node/12884912873,53.91,True,0.0,0.0,False,False,,,,bp pulse,https://www.openstreetmap.org/node/12884912873
osm,ev_01836,"1/118 Bourke Rd, Alexandria NSW 2015",node/13073638889,42.03,True,0.0,0.0,False,False,,Alexandria Supercharger,,Tesla,https://www.openstreetmap.org/node/13073638889
osm,ev_01851,"105-107 Alt St, Ashfield NSW 2131, Australia",node/13854720801,169.39,False,0.0,0.0,False,False,,,,Chargefox,https://www.openstreetmap.org/node/13854720801
osm,ev_01878,117 Tibbereena St Narrabri NSW 2390 Australia,node/12259891801,166.74,True,0.0,0.0,False,False,,Tesla Supercharger,,Tesla,https://www.openstreetmap.org/node/12259891801
osm,ev_01878,117 Tibbereena St Narrabri NSW 2390 Australia,node/12583296437,440.08,False,0.0,0.0,False,False,,,,NRMA,https://www.openstreetmap.org/node/12583296437
osm,ev_01896,"1234 Princes Hwy, Engadine NSW 2233, Australia",node/12605963234,27.93,True,0.0,0.0,False,True,nearby_identity,,,bp pulse,https://www.openstreetmap.org/node/12605963234
osm,ev_01903,"13 Southey St, Jerilderie NSW 2716, Australia",node/12885318906,34.46,True,0.0,0.0,False,False,,,,BP Pulse,https://www.openstreetmap.org/node/12885318906
osm,ev_01924,"154 Beach Rd, Batemans Bay NSW 2536",node/12854473381,119.2,True,0.0,0.0,False,False,,Tesla Supercharger,,Tesla,https://www.openstreetmap.org/node/12854473381
osm,ev_01937,"162 Rouse St, Tenterfield NSW 2372, Australia",node/10258355351,76.83,True,0.0,0.0,False,False,,Tesla Supercharger,,Tesla,https://www.openstreetmap.org/node/10258355351
