OBJECTID,Station_name,Station_address,Operator,Number_of_plugs,Charger_Type,Charger_rating,Latitude,Longitude,LGANAME,PCODE,Source,SA4_CODE26,SA4_NAME26,STE_NAME26,source_record_id,dc_location_key,augmentation_status,match_distance_m,match_method,external_id,external_title,external_address,external_operator,external_dc_plug_types,external_usage_cost_text,external_access_type,external_bay_count,external_number_of_points,external_status,external_last_verified,external_provider,external_provider_license,external_source_url,augmented,augmentation_source,matched_sources,evie_match_status,evie_augmented,ampol_match_status,ampol_augmented,ocm_match_status,ocm_augmented,osm_match_status,osm_augmented
,,", Muswellbrook, 2333",EVUp,2,AC,22 kW,-32.26224229,150.8901391,Muswellbrook Shire Council,2333,Existing Destination Chargers,106,Hunter Valley exc Newcastle,New South Wales,ev_00001,,not_target,,,,,,,,,,,,,,,,,False,,,not_target,False,not_target,False,not_target,False,not_target,False
,,"01 Wallgrove Road, Sydney, 2766",BP,4,DC,150 kW,-33.81100405,150.8495966,Blacktown City Council,2766,Existing Fast Chargers,116,Sydney - Blacktown,New South Wales,ev_00002,"-33.811004,150.849597",review_unresolved,,,,,,,,,,,,,,,,,False,,,unmatched,False,unmatched,False,review_identity,False,review_identity,False
,,"1 - 7 Ross St, Wilcannia NSW 2836, Australia",NRMA,4,DC,50 kW,-30.5118739,151.669395,Central Darling Shire Council,2350,TfNSW Regional,110,New England and North West,New South Wales,ev_00003,"-30.511874,151.669395",matched,29.23,nearby_identity,170824,Armidale Visitors Centre,"82 Marsh Street, Armidale, 2350",NRMA,CCS (Type 2); CHAdeMO,Currently free but will be fee at some point.,Public,,1,Operational,2020-12-11T13:42:00Z,Open Charge Map Contributors,Licensed under Creative Commons Attribution 4.0 International (CC BY 4.0),https://openchargemap.org/site/poi/details/170824,True,ocm,ocm,unmatched,False,unmatched,False,matched,True,unmatched,False
,,"1 Balfour St, Sydney, 2070",Chargefox,7,AC,22 kW,-33.77410115,151.167035,Ku-ring-gai Council,2070,Existing Destination Chargers,121,Sydney - North Sydney and Hornsby,New South Wales,ev_00004,,not_target,,,,,,,,,,,,,,,,,False,,,not_target,False,not_target,False,not_target,False,not_target,False
,,"1 Bay Ln, Byron Bay, 2481",Tesla,2,AC,19 kW,-28.64181886,153.6136326,Byron Shire Council,2481,Existing Destination Chargers,112,Richmond - Tweed,New South Wales,ev_00005,,not_target,,,,,,,,,,,,,,,,,False,,,not_target,False,not_target,False,not_target,False,not_target,False
,,"1 Bay St, Sydney, 2037",Tesla,16,DC,130 kW,-33.88350355,151.1944334,"Sydney, Council of the City of",2037,Existing Fast Chargers,117,Sydney - City and Inner South,New South Wales,ev_00006,"-33.883504,151.194433",review_unresolved,,,,,,,,,,,,,,,,,False,,,unmatched,False,review_identity,False,review_identity,False,review_identity,False
,,"1 Bells Blvd, Kingscliff, 2487",Evie,4,DC,75 kW,-28.27690295,153.5770781,Tweed Shire Council,2487,Existing Fast Chargers,112,Richmond - Tweed,New South Wales,ev_00007,"-28.276903,153.577078",matched,0.17,nearby_identity,6398,Salt Village – Kingscliff,1 Bells Blvd  Kingscliff 2487,Evie Networks,CCS Type 2; CHAdeMO,0.62/kWh + 0.09/kWh (9:00 AM-9:00 PM),,,,,,Evie Networks official station map,Official website; no open-data licence asserted,https://evie.com.au/find-a-charger/,True,evie,evie,matched,True,unmatched,False,unmatched,False,unmatched,False
,,"1 Bradleys Head Rd, Sydney, 2088",Chargefox,1,AC,22 kW,-33.84103708,151.2422452,Mosman Municipal Council,2088,Existing Destination Chargers,121,Sydney - North Sydney and Hornsby,New South Wales,ev_00008,,not_target,,,,,,,,,,,,,,,,,False,,,not_target,False,not_target,False,not_target,False,not_target,False
,,"1 Bradleys Head Rd, Sydney, 2088",Chargefox,1,AC,22 kW,-33.84141846,151.2426306,Mosman Municipal Council,2088,Existing Destination Chargers,121,Sydney - North Sydney and Hornsby,New South Wales,ev_00009,,not_target,,,,,,,,,,,,,,,,,False,,,not_target,False,not_target,False,not_target,False,not_target,False
,,"1 Cathedral Sq, Sydney, 2000",AXCharge,3,AC,22 kW,-33.87136841,151.2137407,"Sydney, Council of the City of",2000,Existing Destination Chargers,117,Sydney - City and Inner South,New South Wales,ev_00010,,not_target,,,,,,,,,,,,,,,,,False,,,not_target,False,not_target,False,not_target,False,not_target,False
,,"1 Dalgal Way, Sydney, 2037",Tesla,2,AC,22 kW,-33.87637442,151.1776376,"Sydney, Council of the City of",2037,Existing Destination Chargers,117,Sydney - City and Inner South,New South Wales,ev_00011,,not_target,,,,,,,,,,,,,,,,,False,,,not_target,False,not_target,False,not_target,False,not_target,False
,,"1 Dalgal Way, Sydney, 2037",Tesla,4,DC,250 kW,-33.87650055,151.178,"Sydney, Council of the City of",2037,Existing Fast Chargers,117,Sydney - City and Inner South,New South Wales,ev_00012,"-33.876501,151.178000",matched,26.34,nearby_identity,node/6965052432,Tesla Supercharger,,Tesla,CCS Type 2,,yes,,,,,OpenStreetMap contributors,ODbL 1.0; https://www.openstreetmap.org/copyright,https://www.openstreetmap.org/node/6965052432,True,osm,osm,unmatched,False,unmatched,False,unmatched,False,matched,True
,,"1 Eels Pl, Sydney, 2150",Everty,3,AC,22 kW,-33.8064585,151.0017477,"Parramatta, Council of the City of",2150,Existing Destination Chargers,125,Sydney - Parramatta,New South Wales,ev_00013,,not_target,,,,,,,,,,,,,,,,,False,,,not_target,False,not_target,False,not_target,False,not_target,False
,,"1 Elizabeth St, Merimbula, 2548",Tesla,1,AC,8 kW,-36.89530635,149.9118809,Bega Valley Shire Council,2548,Existing Destination Chargers,101,Capital Region,New South Wales,ev_00014,,not_target,,,,,,,,,,,,,,,,,False,,,not_target,False,not_target,False,not_target,False,not_target,False
,,"1 Ferguson Cres, Mittagong, 2575",Tesla,1,AC,22 kW,-34.44729434,150.4615586,Wingecarribee Shire Council,2575,Existing Destination Chargers,114,Southern Highlands and Shoalhaven,New South Wales,ev_00015,,not_target,,,,,,,,,,,,,,,,,False,,,not_target,False,not_target,False,not_target,False,not_target,False
,,"1 Ferrers Rd, Sydney, 2766",Tesla,2,AC,22 kW,-33.80382587,150.8677297,Blacktown City Council,2766,Existing Destination Chargers,116,Sydney - Blacktown,New South Wales,ev_00016,,not_target,,,,,,,,,,,,,,,,,False,,,not_target,False,not_target,False,not_target,False,not_target,False
,,"1 Frederick St, Sydney, 2064",Evie,6,DC,150 kW,-33.81707912,151.1889369,Willoughby City Council,2064,Existing Fast Chargers,121,Sydney - North Sydney and Hornsby,New South Wales,ev_00017,"-33.817079,151.188937",matched,0.1,nearby_identity,7285,Home HQ – Artarmon,1 Frederick St  Artarmon 2064,Evie Networks,CCS Type 2,0.71/kWh + 0.04/kWh (11:00 AM-9:00 PM),,,,,,Evie Networks official station map,Official website; no open-data licence asserted,https://evie.com.au/find-a-charger/,True,evie,evie,matched,True,unmatched,False,review_identity,False,unmatched,False
,,"1 Friday Dr, Thredbo, 2625",Exploren,10,AC,22 kW,-36.50129634,148.3103774,Snowy Monaro Regional Council,2625,Existing Destination Chargers,101,Capital Region,New South Wales,ev_00018,,not_target,,,,,,,,,,,,,,,,,False,,,not_target,False,not_target,False,not_target,False,not_target,False
,,"1 Golf Club Rd, Deniliquin, 2710",Chargefox,4,AC,22 kW,-35.53652657,144.9742282,Edward River Council,2710,Existing Destination Chargers,109,Murray,New South Wales,ev_00019,,not_target,,,,,,,,,,,,,,,,,False,,,not_target,False,not_target,False,not_target,False,not_target,False
,,"1 Greenbridge Dr, Wilton, 2571",Chargefox,2,DC,160 kW,-34.22847652,150.6841562,Wollondilly Shire Council,2571,Existing Fast Chargers,123,Sydney - Outer South West,New South Wales,ev_00020,"-34.228477,150.684156",matched,2.93,nearby_identity,node/12624993541,,,Chargefox,CCS Type 2,,,,,,,OpenStreetMap contributors,ODbL 1.0; https://www.openstreetmap.org/copyright,https://www.openstreetmap.org/node/12624993541,True,osm,osm,unmatched,False,unmatched,False,unmatched,False,matched,True
,,"1 Hargreaves St, Wollongong, 2526",Exploren,4,AC,22 kW,-34.45151356,150.8428559,Wollongong City Council,2526,Existing Destination Chargers,107,Illawarra,New South Wales,ev_00021,,not_target,,,,,,,,,,,,,,,,,False,,,not_target,False,not_target,False,not_target,False,not_target,False
,,"1 Hay St, Port Macquarie, 2444",Tesla,4,AC,22 kW,-31.42837342,152.9087618,Port Macquarie-Hastings Council,2444,Existing Destination Chargers,108,Mid North Coast,New South Wales,ev_00022,,not_target,,,,,,,,,,,,,,,,,False,,,not_target,False,not_target,False,not_target,False,not_target,False
,,"1 Hollinsworth Rd, Sydney, 2765",Chargefox,4,AC,22 kW,-33.71981686,150.8425556,Blacktown City Council,2765,Existing Destination Chargers,116,Sydney - Blacktown,New South Wales,ev_00023,,not_target,,,,,,,,,,,,,,,,,False,,,not_target,False,not_target,False,not_target,False,not_target,False
,,"1 Ingham Dr, Casula NSW 2170",Evie,4,DC,50 kW,-33.948829,150.90027,Liverpool City Council,2170,ARENA - Driving the Nation,127,Sydney - South West,New South Wales,ev_00024,"-33.948829,150.900270",matched,0.03,nearby_identity,4859,Casula Mall,1 Ingham Dr  Casula 2170,Evie Networks,CCS Type 2; CHAdeMO,0.62/kWh + 0.09/kWh (9:00 AM-9:00 PM),,,,,,Evie Networks official station map,Official website; no open-data licence asserted,https://evie.com.au/find-a-charger/,True,evie,evie; ocm; osm,matched,True,unmatched,False,matched,True,matched,True
,,"1 Jondaryan Ave, Griffith, 2680",Tesla,2,AC,22 kW,-34.2891582,146.0511201,Griffith City Council,2680,Existing Destination Chargers,113,Riverina,New South Wales,ev_00025,,not_target,,,,,,,,,,,,,,,,,False,,,not_target,False,not_target,False,not_target,False,not_target,False
,,"1 Kiaora Ln, Sydney, 2028",Chargefox,2,AC,22 kW,-33.87823128,151.2448659,Woollahra Municipal Council,2028,Existing Destination Chargers,118,Sydney - Eastern Suburbs,New South Wales,ev_00026,,not_target,,,,,,,,,,,,,,,,,False,,,not_target,False,not_target,False,not_target,False,not_target,False
,,"1 Laman St, Newcastle, 2300",Chargefox,2,AC,22 kW,-32.92913118,151.772021,Newcastle City Council,2300,Existing Destination Chargers,111,Newcastle and Lake Macquarie,New South Wales,ev_00027,,not_target,,,,,,,,,,,,,,,,,False,,,not_target,False,not_target,False,not_target,False,not_target,False
,,"1 Little Walker St, Casino, NSW 2470, Australia",NRMA,4,DC,50 kW,-35.442745,149.7913305,Richmond Valley Council,2622,TfNSW Regional,101,Capital Region,New South Wales,ev_00028,"-35.442745,149.791330",review_unresolved,,,,,,,,,,,,,,,,,False,,,unmatched,False,unmatched,False,unmatched,False,review_identity,False
,,"1 Littlebourne St, Bathurst, 2795",Exploren,2,AC,22 kW,-33.41997202,149.6143994,Bathurst Regional Council,2795,Existing Destination Chargers,103,Central West,New South Wales,ev_00029,,not_target,,,,,,,,,,,,,,,,,False,,,not_target,False,not_target,False,not_target,False,not_target,False
,,"1 Magenta Dr, Central Coast, 2261",Tesla,1,AC,6 kW,-33.31093998,151.5228138,Central Coast Council,2261,Existing Destination Chargers,102,Central Coast,New South Wales,ev_00030,,not_target,,,,,,,,,,,,,,,,,False,,,not_target,False,not_target,False,not_target,False,not_target,False
,,"1 Martin Pl, Sydney, 2000",Everty,3,AC,22 kW,-33.86784589,151.2077858,"Sydney, Council of the City of",2000,Existing Destination Chargers,117,Sydney - City and Inner South,New South Wales,ev_00031,,not_target,,,,,,,,,,,,,,,,,False,,,not_target,False,not_target,False,not_target,False,not_target,False
,,"1 Matong St, Dareton, 2717",Chargestar,1,AC,22 kW,-34.09419724,142.0396877,Wentworth Shire Council,2717,Existing Destination Chargers,109,Murray,New South Wales,ev_00032,,not_target,,,,,,,,,,,,,,,,,False,,,not_target,False,not_target,False,not_target,False,not_target,False
,,"1 Molly Morgan Dr, Maitland, 2323",Chargefox,2,AC,6 kW,-32.76249354,151.5895816,Maitland City Council,2323,Existing Destination Chargers,106,Hunter Valley exc Newcastle,New South Wales,ev_00033,,not_target,,,,,,,,,,,,,,,,,False,,,not_target,False,not_target,False,not_target,False,not_target,False
,,"1 Molly Morgan Dr, Maitland, 2323",Tesla,2,AC,22 kW,-32.76258363,151.5903554,Maitland City Council,2323,Existing Destination Chargers,106,Hunter Valley exc Newcastle,New South Wales,ev_00034,,not_target,,,,,,,,,,,,,,,,,False,,,not_target,False,not_target,False,not_target,False,not_target,False
,,"1 Pambula Beach Rd, Pambula Beach, 2549",Tesla,1,AC,22 kW,-36.94024329,149.9072653,Bega Valley Shire Council,2549,Existing Destination Chargers,101,Capital Region,New South Wales,ev_00035,,not_target,,,,,,,,,,,,,,,,,False,,,not_target,False,not_target,False,not_target,False,not_target,False
,,"1 Park St, Sydney, 2103",JOLT,2,DC,25 kW,-33.67613618,151.3039429,Northern Beaches Council,2103,Existing Fast Chargers,122,Sydney - Northern Beaches,New South Wales,ev_00036,"-33.676136,151.303943",matched,5.72,nearby_identity,192929,Mona Vale library carpark [JOLT],"1 Park St, Mona Vale, 2103",Jolt,CCS (Type 2); CHAdeMO,"First 7kWh free, then $0.46 per kWh thereafter. $5/hr idle time",Public - Membership Required,,1,Operational,2023-02-11T08:43:00Z,Open Charge Map Contributors,Licensed under Creative Commons Attribution 4.0 International (CC BY 4.0),https://openchargemap.org/site/poi/details/192929,True,ocm,ocm; osm,unmatched,False,unmatched,False,matched,True,matched,True
,,"1 Perry St, Batemans Bay, 2536",Evie,4,DC,75 kW,-35.70737242,150.1761672,Eurobodalla Shire Council,2536,Existing Fast Chargers,101,Capital Region,New South Wales,ev_00037,"-35.707372,150.176167",matched,33.1,nearby_identity,6798,Batemans Bay Village Centre,1 Perry Street  Batemans Bay 2536,Evie Networks,CCS Type 2,0.74/kWh,,,,,,Evie Networks official station map,Official website; no open-data licence asserted,https://evie.com.au/find-a-charger/,True,evie,evie,matched,True,unmatched,False,review_identity,False,review_identity,False
,,"1 Plunkett St, Sydney, 2065",Exploren,2,DC,50 kW,-33.8215586,151.1964124,Willoughby City Council,2065,Existing Fast Chargers,121,Sydney - North Sydney and Hornsby,New South Wales,ev_00038,"-33.821559,151.196412",review_unresolved,,,,,,,,,,,,,,,,,False,,,review_identity,False,unmatched,False,review_identity,False,review_identity,False
,,"1 Porter St, Byron Bay, 2481",Chargefox,11,AC,22 kW,-28.63114219,153.5822593,Byron Shire Council,2481,Existing Destination Chargers,112,Richmond - Tweed,New South Wales,ev_00039,,not_target,,,,,,,,,,,,,,,,,False,,,not_target,False,not_target,False,not_target,False,not_target,False
,,"1 Railway Pde, Sydney, 2217",Tesla,2,AC,6 kW,-33.96202107,151.1331081,Georges River Council,2217,Existing Destination Chargers,119,Sydney - Inner South West,New South Wales,ev_00040,,not_target,,,,,,,,,,,,,,,,,False,,,not_target,False,not_target,False,not_target,False,not_target,False
,,"1 Reina Street, Sydney, 2026",Exploren,1,AC,22 kW,-33.8818579,151.2752853,Waverley Council,2026,Existing Destination Chargers,118,Sydney - Eastern Suburbs,New South Wales,ev_00041,,not_target,,,,,,,,,,,,,,,,,False,,,not_target,False,not_target,False,not_target,False,not_target,False
,,"1 Rider Blvd, Sydney, 2138",Tesla,3,AC,22 kW,-33.83552757,151.0841261,"Canada Bay Council, City of",2138,Existing Destination Chargers,120,Sydney - Inner West,New South Wales,ev_00042,,not_target,,,,,,,,,,,,,,,,,False,,,not_target,False,not_target,False,not_target,False,not_target,False
,,"1 Salisbury Rd, Sydney, 2154",Tesla,1,AC,6 kW,-33.73073778,150.9734024,The Hills Shire Council,2154,Existing Destination Chargers,115,Sydney - Baulkham Hills and Hawkesbury,New South Wales,ev_00043,,not_target,,,,,,,,,,,,,,,,,False,,,not_target,False,not_target,False,not_target,False,not_target,False
,,"1 Seabeach Ave, Sydney, 2103",Chargefox,2,AC,6 kW,-33.67677782,151.3098839,Northern Beaches Council,2103,Existing Destination Chargers,122,Sydney - Northern Beaches,New South Wales,ev_00044,,not_target,,,,,,,,,,,,,,,,,False,,,not_target,False,not_target,False,not_target,False,not_target,False
,,"1 Stanley St, Sydney, 2025",EVX,2,AC,22 kW,-33.88848053,151.2444605,Woollahra Municipal Council,2025,Existing Destination Chargers,118,Sydney - Eastern Suburbs,New South Wales,ev_00045,,not_target,,,,,,,,,,,,,,,,,False,,,not_target,False,not_target,False,not_target,False,not_target,False
,,"1 Sterling Cct, Sydney, 2050",Saascharge,1,AC,22 kW,-33.88474779,151.1766086,"Sydney, Council of the City of",2050,Existing Destination Chargers,117,Sydney - City and Inner South,New South Wales,ev_00046,,not_target,,,,,,,,,,,,,,,,,False,,,not_target,False,not_target,False,not_target,False,not_target,False
,,"1 Sublime Point Rd, Leura, 2780",Exploren,4,AC,22 kW,-33.72087992,150.3514194,Blue Mountains City Council,2780,Existing Destination Chargers,124,Sydney - Outer West and Blue Mountains,New South Wales,ev_00047,,not_target,,,,,,,,,,,,,,,,,False,,,not_target,False,not_target,False,not_target,False,not_target,False
,,"1 Wharf St, Tweed Heads, 2485",Tesla,6,DC,250 kW,-28.17378983,153.5445165,Tweed Shire Council,2485,Existing Fast Chargers,112,Richmond - Tweed,New South Wales,ev_00048,"-28.173790,153.544516",review_unresolved,,,,,,,,,,,,,,,,,False,,,unmatched,False,unmatched,False,unmatched,False,unmatched,False
,,"1 Williamtown Drive, Williamtown, 2318",Chargefox,6,AC,22 kW,-32.80442447,151.8391211,Port Stephens Council,2318,Existing Destination Chargers,106,Hunter Valley exc Newcastle,New South Wales,ev_00049,,not_target,,,,,,,,,,,,,,,,,False,,,not_target,False,not_target,False,not_target,False,not_target,False
,,"1/9 Railway Parade, Kogarah NSW 2217",Evie,4,DC,150 kW,-33.9624686,151.1324696,Georges River Council,2217,ARENA - Driving the Nation,119,Sydney - Inner South West,New South Wales,ev_00050,"-33.962469,151.132470",review_unresolved,,,,,,,,,,,,,,,,,False,,,review_shared_external,False,unmatched,False,unmatched,False,unmatched,False
,,"10 Brookfield Rd, Minto NSW 2566",Evie,4,DC,75 kW,-34.03094307,150.8490285,Campbelltown City Council,2566,ARENA - Driving the Nation,123,Sydney - Outer South West,New South Wales,ev_00051,"-34.030943,150.849029",matched,3.33,nearby_identity,6401,Minto Mall,10 Brookfield Road  Minto 2566,Evie Networks,CCS Type 2; CHAdeMO,0.60/kWh + 0.09/kWh (9:00 AM-9:00 PM),,,,,,Evie Networks official station map,Official website; no open-data licence asserted,https://evie.com.au/find-a-charger/,True,evie,evie; osm,matched,True,unmatched,False,unmatched,False,matched,True
,,"10 Burkinshaw St, Barooga, 3644",Exploren,2,AC,22 kW,-35.9064535,145.6867497,Berrigan Shire Council,3644,Existing Destination Chargers,109,Murray,New South Wales,ev_00052,,not_target,,,,,,,,,,,,,,,,,False,,,not_target,False,not_target,False,not_target,False,not_target,False
,,"10 Colden Dr, Albion Park Rail, 2527",Chargefox,4,AC,22 kW,-34.57356661,150.8134274,Shellharbour City Council,2527,Existing Destination Chargers,107,Illawarra,New South Wales,ev_00053,,not_target,,,,,,,,,,,,,,,,,False,,,not_target,False,not_target,False,not_target,False,not_target,False
,,"10 Elizabeth St, Bathurst, 2795",Evie,4,DC,150 kW,-33.41417222,149.5833564,Bathurst Regional Council,2795,Existing Fast Chargers,103,Central West,New South Wales,ev_00054,"-33.414172,149.583356",matched,0.07,nearby_identity,7320,10 Elizabeth Street Parking – Bathurst,10 Elizabeth Street  Bathurst 2795,Evie Networks,CCS Type 2; CHAdeMO,0.82/kWh,,,,,,Evie Networks official station map,Official website; no open-data licence asserted,https://evie.com.au/find-a-charger/,True,evie,evie; osm,matched,True,unmatched,False,unmatched,False,matched,True
,,"10 Rugby Rd, Newcastle, 2305",Tesla,1,AC,22 kW,-32.9207518,151.7155225,Newcastle City Council,2305,Existing Destination Chargers,111,Newcastle and Lake Macquarie,New South Wales,ev_00055,,not_target,,,,,,,,,,,,,,,,,False,,,not_target,False,not_target,False,not_target,False,not_target,False
,,"10 Seymour street, Laurieton, 2443",Exploren,2,AC,22 kW,-31.65042247,152.7958869,Port Macquarie-Hastings Council,2443,Existing Destination Chargers,108,Mid North Coast,New South Wales,ev_00056,,not_target,,,,,,,,,,,,,,,,,False,,,not_target,False,not_target,False,not_target,False,not_target,False
,,"10 Tryon Rd, Sydney, 2070",Chargefox,10,AC,22 kW,-33.77481686,151.1704995,Ku-ring-gai Council,2070,Existing Destination Chargers,121,Sydney - North Sydney and Hornsby,New South Wales,ev_00057,,not_target,,,,,,,,,,,,,,,,,False,,,not_target,False,not_target,False,not_target,False,not_target,False
,,"10 Tryon Rd, Sydney, 2070",Exploren,5,AC,6 kW,-33.77497902,151.1702102,Ku-ring-gai Council,2070,Existing Destination Chargers,121,Sydney - North Sydney and Hornsby,New South Wales,ev_00058,,not_target,,,,,,,,,,,,,,,,,False,,,not_target,False,not_target,False,not_target,False,not_target,False
,,"10 Victoria St, Wollongong , NSW 2500",EVX,2,AC,22 kW,-34.42213018,150.891979,Wollongong City Council,NSW 2500,Existing Destination Chargers,107,Illawarra,New South Wales,ev_00059,,not_target,,,,,,,,,,,,,,,,,False,,,not_target,False,not_target,False,not_target,False,not_target,False
,,"10 Winery Dr, Port Macquarie, 2444",Tesla,12,DC,130 kW,-31.43610015,152.8235826,Port Macquarie-Hastings Council,2444,Existing Fast Chargers,108,Mid North Coast,New South Wales,ev_00060,"-31.436100,152.823583",matched,0.06,nearby_identity,79311,Port Macquarie Supercharger [Tesla],"764 Pacific Highway, Port Macquarie, 2444",Tesla (Tesla-only charging),CCS (Type 2),AUD 0.52/kWh,Public - Membership Required,,6,Operational,2021-12-19T01:54:00Z,Open Charge Map Contributors,Licensed under Creative Commons Attribution 4.0 International (CC BY 4.0),https://openchargemap.org/site/poi/details/79311,True,ocm,ocm; osm,unmatched,False,unmatched,False,matched,True,matched,True
,,"100 Weakleys Dr, Beresfield, 2322",Exploren,3,AC,22 kW,-32.80300905,151.6334314,Newcastle City Council,2322,Existing Destination Chargers,111,Newcastle and Lake Macquarie,New South Wales,ev_00061,,not_target,,,,,,,,,,,,,,,,,False,,,not_target,False,not_target,False,not_target,False,not_target,False
,,"101 Goulburn St, Sydney, 2000",Chargefox,4,AC,6 kW,-33.87844949,151.208999,"Sydney, Council of the City of",2000,Existing Destination Chargers,117,Sydney - City and Inner South,New South Wales,ev_00062,,not_target,,,,,,,,,,,,,,,,,False,,,not_target,False,not_target,False,not_target,False,not_target,False
,,"101 Grafton St, Sydney, 2022",Tesla,4,AC,22 kW,-33.89091996,151.2508218,Waverley Council,2022,Existing Destination Chargers,118,Sydney - Eastern Suburbs,New South Wales,ev_00063,,not_target,,,,,,,,,,,,,,,,,False,,,not_target,False,not_target,False,not_target,False,not_target,False
,,"102 Volt Lane, Albury, 2640",Exploren,4,AC,22 kW,-36.08176781,146.9163193,Albury City Council,2640,Existing Destination Chargers,109,Murray,New South Wales,ev_00064,,not_target,,,,,,,,,,,,,,,,,False,,,not_target,False,not_target,False,not_target,False,not_target,False
,,"103 Sandy Flat Rd, Sandy Flat, 2372",Tesla,2,AC,22 kW,-29.23413718,152.0222883,Tenterfield Shire Council,2372,Existing Destination Chargers,110,New England and North West,New South Wales,ev_00065,,not_target,,,,,,,,,,,,,,,,,False,,,not_target,False,not_target,False,not_target,False,not_target,False
,,"1034 The Escort Way, Borenore, 2800",Tesla,2,AC,22 kW,-33.25922627,149.00404,Cabonne Council,2800,Existing Destination Chargers,103,Central West,New South Wales,ev_00066,,not_target,,,,,,,,,,,,,,,,,False,,,not_target,False,not_target,False,not_target,False,not_target,False
,,"105 Station Rd, Sydney, 2147",Ampol,2,DC,150 kW,-33.77436041,150.9448809,Blacktown City Council,2147,Existing Fast Chargers,116,Sydney - Blacktown,New South Wales,ev_00067,"-33.774360,150.944881",matched,13.12,nearby_identity,0000022136,Ampol Foodary Seven Hills Station Rd,105 Station Rd Cnr Powers Rd Seven Hills 2147,Ampol,CCS 2; CHAdeMO,,,2,,,,Ampol official station locator,Official website; no open-data licence asserted,https://ampcharge.ampol.com.au/find-a-charging-station,True,ampol,ampol; osm,unmatched,False,matched,True,unmatched,False,matched,True
,,"106 Parraween St, Sydney, 2090",Evie,4,DC,75 kW,-33.8273504,151.2303373,North Sydney Council,2090,Existing Fast Chargers,121,Sydney - North Sydney and Hornsby,New South Wales,ev_00068,"-33.827350,151.230337",review_unresolved,,,,,,,,,,,,,,,,,False,,,review_shared_external,False,unmatched,False,unmatched,False,unmatched,False
,,"1067 Oxley Hwy, Thrumster, 2444",Chargefox,4,DC,180 kW,-31.46394199,152.8219499,Port Macquarie-Hastings Council,2444,Existing Fast Chargers,108,Mid North Coast,New South Wales,ev_00069,"-31.463942,152.821950",matched,29.91,nearby_identity,172921,Port Macquarie Service Centre [Chargefox],"1063 Oxley Highway, Thrumster, 2444",Chargefox,CCS (Type 2); CHAdeMO,"$0.60/kWh, 20% discount for NRMA members",Public,,2,Operational,2026-09-01T11:39:00Z,Open Charge Map Contributors,Licensed under Creative Commons Attribution 4.0 International (CC BY 4.0),https://openchargemap.org/site/poi/details/172921,True,ocm,ocm,unmatched,False,unmatched,False,matched,True,review_identity,False
,,"1068 Pittwater Rd, Sydney, 2097",JOLT,2,DC,25 kW,-33.73111016,151.301011,Northern Beaches Council,2097,Existing Fast Chargers,122,Sydney - Northern Beaches,New South Wales,ev_00070,"-33.731110,151.301011",review_unresolved,,,,,,,,,,,,,,,,,False,,,unmatched,False,unmatched,False,unmatched,False,unmatched,False
,,"107 John St, Singleton, 2330",Exploren,1,AC,22 kW,-32.56552757,151.1671401,Singleton Council,2330,Existing Destination Chargers,106,Hunter Valley exc Newcastle,New South Wales,ev_00071,,not_target,,,,,,,,,,,,,,,,,False,,,not_target,False,not_target,False,not_target,False,not_target,False
,,"108 Ingleburn Rd, Leppington, 2179",Chargefox,6,AC,6 kW,-33.96187992,150.8062342,Camden Council,2179,Existing Destination Chargers,127,Sydney - South West,New South Wales,ev_00072,,not_target,,,,,,,,,,,,,,,,,False,,,not_target,False,not_target,False,not_target,False,not_target,False
,,"109 Beecroft Rd, Sydney, 2119",JOLT,2,DC,25 kW,-33.75051656,151.0650831,"Hornsby, The Council of the Shire of",2119,Existing Fast Chargers,126,Sydney - Ryde,New South Wales,ev_00073,"-33.750517,151.065083",review_unresolved,,,,,,,,,,,,,,,,,False,,,unmatched,False,unmatched,False,unmatched,False,unmatched,False
,,"109 Cobra St, Dubbo, 2830",Tesla,2,AC,14 kW,-32.25474879,148.6101421,Dubbo Regional Council,2830,Existing Destination Chargers,105,Far West and Orana,New South Wales,ev_00074,,not_target,,,,,,,,,,,,,,,,,False,,,not_target,False,not_target,False,not_target,False,not_target,False
,,"109 Whylandra St, Dubbo, 2830",Tesla,1,AC,22 kW,-32.25216621,148.5899209,Dubbo Regional Council,2830,Existing Destination Chargers,105,Far West and Orana,New South Wales,ev_00075,,not_target,,,,,,,,,,,,,,,,,False,,,not_target,False,not_target,False,not_target,False,not_target,False
,,"10B Charles St, Sydney, 2193",Exploren,1,AC,6 kW,-33.91171076,151.1172923,Canterbury Bankstown Council,2193,Existing Destination Chargers,120,Sydney - Inner West,New South Wales,ev_00076,,not_target,,,,,,,,,,,,,,,,,False,,,not_target,False,not_target,False,not_target,False,not_target,False
,,"10W Apsley St, Walcha NSW 2354, Australia",NRMA,4,DC,50 kW,-29.960127,146.8578887,Walcha Council,2839,TfNSW Regional,105,Far West and Orana,New South Wales,ev_00077,"-29.960127,146.857889",review_unresolved,,,,,,,,,,,,,,,,,False,,,unmatched,False,unmatched,False,review_identity,False,unmatched,False
,,"11 Coolangatta Rd, Coolangatta, 2535",EVUp,2,AC,22 kW,-34.84028833,150.7323604,Shoalhaven City Council,2535,Existing Destination Chargers,114,Southern Highlands and Shoalhaven,New South Wales,ev_00078,,not_target,,,,,,,,,,,,,,,,,False,,,not_target,False,not_target,False,not_target,False,not_target,False
,,"11 Coolangatta Rd, Coolangatta, 2535",Tesla,2,AC,6 kW,-34.8392503,150.7340831,Shoalhaven City Council,2535,Existing Destination Chargers,114,Southern Highlands and Shoalhaven,New South Wales,ev_00079,,not_target,,,,,,,,,,,,,,,,,False,,,not_target,False,not_target,False,not_target,False,not_target,False
,,"11 Ewingsdale Rd, Ewingsdale, 2481",NRMA,4,DC,75 kW,-28.63612817,153.5534605,Byron Shire Council,2481,Existing Fast Chargers,112,Richmond - Tweed,New South Wales,ev_00080,"-28.636128,153.553460",matched,48.04,nearby_identity,190394,The Farm Byron Bay [NRMA],"Ewingsdale Road, Ewingsdale",NRMA,CCS (Type 2); CHAdeMO,,Public,,1,Operational,2025-10-06T09:29:00Z,Open Charge Map Contributors,Licensed under Creative Commons Attribution 4.0 International (CC BY 4.0),https://openchargemap.org/site/poi/details/190394,True,ocm,ocm; osm,unmatched,False,unmatched,False,matched,True,matched,True
,,"11 Hickson Rd, Sydney, 2000",Tesla,2,AC,22 kW,-33.85426831,151.2081952,"Sydney, Council of the City of",2000,Existing Destination Chargers,117,Sydney - City and Inner South,New South Wales,ev_00081,,not_target,,,,,,,,,,,,,,,,,False,,,not_target,False,not_target,False,not_target,False,not_target,False
,,"11 Jamison St, Sydney, 2000",Tesla,2,AC,22 kW,-33.86433138,151.2060691,"Sydney, Council of the City of",2000,Existing Destination Chargers,117,Sydney - City and Inner South,New South Wales,ev_00082,,not_target,,,,,,,,,,,,,,,,,False,,,not_target,False,not_target,False,not_target,False,not_target,False
,,"11 Renown Rd, Sydney, 2153",Tesla,1,AC,19 kW,-33.76312017,151.0042903,The Hills Shire Council,2153,Existing Destination Chargers,115,Sydney - Baulkham Hills and Hawkesbury,New South Wales,ev_00083,,not_target,,,,,,,,,,,,,,,,,False,,,not_target,False,not_target,False,not_target,False,not_target,False
,,"11 Scott St, Sydney, 2170",JOLT,2,DC,25 kW,-33.92522427,150.9265836,Liverpool City Council,2170,Existing Fast Chargers,127,Sydney - South West,New South Wales,ev_00084,"-33.925224,150.926584",review_unresolved,,,,,,,,,,,,,,,,,False,,,unmatched,False,unmatched,False,unmatched,False,unmatched,False
,,"11 West St, Wollongong, 2500",EVUp,2,AC,23 kW,-34.43367372,150.8916216,Wollongong City Council,2500,Existing Destination Chargers,107,Illawarra,New South Wales,ev_00085,,not_target,,,,,,,,,,,,,,,,,False,,,not_target,False,not_target,False,not_target,False,not_target,False
,,"11 William St, Bellingen, 2454",EVX,2,AC,22 kW,-30.4527558,152.896039,Bellingen Shire Council,2454,Existing Destination Chargers,104,Coffs Harbour - Grafton,New South Wales,ev_00086,,not_target,,,,,,,,,,,,,,,,,False,,,not_target,False,not_target,False,not_target,False,not_target,False
,,"110 Anzac Pde, Sydney, 2033",JOLT,2,DC,25 kW,-33.90717322,151.2239409,Randwick City Council,2033,Existing Fast Chargers,118,Sydney - Eastern Suburbs,New South Wales,ev_00087,"-33.907173,151.223941",matched,17.96,nearby_identity,190875,Kensington [Jolt],"110 Anzac Pde, Kensington, 2033",Jolt,CCS (Type 2); CHAdeMO,$0.00/kWh up to 7 kWh then $0.40/kWh,Public - Membership Required,,1,Operational,2023-07-13T10:53:00Z,Open Charge Map Contributors,Licensed under Creative Commons Attribution 4.0 International (CC BY 4.0),https://openchargemap.org/site/poi/details/190875,True,ocm,ocm,unmatched,False,unmatched,False,matched,True,unmatched,False
,,"1106 Barrenjoey Rd, Sydney, 2108",JOLT,2,DC,25 kW,-33.59707712,151.320022,Northern Beaches Council,2108,Existing Fast Chargers,122,Sydney - Northern Beaches,New South Wales,ev_00088,"-33.597077,151.320022",matched,23.48,nearby_identity,295979,Barrenjoey Road,"Barrenjoey Road, Palm Beach, 2108",Jolt,CCS (Type 2); CHAdeMO,"First 7kWh free, then $0.49 per kWh thereafter. $5/hr idle time",Public - Membership Required,,1,Operational,2024-03-03T23:09:00Z,Open Charge Map Contributors,Licensed under Creative Commons Attribution 4.0 International (CC BY 4.0),https://openchargemap.org/site/poi/details/295979,True,ocm,ocm,unmatched,False,unmatched,False,matched,True,unmatched,False
,,"1-11 Lexington Dr, Sydney, 2153",ChargePoint,6,AC,6 kW,-33.73669174,150.9503203,The Hills Shire Council,2153,Existing Destination Chargers,115,Sydney - Baulkham Hills and Hawkesbury,New South Wales,ev_00089,,not_target,,,,,,,,,,,,,,,,,False,,,not_target,False,not_target,False,not_target,False,not_target,False
,,"111 Park Beach Rd, Coffs Harbour, 2450",Tesla,2,AC,6 kW,-30.28609214,153.1365155,Coffs Harbour City Council,2450,Existing Destination Chargers,104,Coffs Harbour - Grafton,New South Wales,ev_00090,,not_target,,,,,,,,,,,,,,,,,False,,,not_target,False,not_target,False,not_target,False,not_target,False
,,"113 Hanwood Ave, Hanwood, 2680",Tesla,2,AC,22 kW,-34.3407558,146.0586336,Griffith City Council,2680,Existing Destination Chargers,113,Riverina,New South Wales,ev_00091,,not_target,,,,,,,,,,,,,,,,,False,,,not_target,False,not_target,False,not_target,False,not_target,False
,,"11-37 Alexandria Pde, Sydney, 2077",JOLT,2,DC,25 kW,-33.70973178,151.1045866,"Hornsby, The Council of the Shire of",2077,Existing Fast Chargers,121,Sydney - North Sydney and Hornsby,New South Wales,ev_00092,"-33.709732,151.104587",review_unresolved,,,,,,,,,,,,,,,,,False,,,unmatched,False,review_identity,False,review_identity,False,unmatched,False
,,"115 Rowe St, Sydney, 2122",Tesla,2,AC,19 kW,-33.79103908,151.0830941,"Ryde, Council of the City of",2122,Existing Destination Chargers,126,Sydney - Ryde,New South Wales,ev_00093,,not_target,,,,,,,,,,,,,,,,,False,,,not_target,False,not_target,False,not_target,False,not_target,False
,,"115-133 Dunning Ave, Sydney, 2018",Exploren,4,AC,22 kW,-33.91833338,151.2021642,"Sydney, Council of the City of",2018,Existing Destination Chargers,117,Sydney - City and Inner South,New South Wales,ev_00094,,not_target,,,,,,,,,,,,,,,,,False,,,not_target,False,not_target,False,not_target,False,not_target,False
,,"116 Liverpool St, Scone, NSW 2337, Australia",NRMA,2,DC,50 kW,-31.9598511,141.4601038,Upper Hunter Shire Council,2880,TfNSW Regional,105,Far West and Orana,New South Wales,ev_00095,"-31.959851,141.460104",review_unresolved,,,,,,,,,,,,,,,,,False,,,unmatched,False,unmatched,False,review_identity,False,unmatched,False
,,"117 Glenayr Ave, Sydney, 2026",Chargefox,1,AC,6 kW,-33.88682487,151.2723734,Waverley Council,2026,Existing Destination Chargers,118,Sydney - Eastern Suburbs,New South Wales,ev_00096,,not_target,,,,,,,,,,,,,,,,,False,,,not_target,False,not_target,False,not_target,False,not_target,False
,,"117 Macquarie St, Sydney, 2000",Tesla,2,AC,22 kW,-33.86298603,151.2123053,"Sydney, Council of the City of",2000,Existing Destination Chargers,117,Sydney - City and Inner South,New South Wales,ev_00097,,not_target,,,,,,,,,,,,,,,,,False,,,not_target,False,not_target,False,not_target,False,not_target,False
,,"118 Allambie Rd, Sydney, 2100",Exploren,1,AC,22 kW,-33.76549154,151.2511982,Northern Beaches Council,2100,Existing Destination Chargers,122,Sydney - Northern Beaches,New South Wales,ev_00098,,not_target,,,,,,,,,,,,,,,,,False,,,not_target,False,not_target,False,not_target,False,not_target,False
,,"1183-1187 The Horsley Dr, Sydney, 2164",Chargefox,2,DC,150 kW,-33.84986891,150.8978248,Fairfield City Council,2164,Existing Fast Chargers,127,Sydney - South West,New South Wales,ev_00099,"-33.849869,150.897825",matched,79.77,nearby_identity,272624,ENGIE - Greenway Wetherill Park,"1183-1187 The Horsley Drive, Wetherill Park, 2164",Chargefox,CCS (Type 2),$0.55/kWh,Public - Membership Required,,2,Operational,2023-07-15T09:24:00Z,Open Charge Map Contributors,Licensed under Creative Commons Attribution 4.0 International (CC BY 4.0),https://openchargemap.org/site/poi/details/272624,True,ocm,ocm,unmatched,False,unmatched,False,matched,True,review_identity,False
,,"1183-1187 The Horsley Dr, Wetherill Park NSW 2164",Engie,2,DC,150 kW,-33.8505352,150.8988605,Fairfield City Council,2164,ARENA - Driving the Nation,127,Sydney - South West,New South Wales,ev_00100,"-33.850535,150.898861",review_unresolved,,,,,,,,,,,,,,,,,False,,,unmatched,False,unmatched,False,review_identity,False,review_identity,False
,,"119 Borella Rd
East Albury NSW 2640
Australia",EVUp,4,AC,AC,-36.0779535,146.9432129,Albury City Council,2640,Destination Charging R1,109,Murray,New South Wales,ev_00101,,not_target,,,,,,,,,,,,,,,,,False,,,not_target,False,not_target,False,not_target,False,not_target,False
,,"119 Greenwell Point Rd, Greenwell Point, 2540",Everty,1,AC,22 kW,-34.90711116,150.7351051,Shoalhaven City Council,2540,Existing Destination Chargers,114,Southern Highlands and Shoalhaven,New South Wales,ev_00102,,not_target,,,,,,,,,,,,,,,,,False,,,not_target,False,not_target,False,not_target,False,not_target,False
,,"119 Stenhouse Drive, Cameron Park, 2285",Evie,8,DC,350 kW,-32.89647352,151.5977107,Lake Macquarie City Council,2285,Existing Fast Chargers,111,Newcastle and Lake Macquarie,New South Wales,ev_00103,"-32.896474,151.597711",matched,0.07,nearby_identity,6211,Ampol – Cameron Park,119 Stenhouse Drive  Cameron Park 2285,Evie Networks,CCS Type 2,0.79/kWh,,,,,,Evie Networks official station map,Official website; no open-data licence asserted,https://evie.com.au/find-a-charger/,True,evie,evie; ocm,matched,True,unmatched,False,matched,True,review_identity,False
,,"12 Arncliffe St, Sydney, 2205",Exploren,1,AC,22 kW,-33.93374179,151.1492883,Bayside Council,2205,Existing Destination Chargers,119,Sydney - Inner South West,New South Wales,ev_00104,,not_target,,,,,,,,,,,,,,,,,False,,,not_target,False,not_target,False,not_target,False,not_target,False
,,"12 Carabella St, Sydney, 2061",Tesla,2,AC,22 kW,-33.85016221,151.2184795,"North Sydney, Council of the City of Council",2061,Existing Destination Chargers,121,Sydney - North Sydney and Hornsby,New South Wales,ev_00105,,not_target,,,,,,,,,,,,,,,,,False,,,not_target,False,not_target,False,not_target,False,not_target,False
,,"12 Cooper Park Rd, Sydney, 2023",Chargefox,2,AC,6 kW,-33.88496401,151.2533664,Woollahra Municipal Council,2023,Existing Destination Chargers,118,Sydney - Eastern Suburbs,New South Wales,ev_00106,,not_target,,,,,,,,,,,,,,,,,False,,,not_target,False,not_target,False,not_target,False,not_target,False
,,"12 Hume Hwy, Pheasants Nest, 2574",Ampol,9,DC,150 kW,-34.28138543,150.640016,Wollondilly Shire Council,2574,Existing Fast Chargers,107,Illawarra,New South Wales,ev_00107,"-34.281385,150.640016",matched,42.77,nearby_identity,0000023205,Ampol Foodary Pheasants Nest Southbound,Lot 12 Hume Hwy Pheasants Nest 2574,Ampol,CCS 2; CHAdeMO,,,6,,,,Ampol official station locator,Official website; no open-data licence asserted,https://ampcharge.ampol.com.au/find-a-charging-station,True,ampol,ampol,unmatched,False,matched,True,review_identity,False,review_identity,False
,,"12 Hume Hwy, Pheasants Nest, 2574",Ampol,9,DC,150 kW,-34.28222427,150.6366026,Wollondilly Shire Council,2574,Existing Fast Chargers,123,Sydney - Outer South West,New South Wales,ev_00108,"-34.282224,150.636603",matched,110.06,nearby_identity,0000023220,Ampol Foodary Pheasants Nest Northbound,Lots 1 & 2 Hume Hwy Pheasants Nest 2574,Ampol,CCS 2; CHAdeMO,,,6,,,,Ampol official station locator,Official website; no open-data licence asserted,https://ampcharge.ampol.com.au/find-a-charging-station,True,ampol,ampol; ocm; osm,unmatched,False,matched,True,matched,True,matched,True
,,"12 Jacksons Rd, Sydney, 2102",Chargefox,2,AC,22 kW,-33.69607712,151.297028,Northern Beaches Council,2102,Existing Destination Chargers,122,Sydney - Northern Beaches,New South Wales,ev_00109,,not_target,,,,,,,,,,,,,,,,,False,,,not_target,False,not_target,False,not_target,False,not_target,False
,,"12 Jacksons Rd, Warriewood NSW 2102",Engie,2,DC,150 kW,-33.6971741,151.2956935,Northern Beaches Council,2102,ARENA - Driving the Nation,122,Sydney - Northern Beaches,New South Wales,ev_00110,"-33.697174,151.295693",review_unresolved,,,,,,,,,,,,,,,,,False,,,unmatched,False,unmatched,False,review_identity,False,unmatched,False
,,"12 Lord St, Botany NSW 2019",Evie,4,DC,75 kW,-33.939429,151.1970375,Bayside Council,2019,ARENA - Driving the Nation,117,Sydney - City and Inner South,New South Wales,ev_00111,"-33.939429,151.197037",matched,112.77,nearby_identity,4539,Vanguard Logistics – Botany,12 Lord Street  Botany 2019,Evie Networks,CCS Type 2; CHAdeMO,0.60/kWh + 0.09/kWh (9:00 AM-9:00 PM),,,,,,Evie Networks official station map,Official website; no open-data licence asserted,https://evie.com.au/find-a-charger/,True,evie,evie,matched,True,unmatched,False,unmatched,False,unmatched,False
,,"12 Rosenthal Ave, Sydney, 2066",Exploren,6,AC,22 kW,-33.81383988,151.1692322,Lane Cove Municipal Council,2066,Existing Destination Chargers,121,Sydney - North Sydney and Hornsby,New South Wales,ev_00112,,not_target,,,,,,,,,,,,,,,,,False,,,not_target,False,not_target,False,not_target,False,not_target,False
,,"12 Trinity Ave, Dawes Point, 2000",EVX,2,AC,22 kW,-33.85740045,151.2065726,"Sydney, Council of the City of",2000,Existing Destination Chargers,117,Sydney - City and Inner South,New South Wales,ev_00113,,not_target,,,,,,,,,,,,,,,,,False,,,not_target,False,not_target,False,not_target,False,not_target,False
,,"12 Yulong Ave, Sydney, 2084",Exploren,1,AC,22 kW,-33.68222127,151.227953,Northern Beaches Council,2084,Existing Destination Chargers,122,Sydney - Northern Beaches,New South Wales,ev_00114,,not_target,,,,,,,,,,,,,,,,,False,,,not_target,False,not_target,False,not_target,False,not_target,False
,,"120 Rouse St, Tenterfield, 2372",Tesla,2,AC,6 kW,-29.05959364,152.0178889,Tenterfield Shire Council,2372,Existing Destination Chargers,110,New England and North West,New South Wales,ev_00115,,not_target,,,,,,,,,,,,,,,,,False,,,not_target,False,not_target,False,not_target,False,not_target,False
,,"1-21 Bay St, Sydney, 2037",Chargefox,3,AC,22 kW,-33.88362967,151.1939459,"Sydney, Council of the City of",2037,Existing Destination Chargers,117,Sydney - City and Inner South,New South Wales,ev_00116,,not_target,,,,,,,,,,,,,,,,,False,,,not_target,False,not_target,False,not_target,False,not_target,False
,,"121 Howick St, Bathurst, 2795",Tesla,2,AC,6 kW,-33.41844249,149.5828599,Bathurst Regional Council,2795,Existing Destination Chargers,103,Central West,New South Wales,ev_00117,,not_target,,,,,,,,,,,,,,,,,False,,,not_target,False,not_target,False,not_target,False,not_target,False
,,"121 Princes Hwy, Wollongong, 2519",Exploren,2,DC,60 kW,-34.40192697,150.8906517,Wollongong City Council,2519,Existing Fast Chargers,107,Illawarra,New South Wales,ev_00118,"-34.401927,150.890652",review_unresolved,,,,,,,,,,,,,,,,,False,,,unmatched,False,unmatched,False,review_identity,False,review_identity,False
,Reflections Coffs Harbour,"123 Pacific Hwy
Coffs Harbour NSW 2450
Australia",Non-networked,4,AC,AC,-30.2930627,153.1200085,Coffs Harbour City Council,2450,Destination Charging R2,104,Coffs Harbour - Grafton,New South Wales,ev_00119,,not_target,,,,,,,,,,,,,,,,,False,,,not_target,False,not_target,False,not_target,False,not_target,False
,,"123 Wharf St, Tweed Heads, 2485",Tesla,2,AC,14 kW,-28.17674579,153.5412843,Tweed Shire Council,2485,Existing Destination Chargers,112,Richmond - Tweed,New South Wales,ev_00120,,not_target,,,,,,,,,,,,,,,,,False,,,not_target,False,not_target,False,not_target,False,not_target,False
,,"123 Wharf Street, Tweed Heads, 2485",Exploren,2,AC,22 kW,-28.17661866,153.5407868,Tweed Shire Council,2485,Existing Destination Chargers,112,Richmond - Tweed,New South Wales,ev_00121,,not_target,,,,,,,,,,,,,,,,,False,,,not_target,False,not_target,False,not_target,False,not_target,False
,,"124 Wallace St, Nowra, 2541",Exploren,2,AC,22 kW,-34.88951556,150.6084865,Shoalhaven City Council,2541,Existing Destination Chargers,114,Southern Highlands and Shoalhaven,New South Wales,ev_00122,,not_target,,,,,,,,,,,,,,,,,False,,,not_target,False,not_target,False,not_target,False,not_target,False
,,"126 Havannah St, Bathurst, 2795",Exploren,2,AC,20 kW,-33.42607312,149.5815506,Bathurst Regional Council,2795,Existing Destination Chargers,103,Central West,New South Wales,ev_00123,,not_target,,,,,,,,,,,,,,,,,False,,,not_target,False,not_target,False,not_target,False,not_target,False
,,"126 Mackay Ave, Yoogali, 2680",Chargefox,1,DC,24 kW,-34.30172777,146.0826426,Griffith City Council,2680,Existing Fast Chargers,113,Riverina,New South Wales,ev_00124,"-34.301728,146.082643",matched,55.29,nearby_identity,306015,Griffith City Volkswagen,"Kurrajong Avenue, Yoogali, 2680",Chargefox,CCS (Type 2),$0.40/kWh,Public - Membership Required,,1,Operational,2024-12-08T01:54:00Z,Open Charge Map Contributors,Licensed under Creative Commons Attribution 4.0 International (CC BY 4.0),https://openchargemap.org/site/poi/details/306015,True,ocm,ocm,unmatched,False,unmatched,False,matched,True,review_identity,False
,,"127 Conadilly St, Gunnedah, 2380",Chargefox,4,DC,47 kW,-30.97681086,150.2501652,Gunnedah Shire Council,2380,Existing Fast Chargers,110,New England and North West,New South Wales,ev_00125,"-30.976811,150.250165",review_unresolved,,,,,,,,,,,,,,,,,False,,,unmatched,False,unmatched,False,review_identity,False,unmatched,False
,,"128 Bonnydoon Rd, Uki, 2484",Tesla,2,AC,22 kW,-28.4045526,153.3516617,Tweed Shire Council,2484,Existing Destination Chargers,112,Richmond - Tweed,New South Wales,ev_00126,,not_target,,,,,,,,,,,,,,,,,False,,,not_target,False,not_target,False,not_target,False,not_target,False
,,"128 Flood Street, Leichhardt NSW 2040",Evie,4,DC,75 kW,-33.88518,151.148629,Inner West Council,2040,ARENA - Driving the Nation,120,Sydney - Inner West,New South Wales,ev_00127,"-33.885180,151.148629",matched,0.01,nearby_identity,4505,MarketPlace Leichhardt,128 Flood Street  Leichhardt 2040,Evie Networks,CCS Type 2,0.60/kWh + 0.09/kWh (9:00 AM-9:00 PM),,,,,,Evie Networks official station map,Official website; no open-data licence asserted,https://evie.com.au/find-a-charger/,True,evie,evie; ocm,matched,True,unmatched,False,matched,True,unmatched,False
,,"1-3 Dural St, Hornsby NSW 2077",Evie,4,DC,50 kW,-33.70276181,151.0964792,"Hornsby, The Council of the Shire of",2077,ARENA - Driving the Nation,121,Sydney - North Sydney and Hornsby,New South Wales,ev_00128,"-33.702762,151.096479",matched,1.27,nearby_identity,7322,1-3 Dural Street Parking – Hornsby,1-3 Dural Street  Hornsby 2077,Evie Networks,CCS Type 2; CHAdeMO,0.60/kWh + 0.09/kWh (9:00 AM-9:00 PM),,,,,,Evie Networks official station map,Official website; no open-data licence asserted,https://evie.com.au/find-a-charger/,True,evie,evie,matched,True,unmatched,False,unmatched,False,unmatched,False
,,"13 Kalinya Street, Sydney, 2106",Exploren,1,AC,22 kW,-33.65882187,151.3096537,Northern Beaches Council,2106,Existing Destination Chargers,122,Sydney - Northern Beaches,New South Wales,ev_00129,,not_target,,,,,,,,,,,,,,,,,False,,,not_target,False,not_target,False,not_target,False,not_target,False
,,"13 Mitchell St, Bourke, 2840",Tesla,2,AC,22 kW,-30.08820025,145.9338929,Bourke Shire Council,2840,Existing Destination Chargers,105,Far West and Orana,New South Wales,ev_00130,,not_target,,,,,,,,,,,,,,,,,False,,,not_target,False,not_target,False,not_target,False,not_target,False
,,"13 Park Rd, Speers Point, 2284",Everty,2,AC,22 kW,-32.9626517,151.618953,Lake Macquarie City Council,2284,Existing Destination Chargers,111,Newcastle and Lake Macquarie,New South Wales,ev_00131,,not_target,,,,,,,,,,,,,,,,,False,,,not_target,False,not_target,False,not_target,False,not_target,False
,,"1-3 Warners Ave, Sydney, 2026",Exploren,1,AC,22 kW,-33.88434439,151.2712993,Waverley Council,2026,Existing Destination Chargers,118,Sydney - Eastern Suburbs,New South Wales,ev_00132,,not_target,,,,,,,,,,,,,,,,,False,,,not_target,False,not_target,False,not_target,False,not_target,False
,,"130 Glenayr Ave, Sydney, 2026",Chargefox,1,AC,6 kW,-33.88706611,151.2723443,Waverley Council,2026,Existing Destination Chargers,118,Sydney - Eastern Suburbs,New South Wales,ev_00133,,not_target,,,,,,,,,,,,,,,,,False,,,not_target,False,not_target,False,not_target,False,not_target,False
,,"13125 Hume Hwy, Sutton Forest, 2577",Evie,8,DC,350 kW,-34.60721926,150.2251632,Wingecarribee Shire Council,2577,Existing Fast Chargers,114,Southern Highlands and Shoalhaven,New South Wales,ev_00134,"-34.607219,150.225163",matched,13.18,nearby_identity,6774,McDonalds – Sutton Forest West,13125 Hume Hwy  Sutton Forest 2577,Evie Networks,CCS Type 2,0.77/kWh,,,,,,Evie Networks official station map,Official website; no open-data licence asserted,https://evie.com.au/find-a-charger/,True,evie,evie; ocm; osm,matched,True,unmatched,False,matched,True,matched,True
,,"13-15 Castlefield St, Sydney, 2026",Chargefox,2,AC,22 kW,-33.89347052,151.2677117,Waverley Council,2026,Existing Destination Chargers,118,Sydney - Eastern Suburbs,New South Wales,ev_00135,,not_target,,,,,,,,,,,,,,,,,False,,,not_target,False,not_target,False,not_target,False,not_target,False
,,"13-17 Princes Hwy, Albion Park Rail NSW 2527",Evie,2,DC,50 kW,-34.5504346,150.7877814,Shellharbour City Council,2527,ARENA - Driving the Nation,107,Illawarra,New South Wales,ev_00136,"-34.550435,150.787781",review_unresolved,,,,,,,,,,,,,,,,,False,,,unmatched,False,unmatched,False,unmatched,False,review_identity,False
,,"132 Pound Street, Grafton, 2460",NRMA,2,DC,50 kW,-29.68846451,152.933015,Clarence Valley Council,2460,Existing Fast Chargers,104,Coffs Harbour - Grafton,New South Wales,ev_00137,"-29.688465,152.933015",matched,66.68,nearby_identity,190393,Grafton Public Library,"Pound Street, Grafton",NRMA,CCS (Type 2); CHAdeMO,,Public,,1,Operational,2021-12-06T13:23:00Z,Open Charge Map Contributors,Licensed under Creative Commons Attribution 4.0 International (CC BY 4.0),https://openchargemap.org/site/poi/details/190393,True,ocm,ocm,unmatched,False,unmatched,False,matched,True,review_identity,False
,,"133 Liverpool Rd, Sydney, 2134",JOLT,2,DC,25 kW,-33.88724929,151.0993353,Burwood Council,2134,Existing Fast Chargers,120,Sydney - Inner West,New South Wales,ev_00138,"-33.887249,151.099335",review_unresolved,,,,,,,,,,,,,,,,,False,,,unmatched,False,unmatched,False,unmatched,False,unmatched,False
,,"133 Samantha Riley Dr, Sydney, 2155",Chargefox,2,AC,22 kW,-33.69981786,150.9577978,The Hills Shire Council,2155,Existing Destination Chargers,115,Sydney - Baulkham Hills and Hawkesbury,New South Wales,ev_00139,,not_target,,,,,,,,,,,,,,,,,False,,,not_target,False,not_target,False,not_target,False,not_target,False
,,"133 Wyndham St Cnr Mcevoy St, Alexandria, NSW, 2015",Ampol,2,DC,150 kW,-33.9020166,151.2000104,Bayside Council,2015,ARENA - Driving the Nation,117,Sydney - City and Inner South,New South Wales,ev_00140,"-33.902017,151.200010",matched,57.77,nearby_identity,0000022135,Ampol Foodary Alexandria,133 Wyndham St Cnr Mcevoy St Alexandria 2015,Ampol,CCS 2,,,2,,,,Ampol official station locator,Official website; no open-data licence asserted,https://ampcharge.ampol.com.au/find-a-charging-station,True,ampol,ampol,unmatched,False,matched,True,unmatched,False,unmatched,False
,,"134 Lachlan St, Hay, 2711",NRMA,4,DC,180 kW,-34.50890395,144.8427858,Hay Shire Council,2711,Existing Fast Chargers,109,Murray,New South Wales,ev_00141,"-34.508904,144.842786",matched,27.4,nearby_identity,190670,Hay [NRMA],"134 Lachlan St, Hay, 2711",NRMA,CCS (Type 2); CHAdeMO,Currently free but will be fee at some point.,Public,,1,Operational,2021-12-17T02:59:00Z,Open Charge Map Contributors,Licensed under Creative Commons Attribution 4.0 International (CC BY 4.0),https://openchargemap.org/site/poi/details/190670,True,ocm,ocm,unmatched,False,unmatched,False,matched,True,review_identity,False
,,"134 Lachlan St, Hay, 2711",NRMA,2,DC,50 kW,-34.50908013,144.8410701,Hay Shire Council,2711,Existing Fast Chargers,109,Murray,New South Wales,ev_00142,"-34.509080,144.841070",review_unresolved,,,,,,,,,,,,,,,,,False,,,unmatched,False,unmatched,False,review_shared_external,False,review_identity,False
,,"134 Wallace Ln, Canobolas, 2800",Tesla,1,AC,14 kW,-33.3334595,149.0436226,Orange City Council,2800,Existing Destination Chargers,103,Central West,New South Wales,ev_00143,,not_target,,,,,,,,,,,,,,,,,False,,,not_target,False,not_target,False,not_target,False,not_target,False
,,"134-136 Grafton St, Coffs Harbour, 2450",BP,2,DC,75 kW,-30.29156861,153.1183714,Coffs Harbour City Council,2450,Existing Fast Chargers,104,Coffs Harbour - Grafton,New South Wales,ev_00144,"-30.291569,153.118371",matched,15.6,nearby_identity,273433,Coffs Harbour [bp pulse],"136 Pacific Highway, Coffs Harbour, 2450",BP Pulse (AU),CCS (Type 2); CHAdeMO,$0.55/kWh,Public - Membership Required,,1,Operational,2023-08-09T12:33:00Z,Open Charge Map Contributors,Licensed under Creative Commons Attribution 4.0 International (CC BY 4.0),https://openchargemap.org/site/poi/details/273433,True,ocm,ocm,unmatched,False,unmatched,False,matched,True,unmatched,False
,,"134-140 Francis St, Sydney, 2026",Chargefox,2,AC,22 kW,-33.88836841,151.2633253,Waverley Council,2026,Existing Destination Chargers,118,Sydney - Eastern Suburbs,New South Wales,ev_00145,,not_target,,,,,,,,,,,,,,,,,False,,,not_target,False,not_target,False,not_target,False,not_target,False
,,"135 King St, Sydney, 2000",Tesla,1,AC,22 kW,-33.8690591,151.2088539,"Sydney, Council of the City of",2000,Existing Destination Chargers,117,Sydney - City and Inner South,New South Wales,ev_00146,,not_target,,,,,,,,,,,,,,,,,False,,,not_target,False,not_target,False,not_target,False,not_target,False
,,"137 Beamish St, Sydney, 2194",Exploren,2,AC,6 kW,-33.90773978,151.1038689,Canterbury Bankstown Council,2194,Existing Destination Chargers,119,Sydney - Inner South West,New South Wales,ev_00147,,not_target,,,,,,,,,,,,,,,,,False,,,not_target,False,not_target,False,not_target,False,not_target,False
,,"137 Bronte Rd, Sydney, 2022",Exploren,1,AC,22 kW,-33.8971592,151.2513443,Waverley Council,2022,Existing Destination Chargers,118,Sydney - Eastern Suburbs,New South Wales,ev_00148,,not_target,,,,,,,,,,,,,,,,,False,,,not_target,False,not_target,False,not_target,False,not_target,False
,,"14 Aquatic Dr, Sydney, 2086",EVX,18,AC,22 kW,-33.7542533,151.236031,Northern Beaches Council,2086,Existing Destination Chargers,122,Sydney - Northern Beaches,New South Wales,ev_00149,,not_target,,,,,,,,,,,,,,,,,False,,,not_target,False,not_target,False,not_target,False,not_target,False
,,"14 Cross St, Forbes, 2871",Tesla,2,AC,22 kW,-33.3836577,148.0099459,Forbes Shire Council,2871,Existing Destination Chargers,103,Central West,New South Wales,ev_00150,,not_target,,,,,,,,,,,,,,,,,False,,,not_target,False,not_target,False,not_target,False,not_target,False
,,"14 Everton Rd, Sydney, 2135",JOLT,2,DC,25 kW,-33.87204909,151.0954464,Burwood Council,2135,Existing Fast Chargers,120,Sydney - Inner West,New South Wales,ev_00151,"-33.872049,151.095446",review_unresolved,,,,,,,,,,,,,,,,,False,,,unmatched,False,unmatched,False,unmatched,False,unmatched,False
,,"14 George St, Wollongong, NSW 2500",EVX,2,AC,22 kW,-34.42826231,150.8954174,Wollongong City Council,NSW 2500,Existing Destination Chargers,107,Illawarra,New South Wales,ev_00152,,not_target,,,,,,,,,,,,,,,,,False,,,not_target,False,not_target,False,not_target,False,not_target,False
,Denman Van Village,"14 Macauley St
Denman NSW 2328
Australia",Non-networked,2,AC,AC,-32.394325,150.6847666,Muswellbrook Shire Council,2328,Destination Charging R2,106,Hunter Valley exc Newcastle,New South Wales,ev_00153,,not_target,,,,,,,,,,,,,,,,,False,,,not_target,False,not_target,False,not_target,False,not_target,False
,,"140 Denison St, Sydney, 2036",Exploren,2,DC,120 kW,-33.94916821,151.2247958,Bayside Council,2036,Existing Fast Chargers,117,Sydney - City and Inner South,New South Wales,ev_00154,"-33.949168,151.224796",review_unresolved,,,,,,,,,,,,,,,,,False,,,unmatched,False,unmatched,False,unmatched,False,unmatched,False
,,"140 Queen St, Berry, 2535",NRMA,2,DC,50 kW,-34.77559464,150.7010871,Shoalhaven City Council,2535,Existing Fast Chargers,114,Southern Highlands and Shoalhaven,New South Wales,ev_00155,"-34.775595,150.701087",matched,27.18,nearby_identity,161845,Berry NRMA,Berry,NRMA,CCS (Type 2); CHAdeMO,Currently free but will be fee at some point for non NRMA Members,Public,,1,Operational,2020-11-19T13:08:00Z,Open Charge Map Contributors,Licensed under Creative Commons Attribution 4.0 International (CC BY 4.0),https://openchargemap.org/site/poi/details/161845,True,ocm,ocm,unmatched,False,unmatched,False,matched,True,unmatched,False
,,"141 Morgan St, Sydney, 2209",JOLT,2,DC,25 kW,-33.9492503,151.0812503,Georges River Council,2209,Existing Fast Chargers,119,Sydney - Inner South West,New South Wales,ev_00156,"-33.949250,151.081250",review_unresolved,,,,,,,,,,,,,,,,,False,,,unmatched,False,unmatched,False,unmatched,False,unmatched,False
,,"141 Roselands Ave, Roselands NSW 2196",Engie,2,DC,120 kW,-33.9354417,151.0685253,Georges River Council,2196,ARENA - Driving the Nation,119,Sydney - Inner South West,New South Wales,ev_00157,"-33.935442,151.068525",review_unresolved,,,,,,,,,,,,,,,,,False,,,unmatched,False,unmatched,False,review_identity,False,review_identity,False
,,"14-16 Darling St, Wentworth, 2648",Chargefox,2,AC,22 kW,-34.10961266,141.9201061,Wentworth Shire Council,2648,Existing Destination Chargers,109,Murray,New South Wales,ev_00158,,not_target,,,,,,,,,,,,,,,,,False,,,not_target,False,not_target,False,not_target,False,not_target,False
,,"142 Addison Rd, Sydney, 2204",Everty,2,AC,6 kW,-33.90214419,151.1613003,Inner West Council,2204,Existing Destination Chargers,117,Sydney - City and Inner South,New South Wales,ev_00159,,not_target,,,,,,,,,,,,,,,,,False,,,not_target,False,not_target,False,not_target,False,not_target,False
,,"142 Glenayr Ave, Sydney, 2026",Chargefox,1,AC,6 kW,-33.88798403,151.2714735,Waverley Council,2026,Existing Destination Chargers,118,Sydney - Eastern Suburbs,New South Wales,ev_00160,,not_target,,,,,,,,,,,,,,,,,False,,,not_target,False,not_target,False,not_target,False,not_target,False
,,"143 Johnston St, Casino, 2470",EVUp,1,AC,22 kW,-28.86227832,153.0676086,Richmond Valley Council,2470,Existing Destination Chargers,112,Richmond - Tweed,New South Wales,ev_00161,,not_target,,,,,,,,,,,,,,,,,False,,,not_target,False,not_target,False,not_target,False,not_target,False
,,"143 Terralong St, Kiama, 2533",Chargefox,4,AC,6 kW,-34.66723728,150.8499379,"Kiama, The Council of the Municipality of",2533,Existing Destination Chargers,107,Illawarra,New South Wales,ev_00162,,not_target,,,,,,,,,,,,,,,,,False,,,not_target,False,not_target,False,not_target,False,not_target,False
,,"1442 George Downes Dr, Kulnura, 2250",Tesla,3,AC,22 kW,-33.19862167,151.199975,Central Coast Council,2250,Existing Destination Chargers,102,Central Coast,New South Wales,ev_00163,,not_target,,,,,,,,,,,,,,,,,False,,,not_target,False,not_target,False,not_target,False,not_target,False
,,"145 Old Pittwater Rd, Sydney, 2100",Tesla,4,AC,22 kW,-33.76657762,151.2644454,Northern Beaches Council,2100,Existing Destination Chargers,122,Sydney - Northern Beaches,New South Wales,ev_00164,,not_target,,,,,,,,,,,,,,,,,False,,,not_target,False,not_target,False,not_target,False,not_target,False
,,"147 Princes Hwy, Bodalla, 2545",ChargePoint,1,AC,22 kW,-36.09582487,150.0517628,Eurobodalla Shire Council,2545,Existing Destination Chargers,101,Capital Region,New South Wales,ev_00165,,not_target,,,,,,,,,,,,,,,,,False,,,not_target,False,not_target,False,not_target,False,not_target,False
,,"147 Soldiers Point Rd, Soldiers Point, 2317",Tesla,1,AC,14 kW,-32.7114585,152.0714014,Port Stephens Council,2317,Existing Destination Chargers,106,Hunter Valley exc Newcastle,New South Wales,ev_00166,,not_target,,,,,,,,,,,,,,,,,False,,,not_target,False,not_target,False,not_target,False,not_target,False
,,"149 Alison Rd, Sydney, 2031",JOLT,2,DC,50 kW,-33.91307612,151.2387948,Randwick City Council,2031,Existing Fast Chargers,118,Sydney - Eastern Suburbs,New South Wales,ev_00167,"-33.913076,151.238795",review_unresolved,,,,,,,,,,,,,,,,,False,,,review_identity,False,unmatched,False,review_identity,False,review_identity,False
,,"149 Coward St, Sydney, 2020",Exploren,1,AC,22 kW,-33.92550655,151.1938829,Bayside Council,2020,Existing Destination Chargers,117,Sydney - City and Inner South,New South Wales,ev_00168,,not_target,,,,,,,,,,,,,,,,,False,,,not_target,False,not_target,False,not_target,False,not_target,False
,,"1498 Cullinga Rd, Wallendbeen, 2588",Exploren,1,AC,6 kW,-34.5443564,148.1668368,Cootamundra-gundagai Regional Council,2588,Existing Destination Chargers,113,Riverina,New South Wales,ev_00169,,not_target,,,,,,,,,,,,,,,,,False,,,not_target,False,not_target,False,not_target,False,not_target,False
,,"1-5 Capper St, Tumut, 2720",Tesla,2,AC,22 kW,-35.29527332,148.2151982,Snowy Valleys Council,2720,Existing Destination Chargers,113,Riverina,New South Wales,ev_00170,,not_target,,,,,,,,,,,,,,,,,False,,,not_target,False,not_target,False,not_target,False,not_target,False
,,"15 Chancellors Dr, Thrumster , 2444",Tesla,12,DC,250 kW,-31.4577518,152.8267908,Port Macquarie-Hastings Council,2444,Existing Fast Chargers,108,Mid North Coast,New South Wales,ev_00171,"-31.457752,152.826791",matched,13.71,nearby_identity,node/11433418128,Tesla Supercharger Thrumster,,Tesla,CCS Type 2,,yes,,,,,OpenStreetMap contributors,ODbL 1.0; https://www.openstreetmap.org/copyright,https://www.openstreetmap.org/node/11433418128,True,osm,osm,unmatched,False,unmatched,False,review_identity,False,matched,True
,,"15 Edwin Flack Ave, Sydney, 2127",Tesla,2,AC,22 kW,-33.84590095,151.0608609,"Parramatta, Council of the City of",2127,Existing Destination Chargers,125,Sydney - Parramatta,New South Wales,ev_00172,,not_target,,,,,,,,,,,,,,,,,False,,,not_target,False,not_target,False,not_target,False,not_target,False
,,"15 Greenwich Rd, Greenwich , 2065",EVX,2,AC,22 kW,-33.8255586,151.187957,Lane Cove Municipal Council,2065,Existing Destination Chargers,121,Sydney - North Sydney and Hornsby,New South Wales,ev_00173,,not_target,,,,,,,,,,,,,,,,,False,,,not_target,False,not_target,False,not_target,False,not_target,False
,,"15 Little Street, Sydney, 2066",Exploren,1,AC,22 kW,-33.81460665,151.1713023,Lane Cove Municipal Council,2066,Existing Destination Chargers,121,Sydney - North Sydney and Hornsby,New South Wales,ev_00174,,not_target,,,,,,,,,,,,,,,,,False,,,not_target,False,not_target,False,not_target,False,not_target,False
,,"15 Merriville Rd, Sydney, 2155",JOLT,2,DC,25 kW,-33.70040345,150.9283123,Blacktown City Council,2155,Existing Fast Chargers,116,Sydney - Blacktown,New South Wales,ev_00175,"-33.700403,150.928312",review_unresolved,,,,,,,,,,,,,,,,,False,,,unmatched,False,unmatched,False,unmatched,False,unmatched,False
,,"15 Merriville Rd, Sydney, 2155",JOLT,2,DC,25 kW,-33.70051756,150.9281081,Blacktown City Council,2155,Existing Fast Chargers,116,Sydney - Blacktown,New South Wales,ev_00176,"-33.700518,150.928108",review_unresolved,,,,,,,,,,,,,,,,,False,,,unmatched,False,unmatched,False,unmatched,False,unmatched,False
,,"15 Mort St, Port Macquarie, 2444",Tesla,2,AC,22 kW,-31.43157062,152.8964765,Port Macquarie-Hastings Council,2444,Existing Destination Chargers,108,Mid North Coast,New South Wales,ev_00177,,not_target,,,,,,,,,,,,,,,,,False,,,not_target,False,not_target,False,not_target,False,not_target,False
,,"15 Ridge St, Sydney, 2060",Evie,4,DC,75 kW,-33.83274979,151.2064264,North Sydney Council,2060,Existing Fast Chargers,121,Sydney - North Sydney and Hornsby,New South Wales,ev_00178,"-33.832750,151.206426",review_unresolved,,,,,,,,,,,,,,,,,False,,,review_shared_external,False,unmatched,False,unmatched,False,unmatched,False
,,"15 Victoria St, Sydney, 2019",Exploren,1,AC,22 kW,-33.94613218,151.2075586,Bayside Council,2019,Existing Destination Chargers,117,Sydney - City and Inner South,New South Wales,ev_00179,,not_target,,,,,,,,,,,,,,,,,False,,,not_target,False,not_target,False,not_target,False,not_target,False
,,"15 Victory St, Braidwood, NSW 2622, Australia",NRMA,4,DC,50 kW,-31.4988197,145.8375768,Queanbeyan-Palerang Regional Council,2835,TfNSW Regional,105,Far West and Orana,New South Wales,ev_00180,"-31.498820,145.837577",matched,1.61,nearby_identity,190679,Cobar [NRMA],"3 Broomfield Street, Cobar, 2835",NRMA,CCS (Type 2); CHAdeMO,FREE,Public - Membership Required,,1,Operational,2022-01-08T10:59:00Z,Open Charge Map Contributors,Licensed under Creative Commons Attribution 4.0 International (CC BY 4.0),https://openchargemap.org/site/poi/details/190679,True,ocm,ocm,unmatched,False,unmatched,False,matched,True,unmatched,False
,,"1509-1511 Pittwater Rd, Sydney, 2101",Ampol,2,DC,150 kW,-33.70444949,151.2968509,Northern Beaches Council,2101,Existing Fast Chargers,122,Sydney - Northern Beaches,New South Wales,ev_00181,"-33.704449,151.296851",matched,30.41,nearby_identity,0000022120,Ampol Foodary Narrabeen,1509-1511 Pittwater Rd Narrabeen 2101,Ampol,CCS 2; CHAdeMO,,,2,,,,Ampol official station locator,Official website; no open-data licence asserted,https://ampcharge.ampol.com.au/find-a-charging-station,True,ampol,ampol,unmatched,False,matched,True,unmatched,False,unmatched,False
,,"151 Beauchamp Rd, Sydney, 2036",JOLT,2,DC,25 kW,-33.95633138,151.2265986,Randwick City Council,2036,Existing Fast Chargers,118,Sydney - Eastern Suburbs,New South Wales,ev_00182,"-33.956331,151.226599",review_unresolved,,,,,,,,,,,,,,,,,False,,,unmatched,False,unmatched,False,unmatched,False,unmatched,False
,,"152 Church St, Glen Innes, 2370",EVUp,3,AC,22 kW,-29.73816621,151.7354424,Glen Innes Severn Council,2370,Existing Destination Chargers,110,New England and North West,New South Wales,ev_00183,,not_target,,,,,,,,,,,,,,,,,False,,,not_target,False,not_target,False,not_target,False,not_target,False
,,"152 Church St, Glen Innes, 2370",Tesla,2,AC,22 kW,-29.7383564,151.7378358,Glen Innes Severn Council,2370,Existing Destination Chargers,110,New England and North West,New South Wales,ev_00184,,not_target,,,,,,,,,,,,,,,,,False,,,not_target,False,not_target,False,not_target,False,not_target,False
,,"152 Green Street W, Lockhart, 2656",Exploren,2,AC,22 kW,-35.22092397,146.7120541,Lockhart Shire Council,2656,Existing Destination Chargers,113,Riverina,New South Wales,ev_00185,,not_target,,,,,,,,,,,,,,,,,False,,,not_target,False,not_target,False,not_target,False,not_target,False
,,"152 Pacific Hwy, 36 Josephson St, Swansea NSW 2281",Evie,4,DC,50 kW,-33.088721,151.637587,Lake Macquarie City Council,2281,ARENA - Driving the Nation,111,Newcastle and Lake Macquarie,New South Wales,ev_00186,"-33.088721,151.637587",matched,0.04,nearby_identity,6077,Dan Murphy’s – Swansea,152 Pacific Hwy  Swansea 2281,Evie Networks,CCS Type 2; CHAdeMO,0.62/kWh + 0.09/kWh (9:00 AM-9:00 PM),,,,,,Evie Networks official station map,Official website; no open-data licence asserted,https://evie.com.au/find-a-charger/,True,evie,evie,matched,True,unmatched,False,unmatched,False,unmatched,False
,,"153 Coreen Ave Cnr Castlereagh Rd, Penrith, NSW, 2750",Ampol,2,DC,125 kW,-33.7428103,150.6929292,Penrith City Council,2750,ARENA - Driving the Nation,124,Sydney - Outer West and Blue Mountains,New South Wales,ev_00187,"-33.742810,150.692929",review_unresolved,,,,,,,,,,,,,,,,,False,,,unmatched,False,review_shared_external,False,review_shared_external,False,review_shared_external,False
,,"153 Fitzmaurice St, Wagga Wagga, 2650",Tesla,1,AC,8 kW,-35.10302607,147.3686987,Wagga Wagga City Council,2650,Existing Destination Chargers,113,Riverina,New South Wales,ev_00188,,not_target,,,,,,,,,,,,,,,,,False,,,not_target,False,not_target,False,not_target,False,not_target,False
,,"154 Canterbury St, Casino, 2470",EVX,2,AC,22 kW,-28.86270875,153.048037,Richmond Valley Council,2470,Existing Destination Chargers,112,Richmond - Tweed,New South Wales,ev_00189,,not_target,,,,,,,,,,,,,,,,,False,,,not_target,False,not_target,False,not_target,False,not_target,False
,,"155 Governor Macquarie Dr, Sydney, 2170",Tesla,3,AC,22 kW,-33.91433738,150.9456166,Liverpool City Council,2170,Existing Destination Chargers,127,Sydney - South West,New South Wales,ev_00190,,not_target,,,,,,,,,,,,,,,,,False,,,not_target,False,not_target,False,not_target,False,not_target,False
,,"156 Melbourne St, Mulwala, 2647",Wevolt,4,DC,80 kW,-35.99499104,146.001983,Federation Council,2647,Existing Fast Chargers,109,Murray,New South Wales,ev_00191,"-35.994991,146.001983",review_unresolved,,,,,,,,,,,,,,,,,False,,,unmatched,False,unmatched,False,unmatched,False,unmatched,False
,,"15620 Hume Hwy, Marulan, 2579",BP,2,DC,75 kW,-34.71852257,150.0003884,Goulburn Mulwaree Council,2579,Existing Fast Chargers,101,Capital Region,New South Wales,ev_00192,"-34.718523,150.000388",matched,27.82,nearby_identity,238125,Marulan Roadhouse Southbound,"15597 Hume Hwy, Marulan",BP Pulse (AU),CCS (Type 2); CHAdeMO,$0.55/kWh,Public - Membership Required,,1,Operational,2023-08-09T12:16:00Z,Open Charge Map Contributors,Licensed under Creative Commons Attribution 4.0 International (CC BY 4.0),https://openchargemap.org/site/poi/details/238125,True,ocm,ocm; osm,unmatched,False,unmatched,False,matched,True,matched,True
,,"15666 Hume Hwy, Marulan, 2579",BP,2,DC,75 kW,-34.71922127,149.9953273,Goulburn Mulwaree Council,2579,Existing Fast Chargers,101,Capital Region,New South Wales,ev_00193,"-34.719221,149.995327",matched,40.28,nearby_identity,238126,Marulan Roadhouse Northbound,"Hume Highway, Marulan, 2579",BP Pulse (AU),CCS (Type 2); CHAdeMO,$0.55/kWh,Public - Membership Required,,1,Operational,2023-08-09T12:16:00Z,Open Charge Map Contributors,Licensed under Creative Commons Attribution 4.0 International (CC BY 4.0),https://openchargemap.org/site/poi/details/238126,True,ocm,ocm,unmatched,False,unmatched,False,matched,True,review_identity,False
,,"157 Rouse Street, Tenterfield, NSW 2372, Australia",NRMA,2,DC,50 kW,-31.5645996,147.1969355,Tenterfield Shire Council,2825,TfNSW Regional,105,Far West and Orana,New South Wales,ev_00194,"-31.564600,147.196935",matched,3.49,nearby_identity,190680,Nyngan [NRMA],"18 Cobar Street, Nyngan, 2825",NRMA,CCS (Type 2); CHAdeMO,Currently free but will be fee at some point for non NRMA Members,Public,,1,Operational,2022-12-23T23:20:00Z,Open Charge Map Contributors,Licensed under Creative Commons Attribution 4.0 International (CC BY 4.0),https://openchargemap.org/site/poi/details/190680,True,ocm,ocm,unmatched,False,unmatched,False,matched,True,unmatched,False
,,"1596 Broke Rd, Pokolbin, 2320",Tesla,2,AC,22 kW,-32.75900405,151.2523473,Cessnock City Council,2320,Existing Destination Chargers,106,Hunter Valley exc Newcastle,New South Wales,ev_00195,,not_target,,,,,,,,,,,,,,,,,False,,,not_target,False,not_target,False,not_target,False,not_target,False
,,"15c Mitchell St, Bourke, NSW 2840, Australia",NRMA,4,DC,75 kW,-30.3383734,152.7125414,Bourke Shire Council,2453,TfNSW Regional,104,Coffs Harbour - Grafton,New South Wales,ev_00196,"-30.338373,152.712541",matched,29.98,nearby_identity,node/13928568814,,,NRMA,CCS Type 2; CHAdeMO,,,,,,,OpenStreetMap contributors,ODbL 1.0; https://www.openstreetmap.org/copyright,https://www.openstreetmap.org/node/13928568814,True,osm,osm,unmatched,False,unmatched,False,unmatched,False,matched,True
,,"1-5R Knowles Ave, Sydney, 2036",Chargefox,2,AC,11 kW,-33.95723628,151.2372372,Randwick City Council,2036,Existing Destination Chargers,118,Sydney - Eastern Suburbs,New South Wales,ev_00197,,not_target,,,,,,,,,,,,,,,,,False,,,not_target,False,not_target,False,not_target,False,not_target,False
,,"16 Berry St, Nowra, 2541",NRMA,4,DC,160 kW,-34.87360065,150.6005345,Shoalhaven City Council,2541,Existing Fast Chargers,114,Southern Highlands and Shoalhaven,New South Wales,ev_00198,"-34.873601,150.600535",matched,4.73,nearby_identity,node/14184391901,,,NRMA,CHAdeMO,,,,,,,OpenStreetMap contributors,ODbL 1.0; https://www.openstreetmap.org/copyright,https://www.openstreetmap.org/node/14184391901,True,osm,osm,unmatched,False,unmatched,False,unmatched,False,matched,True
,,"16 Charlton St, Central Coast, 2261",Tesla,2,AC,6 kW,-33.36082487,151.4995526,Central Coast Council,2261,Existing Destination Chargers,102,Central Coast,New South Wales,ev_00199,,not_target,,,,,,,,,,,,,,,,,False,,,not_target,False,not_target,False,not_target,False,not_target,False
,,"16 Kent St, Millers Point, 2000",EVX,2,AC,22 kW,-33.85866571,151.2036677,"Sydney, Council of the City of",2000,Existing Destination Chargers,117,Sydney - City and Inner South,New South Wales,ev_00200,,not_target,,,,,,,,,,,,,,,,,False,,,not_target,False,not_target,False,not_target,False,not_target,False
,,"16 Nettin Cct, Jindabyne, 2627",Tesla,2,AC,22 kW,-36.41732937,148.6076567,Snowy Monaro Regional Council,2627,Existing Destination Chargers,101,Capital Region,New South Wales,ev_00201,,not_target,,,,,,,,,,,,,,,,,False,,,not_target,False,not_target,False,not_target,False,not_target,False
,,"16 Oaks Ave, Sydney, 2099",JOLT,2,DC,25 kW,-33.75370175,151.287,Northern Beaches Council,2099,Existing Fast Chargers,122,Sydney - Northern Beaches,New South Wales,ev_00202,"-33.753702,151.287000",matched,3.51,nearby_identity,node/9491233549,,4-16 Oaks Avenue,Jolt,CHAdeMO,,,,,,,OpenStreetMap contributors,ODbL 1.0; https://www.openstreetmap.org/copyright,https://www.openstreetmap.org/node/9491233549,True,osm,osm,review_identity,False,unmatched,False,unmatched,False,matched,True
,,"161 Elizabeth St, Sydney, 2000",Tesla,2,AC,22 kW,-33.87192197,151.2097207,"Sydney, Council of the City of",2000,Existing Destination Chargers,117,Sydney - City and Inner South,New South Wales,ev_00203,,not_target,,,,,,,,,,,,,,,,,False,,,not_target,False,not_target,False,not_target,False,not_target,False
,,"161 Elizabeth Street, Sydney, 2000",Exploren,8,AC,22 kW,-33.87152857,151.2098208,"Sydney, Council of the City of",2000,Existing Destination Chargers,117,Sydney - City and Inner South,New South Wales,ev_00204,,not_target,,,,,,,,,,,,,,,,,False,,,not_target,False,not_target,False,not_target,False,not_target,False
,,"16-20 Goodhope St, Sydney, 2021",Chargefox,2,DC,30 kW,-33.88181186,151.2283183,Woollahra Municipal Council,2021,Existing Fast Chargers,118,Sydney - Eastern Suburbs,New South Wales,ev_00205,"-33.881812,151.228318",review_unresolved,,,,,,,,,,,,,,,,,False,,,unmatched,False,unmatched,False,unmatched,False,unmatched,False
,,"164 Camp Drewe Road, Lennox Head, 2478",Chargefox,2,AC,22 kW,-28.77837542,153.5926857,Ballina Shire Council,2478,Existing Destination Chargers,112,Richmond - Tweed,New South Wales,ev_00206,,not_target,,,,,,,,,,,,,,,,,False,,,not_target,False,not_target,False,not_target,False,not_target,False
,,"164 Mona Vale Rd, St Ives, NSW, 2075",Ampol,2,DC,125 kW,-33.7307758,151.1570112,Ku-ring-gai Council,2075,ARENA - Driving the Nation,121,Sydney - North Sydney and Hornsby,New South Wales,ev_00207,"-33.730776,151.157011",matched,3.77,nearby_identity,0000022895,Ampol Foodary St Ives,164 Mona Vale Rd St Ives 2075,Ampol,CCS 2; CHAdeMO,,,2,,,,Ampol official station locator,Official website; no open-data licence asserted,https://ampcharge.ampol.com.au/find-a-charging-station,True,ampol,ampol,unmatched,False,matched,True,unmatched,False,unmatched,False
,,"165 Oberon Street, Sydney, 2034",Exploren,1,AC,22 kW,-33.92586491,151.2504234,Randwick City Council,2034,Existing Destination Chargers,118,Sydney - Eastern Suburbs,New South Wales,ev_00208,,not_target,,,,,,,,,,,,,,,,,False,,,not_target,False,not_target,False,not_target,False,not_target,False
,,"1650 Alpine Way, Crackenback, 2627",Chargefox,2,AC,22 kW,-36.44508413,148.4499129,Snowy Monaro Regional Council,2627,Existing Destination Chargers,101,Capital Region,New South Wales,ev_00209,,not_target,,,,,,,,,,,,,,,,,False,,,not_target,False,not_target,False,not_target,False,not_target,False
,,"166 Mona Vale Rd, Sydney, 2075",Chargefox,2,AC,22 kW,-33.73007312,151.1585586,Ku-ring-gai Council,2075,Existing Destination Chargers,121,Sydney - North Sydney and Hornsby,New South Wales,ev_00210,,not_target,,,,,,,,,,,,,,,,,False,,,not_target,False,not_target,False,not_target,False,not_target,False
,,"169 Willoughby Rd, Sydney, 2065",BP,2,DC,75 kW,-33.8201522,151.2011902,Willoughby City Council,2065,Existing Fast Chargers,121,Sydney - North Sydney and Hornsby,New South Wales,ev_00211,"-33.820152,151.201190",review_unresolved,,,,,,,,,,,,,,,,,False,,,unmatched,False,unmatched,False,unmatched,False,unmatched,False
,,"169-179 Thomas St, Sydney, 2000",Tesla,2,AC,22 kW,-33.8818549,151.2024194,"Sydney, Council of the City of",2000,Existing Destination Chargers,117,Sydney - City and Inner South,New South Wales,ev_00212,,not_target,,,,,,,,,,,,,,,,,False,,,not_target,False,not_target,False,not_target,False,not_target,False
,,"17 Roberts Rd, Sydney, 2766",Exploren,6,AC,22 kW,-33.81728133,150.8381401,Blacktown City Council,2766,Existing Destination Chargers,116,Sydney - Blacktown,New South Wales,ev_00213,,not_target,,,,,,,,,,,,,,,,,False,,,not_target,False,not_target,False,not_target,False,not_target,False
,,"17 Smith St, Sydney, 2067",Chargefox,6,DC,47 kW,-33.78601306,151.1980831,Willoughby City Council,2067,Existing Fast Chargers,121,Sydney - North Sydney and Hornsby,New South Wales,ev_00214,"-33.786013,151.198083",review_unresolved,,,,,,,,,,,,,,,,,False,,,unmatched,False,unmatched,False,unmatched,False,unmatched,False
,,"17 Stanley St, Sydney, 2210",JOLT,2,DC,25 kW,-33.96212217,151.0635736,Georges River Council,2210,Existing Fast Chargers,119,Sydney - Inner South West,New South Wales,ev_00215,"-33.962122,151.063574",review_unresolved,,,,,,,,,,,,,,,,,False,,,unmatched,False,unmatched,False,review_identity,False,unmatched,False
,,"17 Stewart St, Wollongong NSW 2500, Australia",NRMA,4,DC,75 kW,-29.7756503,151.1151033,Wollongong City Council,2453,TfNSW Regional,110,New England and North West,New South Wales,ev_00216,"-29.775650,151.115103",review_unresolved,,,,,,,,,,,,,,,,,False,,,unmatched,False,unmatched,False,review_identity,False,unmatched,False
,,"170 Riversdale Rd, Illaroo, 2540",Tesla,4,AC,22 kW,-34.86498003,150.4925095,Shoalhaven City Council,2540,Existing Destination Chargers,114,Southern Highlands and Shoalhaven,New South Wales,ev_00217,,not_target,,,,,,,,,,,,,,,,,False,,,not_target,False,not_target,False,not_target,False,not_target,False
,,"173 The Vineyards Rd, Lake George, 2581",Exploren,2,DC,60 kW,-34.99682987,149.3848398,Yass Valley Council,2581,Existing Fast Chargers,101,Capital Region,New South Wales,ev_00218,"-34.996830,149.384840",review_unresolved,,,,,,,,,,,,,,,,,False,,,unmatched,False,unmatched,False,unmatched,False,unmatched,False
,,"176 Sutherland St, Sydney, 2021",Exploren,1,AC,22 kW,-33.88436041,151.235985,Woollahra Municipal Council,2021,Existing Destination Chargers,118,Sydney - Eastern Suburbs,New South Wales,ev_00219,,not_target,,,,,,,,,,,,,,,,,False,,,not_target,False,not_target,False,not_target,False,not_target,False
,,"1760 Joadja Road, Joadja, 2575",Tesla,1,AC,22 kW,-34.40588793,150.2226507,Wingecarribee Shire Council,2575,Existing Destination Chargers,114,Southern Highlands and Shoalhaven,New South Wales,ev_00220,,not_target,,,,,,,,,,,,,,,,,False,,,not_target,False,not_target,False,not_target,False,not_target,False
,,"177-179 Glenayr Ave, Sydney, 2026",Chargefox,1,AC,6 kW,-33.88860365,151.2706987,Waverley Council,2026,Existing Destination Chargers,118,Sydney - Eastern Suburbs,New South Wales,ev_00221,,not_target,,,,,,,,,,,,,,,,,False,,,not_target,False,not_target,False,not_target,False,not_target,False
,,"179 Gillards Rd, Pokolbin, 2320",Exploren,1,AC,22 kW,-32.7640561,151.2915996,Cessnock City Council,2320,Existing Destination Chargers,106,Hunter Valley exc Newcastle,New South Wales,ev_00222,,not_target,,,,,,,,,,,,,,,,,False,,,not_target,False,not_target,False,not_target,False,not_target,False
,,"179 Gordon St, Port Macquarie, 2444",Tesla,2,AC,22 kW,-31.43500005,152.8979429,Port Macquarie-Hastings Council,2444,Existing Destination Chargers,108,Mid North Coast,New South Wales,ev_00223,,not_target,,,,,,,,,,,,,,,,,False,,,not_target,False,not_target,False,not_target,False,not_target,False
,,"18 Alfred St, Dubbo, 2830",Chargefox,3,AC,22 kW,-32.24559064,148.5961001,Dubbo Regional Council,2830,Existing Destination Chargers,105,Far West and Orana,New South Wales,ev_00224,,not_target,,,,,,,,,,,,,,,,,False,,,not_target,False,not_target,False,not_target,False,not_target,False
,,"18 Dandaloo St, Nyngan, NSW 2825, Australia",NRMA,4,DC,75 kW,-32.0506213,150.8667598,Bogan Shire Council,2360,TfNSW Regional,106,Hunter Valley exc Newcastle,New South Wales,ev_00225,"-32.050621,150.866760",review_unresolved,,,,,,,,,,,,,,,,,False,,,unmatched,False,unmatched,False,review_identity,False,unmatched,False
,,"18 Imlay St, Broulee, 2537",Tesla,2,AC,6 kW,-35.85590895,150.1722222,Eurobodalla Shire Council,2537,Existing Destination Chargers,101,Capital Region,New South Wales,ev_00226,,not_target,,,,,,,,,,,,,,,,,False,,,not_target,False,not_target,False,not_target,False,not_target,False
,,"18 Silver St, Sydney, 2031",Chargefox,2,DC,42 kW,-33.91374579,151.2390611,Randwick City Council,2031,Existing Fast Chargers,118,Sydney - Eastern Suburbs,New South Wales,ev_00227,"-33.913746,151.239061",matched,8.47,nearby_identity,node/6965143040,,,Chargefox,CCS Type 2,,yes,,,,,OpenStreetMap contributors,ODbL 1.0; https://www.openstreetmap.org/copyright,https://www.openstreetmap.org/node/6965143040,True,osm,osm,review_identity,False,unmatched,False,review_identity,False,matched,True
,,"18 Station St, Sydney, 2766",Chargefox,8,AC,6 kW,-33.7710541,150.8449039,Blacktown City Council,2766,Existing Destination Chargers,116,Sydney - Blacktown,New South Wales,ev_00228,,not_target,,,,,,,,,,,,,,,,,False,,,not_target,False,not_target,False,not_target,False,not_target,False
,,"18 Victoria Avenue, Castle Hill NSW 2154",Evie,4,DC,50 kW,-33.727803,150.976049,The Hills Shire Council,2154,ARENA - Driving the Nation,115,Sydney - Baulkham Hills and Hawkesbury,New South Wales,ev_00229,"-33.727803,150.976049",matched,2.49,nearby_identity,7191,HomeCo – Castle Hill,18 Victoria Avenue  Castle Hill 2154,Evie Networks,CCS Type 2; CHAdeMO,0.62/kWh + 0.09/kWh (9:00 AM-9:00 PM),,,,,,Evie Networks official station map,Official website; no open-data licence asserted,https://evie.com.au/find-a-charger/,True,evie,evie; ocm; osm,matched,True,unmatched,False,matched,True,matched,True
,,"18 Yango St, Cessnock, 2325",Exploren,4,AC,6 kW,-32.83174379,151.3596797,Cessnock City Council,2325,Existing Destination Chargers,106,Hunter Valley exc Newcastle,New South Wales,ev_00230,,not_target,,,,,,,,,,,,,,,,,False,,,not_target,False,not_target,False,not_target,False,not_target,False
,,"180 Campbell Pde, Sydney, 2026",Tesla,2,AC,22 kW,-33.88896801,151.2759489,Waverley Council,2026,Existing Destination Chargers,118,Sydney - Eastern Suburbs,New South Wales,ev_00231,,not_target,,,,,,,,,,,,,,,,,False,,,not_target,False,not_target,False,not_target,False,not_target,False
,,"180 George St, Sydney, 2150",Chargefox,3,AC,6 kW,-33.81443948,151.0102683,"Parramatta, Council of the City of",2150,Existing Destination Chargers,125,Sydney - Parramatta,New South Wales,ev_00232,,not_target,,,,,,,,,,,,,,,,,False,,,not_target,False,not_target,False,not_target,False,not_target,False
,,"184 Forbes St, Sydney, 2010",Saascharge,2,AC,22 kW,-33.87567272,151.2192843,"Sydney, Council of the City of",2010,Existing Destination Chargers,117,Sydney - City and Inner South,New South Wales,ev_00233,,not_target,,,,,,,,,,,,,,,,,False,,,not_target,False,not_target,False,not_target,False,not_target,False
,,"18-40 Anderson St, Sydney, 2150",Tesla,4,AC,22 kW,-33.82070775,151.0052152,"Parramatta, Council of the City of",2150,Existing Destination Chargers,125,Sydney - Parramatta,New South Wales,ev_00234,,not_target,,,,,,,,,,,,,,,,,False,,,not_target,False,not_target,False,not_target,False,not_target,False
,,"185 O'Riordan St, Sydney, 2020",Exploren,4,AC,6 kW,-33.92697402,151.1864655,Bayside Council,2020,Existing Destination Chargers,117,Sydney - City and Inner South,New South Wales,ev_00235,,not_target,,,,,,,,,,,,,,,,,False,,,not_target,False,not_target,False,not_target,False,not_target,False
,,"185 Princes Hwy, Narooma , 2546",Tesla,8,DC,130 kW,-36.22313618,150.1283463,Eurobodalla Shire Council,2546,Existing Fast Chargers,101,Capital Region,New South Wales,ev_00236,"-36.223136,150.128346",matched,0.03,nearby_identity,109340,Narooma Supercharger,"185 Princes Highway, Narooma",Tesla (including non-tesla),CCS (Type 2),AUD 0.42/kWh;other tariffs for older cars,Public - Membership Required,,4,Operational,2023-08-30T06:15:00Z,Open Charge Map Contributors,Licensed under Creative Commons Attribution 4.0 International (CC BY 4.0),https://openchargemap.org/site/poi/details/109340,True,ocm,ocm; osm,unmatched,False,unmatched,False,matched,True,matched,True
,,"187 Rickard Rd, Leppington, 2179",Chargefox,8,AC,6 kW,-33.95353158,150.8087728,Camden Council,2179,Existing Destination Chargers,127,Sydney - South West,New South Wales,ev_00237,,not_target,,,,,,,,,,,,,,,,,False,,,not_target,False,not_target,False,not_target,False,not_target,False
,,"188 Fernleigh Rd, Wagga Wagga, 2650",Tesla,1,AC,22 kW,-35.13090895,147.3404094,Wagga Wagga City Council,2650,Existing Destination Chargers,113,Riverina,New South Wales,ev_00238,,not_target,,,,,,,,,,,,,,,,,False,,,not_target,False,not_target,False,not_target,False,not_target,False
,,"188 Raglan St, Sydney, 2088",Evie,4,DC,50 kW,-33.83108413,151.2436587,Mosman Municipal Council,2088,Existing Fast Chargers,121,Sydney - North Sydney and Hornsby,New South Wales,ev_00239,"-33.831084,151.243659",matched,0.09,nearby_identity,5360,188 Raglan Street Parking – Mosman,188 Raglan St  Mosman 2088,Evie Networks,CCS Type 2; CHAdeMO,0.62/kWh + 0.09/kWh (9:00 AM-9:00 PM),,,,,,Evie Networks official station map,Official website; no open-data licence asserted,https://evie.com.au/find-a-charger/,True,evie,evie; ocm,matched,True,unmatched,False,matched,True,unmatched,False
,,"189 Newcastle Rd, Newcastle, 2299",ChargeHub,2,AC,22 kW,-32.90549054,151.6911001,Newcastle City Council,2299,Existing Destination Chargers,111,Newcastle and Lake Macquarie,New South Wales,ev_00240,,not_target,,,,,,,,,,,,,,,,,False,,,not_target,False,not_target,False,not_target,False,not_target,False
,,"18A Gould Dr, Lemon Tree Passage, 2319",Exploren,4,AC,6 kW,-32.73360165,152.0336807,Port Stephens Council,2319,Existing Destination Chargers,106,Hunter Valley exc Newcastle,New South Wales,ev_00241,,not_target,,,,,,,,,,,,,,,,,False,,,not_target,False,not_target,False,not_target,False,not_target,False
,,"19 Bourke Rd, Sydney, 2020",Tesla,4,AC,22 kW,-33.9261552,151.187957,Bayside Council,2020,Existing Destination Chargers,117,Sydney - City and Inner South,New South Wales,ev_00242,,not_target,,,,,,,,,,,,,,,,,False,,,not_target,False,not_target,False,not_target,False,not_target,False
,,"19 Buchanan Drive, South West Rocks, 2431",Exploren,2,AC,22 kW,-30.88653058,153.037958,Kempsey Shire Council,2431,Existing Destination Chargers,108,Mid North Coast,New South Wales,ev_00243,,not_target,,,,,,,,,,,,,,,,,False,,,not_target,False,not_target,False,not_target,False,not_target,False
,,"19 Ebsworth St, Redhead, 2290",Exploren,1,AC,22 kW,-33.01271676,151.719038,Lake Macquarie City Council,2290,Existing Destination Chargers,111,Newcastle and Lake Macquarie,New South Wales,ev_00244,,not_target,,,,,,,,,,,,,,,,,False,,,not_target,False,not_target,False,not_target,False,not_target,False
,,"19 Narabang Way, Sydney, 2085",Saascharge,1,AC,11 kW,-33.7073564,151.2121241,Northern Beaches Council,2085,Existing Destination Chargers,122,Sydney - Northern Beaches,New South Wales,ev_00245,,not_target,,,,,,,,,,,,,,,,,False,,,not_target,False,not_target,False,not_target,False,not_target,False
,,"19 Princes Hwy, Figtree NSW 2525, Australia",Tesla,6,DC,175 kW,-34.4366153,150.8632982,Wollongong City Council,2525,Fast Charging R1,107,Illawarra,New South Wales,ev_00246,"-34.436615,150.863298",review_unresolved,,,,,,,,,,,,,,,,,False,,,unmatched,False,unmatched,False,review_identity,False,review_identity,False
,,"1-9 Railway Parade, Kogarah NSW 2217",Evie,4,DC,150 kW,-33.96168115,151.1325903,Georges River Council,2217,ARENA - Driving the Nation,119,Sydney - Inner South West,New South Wales,ev_00247,"-33.961681,151.132590",review_unresolved,,,,,,,,,,,,,,,,,False,,,review_shared_external,False,unmatched,False,unmatched,False,unmatched,False
,,"19 Richmond Rd, Sydney, 2140",JOLT,2,DC,25 kW,-33.86603808,151.0644525,Strathfield,2140,Existing Fast Chargers,120,Sydney - Inner West,New South Wales,ev_00248,"-33.866038,151.064452",matched,5.58,nearby_identity,node/9290610873,,,Jolt,CCS Type 2; CHAdeMO,,yes,,,,,OpenStreetMap contributors,ODbL 1.0; https://www.openstreetmap.org/copyright,https://www.openstreetmap.org/node/9290610873,True,osm,osm,unmatched,False,unmatched,False,review_identity,False,matched,True
,,"19 Windsor Rd, Sydney, 2155",BP,2,DC,75 kW,-33.71274679,150.9591602,The Hills Shire Council,2155,Existing Fast Chargers,115,Sydney - Baulkham Hills and Hawkesbury,New South Wales,ev_00249,"-33.712747,150.959160",review_unresolved,,,,,,,,,,,,,,,,,False,,,unmatched,False,unmatched,False,unmatched,False,unmatched,False
,,"19/287 Victoria Rd, Sydney, 2116",Exploren,5,AC,22 kW,-33.81211216,151.0355095,"Parramatta, Council of the City of",2116,Existing Destination Chargers,125,Sydney - Parramatta,New South Wales,ev_00250,,not_target,,,,,,,,,,,,,,,,,False,,,not_target,False,not_target,False,not_target,False,not_target,False
,,"190 Portland Dr, Cameron Park, 2285",Chargefox,4,AC,6 kW,-32.91601506,151.5977868,Lake Macquarie City Council,2285,Existing Destination Chargers,111,Newcastle and Lake Macquarie,New South Wales,ev_00251,,not_target,,,,,,,,,,,,,,,,,False,,,not_target,False,not_target,False,not_target,False,not_target,False
,,"191 Mitchell Pde, Mollymook Beach, 2539",Tesla,1,AC,22 kW,-35.32272277,150.482015,Shoalhaven City Council,2539,Existing Destination Chargers,114,Southern Highlands and Shoalhaven,New South Wales,ev_00252,,not_target,,,,,,,,,,,,,,,,,False,,,not_target,False,not_target,False,not_target,False,not_target,False
,,"193 George St, Quirindi, 2343",Exploren,2,AC,22 kW,-31.50737342,150.6804785,Liverpool Plains Shire Council,2343,Existing Destination Chargers,110,New England and North West,New South Wales,ev_00253,,not_target,,,,,,,,,,,,,,,,,False,,,not_target,False,not_target,False,not_target,False,not_target,False
,,197-215 Condamine St Balgowlah NSW 2093 Australia,Tesla,6,DC,175 kW,-33.7930342,151.2641426,Northern Beaches Council,2093,Fast Charging R3,122,Sydney - Northern Beaches,New South Wales,ev_00254,"-33.793034,151.264143",review_unresolved,,,,,,,,,,,,,,,,,False,,,unmatched,False,unmatched,False,unmatched,False,review_identity,False
,,"197-215 Condamine St, Sydney, 2093",Tesla,4,AC,22 kW,-33.7931532,151.2641161,Northern Beaches Council,2093,Existing Destination Chargers,122,Sydney - Northern Beaches,New South Wales,ev_00255,,not_target,,,,,,,,,,,,,,,,,False,,,not_target,False,not_target,False,not_target,False,not_target,False
,,"198 Great Western Highway, Hazelbrook, NSW, 2779",Ampol,2,DC,125 kW,-33.7211325,150.4521067,Blue Mountains City Council,2779,ARENA - Driving the Nation,124,Sydney - Outer West and Blue Mountains,New South Wales,ev_00256,"-33.721133,150.452107",matched,66.76,nearby_identity,0000022545,Ampol Foodary Hazelbrook,198 Great Western Highway Hazelbrook 2779,Ampol,CCS 2; CHAdeMO,,,2,,,,Ampol official station locator,Official website; no open-data licence asserted,https://ampcharge.ampol.com.au/find-a-charging-station,True,ampol,ampol; osm,unmatched,False,matched,True,unmatched,False,matched,True
,,"1985 Camden Valley Way, Prestons NSW 2170",Evie,4,DC,150 kW,-33.95224765,150.8557529,Liverpool City Council,2170,ARENA - Driving the Nation,127,Sydney - South West,New South Wales,ev_00257,"-33.952248,150.855753",matched,1.25,nearby_identity,4417,HomeCo – Prestons,1975-1985 Camden Valley Way  Prestons 2170,Evie Networks,CCS Type 2,0.71/kWh + 0.04/kWh (9:00 AM-9:00 PM),,,,,,Evie Networks official station map,Official website; no open-data licence asserted,https://evie.com.au/find-a-charger/,True,evie,evie,matched,True,unmatched,False,unmatched,False,unmatched,False
,,"19A Sirius Rd, Sydney, 2066",Exploren,1,AC,22 kW,-33.81018223,151.1460651,Lane Cove Municipal Council,2066,Existing Destination Chargers,121,Sydney - North Sydney and Hornsby,New South Wales,ev_00258,,not_target,,,,,,,,,,,,,,,,,False,,,not_target,False,not_target,False,not_target,False,not_target,False
,,"1A Bridges Rd, Gerringong, 2534",Exploren,2,AC,6 kW,-34.74244649,150.8315465,"Kiama, The Council of the Municipality of",2534,Existing Destination Chargers,107,Illawarra,New South Wales,ev_00259,,not_target,,,,,,,,,,,,,,,,,False,,,not_target,False,not_target,False,not_target,False,not_target,False
,,"1a Duck St, Sydney, 2144",Tesla,2,AC,22 kW,-33.836954,151.027035,Cumberland Council,2144,Existing Destination Chargers,125,Sydney - Parramatta,New South Wales,ev_00260,,not_target,,,,,,,,,,,,,,,,,False,,,not_target,False,not_target,False,not_target,False,not_target,False
,,1A Keith St Dulwich Hill NSW 2203 Australia,EVE Australia,2,AC,22 kW,-33.9098594,151.141688,Inner West Council,2203,Kerbside Charging R1,120,Sydney - Inner West,New South Wales,ev_00261,,not_target,,,,,,,,,,,,,,,,,False,,,not_target,False,not_target,False,not_target,False,not_target,False
,,"2 Baptist St, Sydney, 2016",Exploren,10,AC,22 kW,-33.89346151,151.2123383,"Sydney, Council of the City of",2016,Existing Destination Chargers,117,Sydney - City and Inner South,New South Wales,ev_00262,,not_target,,,,,,,,,,,,,,,,,False,,,not_target,False,not_target,False,not_target,False,not_target,False
,,"2 Central Ave, Sydney, 2015",Tesla,1,AC,22 kW,-33.89588993,151.1960561,"Sydney, Council of the City of",2015,Existing Destination Chargers,117,Sydney - City and Inner South,New South Wales,ev_00263,,not_target,,,,,,,,,,,,,,,,,False,,,not_target,False,not_target,False,not_target,False,not_target,False
,,"2 Coast Hospital Rd, Sydney, 2036",Evie,2,DC,75 kW,-33.98102507,151.2497087,Randwick City Council,2036,Existing Fast Chargers,118,Sydney - Eastern Suburbs,New South Wales,ev_00264,"-33.981025,151.249709",review_unresolved,,,,,,,,,,,,,,,,,False,,,review_shared_external,False,unmatched,False,unmatched,False,unmatched,False
,,"2 Corkwood Rd, Valla, 2448",BP,2,DC,75 kW,-30.6267528,152.9724735,Nambucca Valley Council,2448,Existing Fast Chargers,108,Mid North Coast,New South Wales,ev_00265,"-30.626753,152.972474",matched,6.2,nearby_identity,node/11495572569,bp pulse,,bp pulse,CCS Type 2; CHAdeMO,,,,,,,OpenStreetMap contributors,ODbL 1.0; https://www.openstreetmap.org/copyright,https://www.openstreetmap.org/node/11495572569,True,osm,osm,unmatched,False,unmatched,False,unmatched,False,matched,True
,,"2 Crofts Ave, Sydney, 2220",Exploren,4,AC,22 kW,-33.96603708,151.1036707,Georges River Council,2220,Existing Destination Chargers,119,Sydney - Inner South West,New South Wales,ev_00266,,not_target,,,,,,,,,,,,,,,,,False,,,not_target,False,not_target,False,not_target,False,not_target,False
,,"2 Cross St, Sydney, 2100",EVUp,1,AC,22 kW,-33.7655586,151.2672142,Northern Beaches Council,2100,Existing Destination Chargers,122,Sydney - Northern Beaches,New South Wales,ev_00267,,not_target,,,,,,,,,,,,,,,,,False,,,not_target,False,not_target,False,not_target,False,not_target,False
,,"2 Hannabus Pl, Windsor, 2756",Exploren,2,DC,60 kW,-33.62676281,150.8353483,Hawkesbury City Council,2756,Existing Fast Chargers,115,Sydney - Baulkham Hills and Hawkesbury,New South Wales,ev_00268,"-33.626763,150.835348",review_unresolved,,,,,,,,,,,,,,,,,False,,,unmatched,False,unmatched,False,unmatched,False,unmatched,False
,,"2 Hector Ct, Sydney, 2155",Chargefox,4,AC,6 kW,-33.71912317,150.9544184,The Hills Shire Council,2155,Existing Destination Chargers,115,Sydney - Baulkham Hills and Hawkesbury,New South Wales,ev_00269,,not_target,,,,,,,,,,,,,,,,,False,,,not_target,False,not_target,False,not_target,False,not_target,False
,,"2 Hercules Street, Murrumbateman, 2582",Evie,2,DC,50 kW,-34.96936041,149.03,Yass Valley Council,2582,Existing Fast Chargers,101,Capital Region,New South Wales,ev_00270,"-34.969360,149.030000",matched,0.05,nearby_identity,7321,Murrumbateman Country Inn – AA009A,"2 Hercules Street, Murrumbateman NSW  Murrumbateman 2582",Evie Networks,CCS Type 2; CHAdeMO,0.60/kWh + 0.09/kWh (7:00 AM-7:00 PM),,,,,,Evie Networks official station map,Official website; no open-data licence asserted,https://evie.com.au/find-a-charger/,True,evie,evie; ocm; osm,matched,True,unmatched,False,matched,True,matched,True
,,"2 Huntley St, Alexandria, 2015",EVX,2,AC,22 kW,-33.9104525,151.1942032,"Sydney, Council of the City of",2015,Existing Destination Chargers,117,Sydney - City and Inner South,New South Wales,ev_00271,,not_target,,,,,,,,,,,,,,,,,False,,,not_target,False,not_target,False,not_target,False,not_target,False
,,"2 John St, Shellharbour, 2529",Chargefox,1,AC,6 kW,-34.5811512,150.8730671,Shellharbour City Council,2529,Existing Destination Chargers,107,Illawarra,New South Wales,ev_00272,,not_target,,,,,,,,,,,,,,,,,False,,,not_target,False,not_target,False,not_target,False,not_target,False
,,"2 Lachlan Valley Way, Cowra, 2794",Non-networked,2,AC,22 kW,-33.83527532,148.6811792,Cowra Shire Council,2794,Existing Destination Chargers,103,Central West,New South Wales,ev_00273,,not_target,,,,,,,,,,,,,,,,,False,,,not_target,False,not_target,False,not_target,False,not_target,False
,,"2 Lachlan Valley Way, Cowra, 2794",Tesla,2,AC,22 kW,-33.83547852,148.6817277,Cowra Shire Council,2794,Existing Destination Chargers,103,Central West,New South Wales,ev_00274,,not_target,,,,,,,,,,,,,,,,,False,,,not_target,False,not_target,False,not_target,False,not_target,False
,,"2 Little St, Sydney, 2066",Exploren,2,AC,22 kW,-33.81389094,151.1707878,Lane Cove Municipal Council,2066,Existing Destination Chargers,121,Sydney - North Sydney and Hornsby,New South Wales,ev_00275,,not_target,,,,,,,,,,,,,,,,,False,,,not_target,False,not_target,False,not_target,False,not_target,False
,,"2 Murray St, Port Macquarie, 2444",Tesla,2,AC,22 kW,-31.42813918,152.9109009,Port Macquarie-Hastings Council,2444,Existing Destination Chargers,108,Mid North Coast,New South Wales,ev_00276,,not_target,,,,,,,,,,,,,,,,,False,,,not_target,False,not_target,False,not_target,False,not_target,False
,,"2 Ocean Dr, Kew, 2439",Tesla,8,DC,250 kW,-31.63426031,152.7250501,Port Macquarie-Hastings Council,2439,Existing Fast Chargers,108,Mid North Coast,New South Wales,ev_00277,"-31.634260,152.725050",matched,13.14,nearby_identity,460617,Kew Tesla Supercharger,"2 Ocean Drive, Kew, 2439",Tesla (including non-tesla),CCS (Type 2),$0.52/kWh - $0.72/kWh,Public - Membership Required,,8,Operational,2025-09-01T05:09:00Z,Open Charge Map Contributors,Licensed under Creative Commons Attribution 4.0 International (CC BY 4.0),https://openchargemap.org/site/poi/details/460617,True,ocm,ocm; osm,unmatched,False,unmatched,False,matched,True,matched,True
,,"2 Perry St, Euston, 2737",NRMA,1,AC,22 kW,-34.57761866,142.7461892,Balranald Shire Council,2737,Existing Destination Chargers,109,Murray,New South Wales,ev_00278,,not_target,,,,,,,,,,,,,,,,,False,,,not_target,False,not_target,False,not_target,False,not_target,False
,,"2 Premier St, Sydney, 2217",JOLT,2,DC,25 kW,-33.96242247,151.1343213,Georges River Council,2217,Existing Fast Chargers,119,Sydney - Inner South West,New South Wales,ev_00279,"-33.962422,151.134321",review_unresolved,,,,,,,,,,,,,,,,,False,,,review_identity,False,unmatched,False,unmatched,False,unmatched,False
,,"2 Quay St, Sydney, 2000",Tesla,6,AC,19 kW,-33.87969174,151.2027187,"Sydney, Council of the City of",2000,Existing Destination Chargers,117,Sydney - City and Inner South,New South Wales,ev_00280,,not_target,,,,,,,,,,,,,,,,,False,,,not_target,False,not_target,False,not_target,False,not_target,False
,,"2 Riddell St, Sydney, 2023",Chargefox,2,DC,40 kW,-33.88578883,151.2573263,Woollahra Municipal Council,2023,Existing Fast Chargers,118,Sydney - Eastern Suburbs,New South Wales,ev_00281,"-33.885789,151.257326",review_unresolved,,,,,,,,,,,,,,,,,False,,,unmatched,False,unmatched,False,unmatched,False,unmatched,False
,,"2 Robsons Rd, Wollongong, 2500",Chargefox,4,AC,22 kW,-34.4040561,150.8745285,Wollongong City Council,2500,Existing Destination Chargers,107,Illawarra,New South Wales,ev_00282,,not_target,,,,,,,,,,,,,,,,,False,,,not_target,False,not_target,False,not_target,False,not_target,False
,,"2 Rosenthal Ave, Lane Cove NSW 2066",Evie,4,DC,50 kW,-33.813936,151.169298,Lane Cove Municipal Council,2066,ARENA - Driving the Nation,121,Sydney - North Sydney and Hornsby,New South Wales,ev_00283,"-33.813936,151.169298",matched,73.1,nearby_identity,6348,The Canopy – Lane Cove,2 Rosenthal Avenue  Lane Cove 2066,Evie Networks,CCS Type 2,0.60/kWh + 0.09/kWh (9:00 AM-9:00 PM),,,,,,Evie Networks official station map,Official website; no open-data licence asserted,https://evie.com.au/find-a-charger/,True,evie,evie; ocm,matched,True,unmatched,False,matched,True,unmatched,False
,,"2 Rosenthal Ave, Sydney, 2066",Tesla,3,AC,19 kW,-33.8137508,151.1687788,Lane Cove Municipal Council,2066,Existing Destination Chargers,121,Sydney - North Sydney and Hornsby,New South Wales,ev_00284,,not_target,,,,,,,,,,,,,,,,,False,,,not_target,False,not_target,False,not_target,False,not_target,False
,,"2 Sentry Dr, Sydney, 2768",Tesla,3,AC,22 kW,-33.71879184,150.9206707,Blacktown City Council,2768,Existing Destination Chargers,116,Sydney - Blacktown,New South Wales,ev_00285,,not_target,,,,,,,,,,,,,,,,,False,,,not_target,False,not_target,False,not_target,False,not_target,False
,,"2 Sentry Dr, Sydney, 2768",Chargefox,4,DC,40 kW,-33.71984389,150.918979,Blacktown City Council,2768,Existing Fast Chargers,116,Sydney - Blacktown,New South Wales,ev_00286,"-33.719844,150.918979",review_unresolved,,,,,,,,,,,,,,,,,False,,,unmatched,False,unmatched,False,unmatched,False,unmatched,False
,,"2 Shepherd St, Ulladulla, 2539",Tesla,3,AC,22 kW,-35.33970075,150.4727307,Shoalhaven City Council,2539,Existing Destination Chargers,114,Southern Highlands and Shoalhaven,New South Wales,ev_00287,,not_target,,,,,,,,,,,,,,,,,False,,,not_target,False,not_target,False,not_target,False,not_target,False
,,"2 Stewart St, Lithgow, 2790",Evie,4,DC,150 kW,-33.48184889,150.1361812,"Lithgow Council, City of",2790,Existing Fast Chargers,103,Central West,New South Wales,ev_00288,"-33.481849,150.136181",matched,0.06,nearby_identity,5904,Hungry Jacks – Lithgow,2 Stewart Street  Bowenfels 2790,Evie Networks,CCS Type 2; CHAdeMO,0.82/kWh,,,,,,Evie Networks official station map,Official website; no open-data licence asserted,https://evie.com.au/find-a-charger/,True,evie,evie,matched,True,unmatched,False,unmatched,False,review_identity,False
,,"2 Stockton St, Nelson Bay, 2315",Chargefox,2,AC,22 kW,-32.72076081,152.1434995,Port Stephens Council,2315,Existing Destination Chargers,106,Hunter Valley exc Newcastle,New South Wales,ev_00289,,not_target,,,,,,,,,,,,,,,,,False,,,not_target,False,not_target,False,not_target,False,not_target,False
,,"2 Ween St, Peak Hill, 2869",Tesla,1,AC,22 kW,-32.72124929,148.1908148,Parkes Shire Council,2869,Existing Destination Chargers,103,Central West,New South Wales,ev_00290,,not_target,,,,,,,,,,,,,,,,,False,,,not_target,False,not_target,False,not_target,False,not_target,False
,,"2 West St, Bermagui, 2546",Tesla,2,AC,17 kW,-36.42591296,150.0634715,Bega Valley Shire Council,2546,Existing Destination Chargers,101,Capital Region,New South Wales,ev_00291,,not_target,,,,,,,,,,,,,,,,,False,,,not_target,False,not_target,False,not_target,False,not_target,False
,,"20 Bay St, Byron Bay, 2481",Tesla,2,AC,6 kW,-28.64166771,153.6146847,Byron Shire Council,2481,Existing Destination Chargers,112,Richmond - Tweed,New South Wales,ev_00292,,not_target,,,,,,,,,,,,,,,,,False,,,not_target,False,not_target,False,not_target,False,not_target,False
,,"20 Bridge St, Sydney, 2073",Chargefox,2,AC,6 kW,-33.75068373,151.1446456,Ku-ring-gai Council,2073,Existing Destination Chargers,121,Sydney - North Sydney and Hornsby,New South Wales,ev_00293,,not_target,,,,,,,,,,,,,,,,,False,,,not_target,False,not_target,False,not_target,False,not_target,False
,,"20 Ocean St, Merewether, NSW 2291",EVX,4,AC,11 kW,-32.94476481,151.7605355,Newcastle City Council,NSW 2291,Existing Destination Chargers,111,Newcastle and Lake Macquarie,New South Wales,ev_00294,,not_target,,,,,,,,,,,,,,,,,False,,,not_target,False,not_target,False,not_target,False,not_target,False
,,"20 Owen St, Sydney, 2761",Chargefox,2,DC,47 kW,-33.75074779,150.8580751,Blacktown City Council,2761,Existing Fast Chargers,116,Sydney - Blacktown,New South Wales,ev_00295,"-33.750748,150.858075",review_unresolved,,,,,,,,,,,,,,,,,False,,,unmatched,False,unmatched,False,unmatched,False,unmatched,False
,,"20 Park St, Port Macquarie, 2444",Tesla,2,AC,22 kW,-31.42759564,152.8975035,Port Macquarie-Hastings Council,2444,Existing Destination Chargers,108,Mid North Coast,New South Wales,ev_00296,,not_target,,,,,,,,,,,,,,,,,False,,,not_target,False,not_target,False,not_target,False,not_target,False
,,"20 Phoenix Street, Sydney, 2066",Exploren,1,AC,22 kW,-33.81394499,151.1723493,Lane Cove Municipal Council,2066,Existing Destination Chargers,121,Sydney - North Sydney and Hornsby,New South Wales,ev_00297,,not_target,,,,,,,,,,,,,,,,,False,,,not_target,False,not_target,False,not_target,False,not_target,False
,,"20 Smidmore St, Marrickville NSW 2204",Evie,4,DC,50 kW,-33.907982,151.170899,Inner West Council,2204,ARENA - Driving the Nation,117,Sydney - City and Inner South,New South Wales,ev_00298,"-33.907982,151.170899",matched,119.0,nearby_identity,6698,Marrickville Metro,20 Smidmore St  Marrickville 2204,Evie Networks,CCS Type 2; CHAdeMO,0.62/kWh + 0.09/kWh (9:00 AM-9:00 PM),,,,,,Evie Networks official station map,Official website; no open-data licence asserted,https://evie.com.au/find-a-charger/,True,evie,evie,matched,True,unmatched,False,review_identity,False,unmatched,False
,,"20 Wentworth St, Sydney, 2142",Tesla,2,AC,19 kW,-33.83269174,151.0215005,"Parramatta, Council of the City of",2142,Existing Destination Chargers,125,Sydney - Parramatta,New South Wales,ev_00299,,not_target,,,,,,,,,,,,,,,,,False,,,not_target,False,not_target,False,not_target,False,not_target,False
,,"200 Crown St, Wollongong NSW 2500",Evie,4,DC,50 kW,-34.423975,150.892316,Wollongong City Council,2500,ARENA - Driving the Nation,107,Illawarra,New South Wales,ev_00300,"-34.423975,150.892316",matched,0.03,nearby_identity,5875,Wollongong Central Shopping Centre,Regent St  Wollongong 2500,Evie Networks,CCS Type 2; CHAdeMO,0.62/kWh + 0.09/kWh (9:00 AM-9:00 PM),,,,,,Evie Networks official station map,Official website; no open-data licence asserted,https://evie.com.au/find-a-charger/,True,evie,evie; ocm,matched,True,unmatched,False,matched,True,unmatched,False
,,"200 Gilchrist Drive, Sydney, 2560",Tesla,2,AC,22 kW,-34.07462967,150.7968068,Campbelltown City Council,2560,Existing Destination Chargers,123,Sydney - Outer South West,New South Wales,ev_00301,,not_target,,,,,,,,,,,,,,,,,False,,,not_target,False,not_target,False,not_target,False,not_target,False
,,"200 Horderns Rd, Bowral, 2576",Tesla,1,AC,8 kW,-34.49912817,150.4813033,Wingecarribee Shire Council,2576,Existing Destination Chargers,114,Southern Highlands and Shoalhaven,New South Wales,ev_00302,,not_target,,,,,,,,,,,,,,,,,False,,,not_target,False,not_target,False,not_target,False,not_target,False
,,"201 Manning River Drive, Taree, 2430",Evie,4,DC,150 kW,-31.94333438,152.4706146,Mid-Coast Council,2430,Existing Fast Chargers,108,Mid North Coast,New South Wales,ev_00303,"-31.943334,152.470615",matched,2.46,nearby_identity,6772,Taree South Service Centre,201 Manning River Drive  Glenthrone 2430,Evie Networks,CCS Type 2; CHAdeMO,0.79/kWh,,,,,,Evie Networks official station map,Official website; no open-data licence asserted,https://evie.com.au/find-a-charger/,True,evie,evie; ocm; osm,matched,True,unmatched,False,matched,True,matched,True
,,"201 Sloane St, Goulburn , 2580",Tesla,16,DC,130 kW,-34.75552357,149.720998,Goulburn Mulwaree Council,2580,Existing Fast Chargers,101,Capital Region,New South Wales,ev_00304,"-34.755524,149.720998",matched,8.26,nearby_identity,79851,Goulburn Supercharger [Tesla],"201 Sloan St, Goulburn",Tesla (Tesla-only charging),CCS (Type 2),$0.52/kWh,Public - Membership Required,,8,Operational,2021-12-19T02:14:00Z,Open Charge Map Contributors,Licensed under Creative Commons Attribution 4.0 International (CC BY 4.0),https://openchargemap.org/site/poi/details/79851,True,ocm,ocm; osm,unmatched,False,unmatched,False,matched,True,matched,True
,,"201 Sussex St, Sydney, 2000",Chargefox,2,AC,22 kW,-33.871959,151.2039029,"Sydney, Council of the City of",2000,Existing Destination Chargers,117,Sydney - City and Inner South,New South Wales,ev_00305,,not_target,,,,,,,,,,,,,,,,,False,,,not_target,False,not_target,False,not_target,False,not_target,False
,,20-22 Camden Rd Campbelltown NSW 2560 Australia,Tesla,12,DC,175 kW,-34.0725934,150.8078816,Campbelltown City Council,2560,Fast Charging R1,123,Sydney - Outer South West,New South Wales,ev_00306,"-34.072593,150.807882",review_unresolved,,,,,,,,,,,,,,,,,False,,,review_identity,False,unmatched,False,review_shared_external,False,review_identity,False
,,"203 Victoria St, Potts Point, 2011",Tesla,4,AC,6 kW,-33.87458063,151.2218569,"Sydney, Council of the City of",2011,Existing Destination Chargers,117,Sydney - City and Inner South,New South Wales,ev_00307,,not_target,,,,,,,,,,,,,,,,,False,,,not_target,False,not_target,False,not_target,False,not_target,False
,,"2032 Camden Valley Way, Sydney, 2174",Exploren,8,AC,22 kW,-33.95508313,150.8622653,Liverpool City Council,2174,Existing Destination Chargers,127,Sydney - South West,New South Wales,ev_00308,,not_target,,,,,,,,,,,,,,,,,False,,,not_target,False,not_target,False,not_target,False,not_target,False
,,"205 Kelly St, Scone, 2337",Tesla,2,AC,22 kW,-32.05161266,150.8670891,Upper Hunter Shire Council,2337,Existing Destination Chargers,106,Hunter Valley exc Newcastle,New South Wales,ev_00309,,not_target,,,,,,,,,,,,,,,,,False,,,not_target,False,not_target,False,not_target,False,not_target,False
,,"205 Old Hume Hwy, Mittagong, 2575",Evie,4,DC,150 kW,-34.44672777,150.436991,Wingecarribee Shire Council,2575,Existing Fast Chargers,114,Southern Highlands and Shoalhaven,New South Wales,ev_00310,"-34.446728,150.436991",matched,0.11,nearby_identity,4336,Highlands Hub – Mittagong,205 Old Hume Hwy  Mittagong 2575,Evie Networks,CCS Type 2,0.79/kWh,,,,,,Evie Networks official station map,Official website; no open-data licence asserted,https://evie.com.au/find-a-charger/,True,evie,evie; osm,matched,True,unmatched,False,unmatched,False,matched,True
,,"205 O'Riordan St, Sydney, 2020",Tesla,4,AC,22 kW,-33.927953,151.1871321,Bayside Council,2020,Existing Destination Chargers,117,Sydney - City and Inner South,New South Wales,ev_00311,,not_target,,,,,,,,,,,,,,,,,False,,,not_target,False,not_target,False,not_target,False,not_target,False
,,"2072 Camden Valley Way, Edmondson Park, NSW, 2174",Ampol,2,DC,125 kW,-33.9558559,150.8648944,Liverpool City Council,2174,ARENA - Driving the Nation,127,Sydney - South West,New South Wales,ev_00312,"-33.955856,150.864894",matched,90.8,nearby_identity,0000028491,Ampol Foodary Edmondson Park,2072 Camden Valley Way Edmondson Park 2174,Ampol,CCS 2; CHAdeMO,,,2,,,,Ampol official station locator,Official website; no open-data licence asserted,https://ampcharge.ampol.com.au/find-a-charging-station,True,ampol,ampol,unmatched,False,matched,True,unmatched,False,review_identity,False
,,"2090 Broke Rd, Pokolbin, 2320",NRMA,4,DC,75 kW,-32.77342947,151.2982713,Cessnock City Council,2320,Existing Fast Chargers,106,Hunter Valley exc Newcastle,New South Wales,ev_00313,"-32.773429,151.298271",review_unresolved,,,,,,,,,,,,,,,,,False,,,unmatched,False,unmatched,False,unmatched,False,unmatched,False
,,"21 Alice St, Moree, 2400",Tesla,2,AC,19 kW,-29.47081786,149.847045,Moree Plains Shire Council,2400,Existing Destination Chargers,110,New England and North West,New South Wales,ev_00314,,not_target,,,,,,,,,,,,,,,,,False,,,not_target,False,not_target,False,not_target,False,not_target,False
,,"21 Ayrshire Cres, Newcastle, 2304",EVUp,2,AC,23 kW,-32.87689894,151.7117558,Newcastle City Council,2304,Existing Destination Chargers,111,Newcastle and Lake Macquarie,New South Wales,ev_00315,,not_target,,,,,,,,,,,,,,,,,False,,,not_target,False,not_target,False,not_target,False,not_target,False
,,"21 Church St, Sydney, 2112",Exploren,1,AC,22 kW,-33.81449254,151.1046486,"Ryde, Council of the City of",2112,Existing Destination Chargers,126,Sydney - Ryde,New South Wales,ev_00316,,not_target,,,,,,,,,,,,,,,,,False,,,not_target,False,not_target,False,not_target,False,not_target,False
,,"21 Combo St, Goolgowi, 2652",Exploren,4,AC,22 kW,-33.97943248,145.7069419,Carrathool Shire Council,2652,Existing Destination Chargers,113,Riverina,New South Wales,ev_00317,,not_target,,,,,,,,,,,,,,,,,False,,,not_target,False,not_target,False,not_target,False,not_target,False
,,"21 Hague Ave, Albury, 2640",Exploren,1,AC,22 kW,-36.06470575,146.9342242,Albury City Council,2640,Existing Destination Chargers,109,Murray,New South Wales,ev_00318,,not_target,,,,,,,,,,,,,,,,,False,,,not_target,False,not_target,False,not_target,False,not_target,False
,,"21 Morgo St, Urunga, 2455",EVX,2,AC,22 kW,-30.49581986,153.022,Bellingen Shire Council,2455,Existing Destination Chargers,104,Coffs Harbour - Grafton,New South Wales,ev_00319,,not_target,,,,,,,,,,,,,,,,,False,,,not_target,False,not_target,False,not_target,False,not_target,False
,,"21 Roselands Ave, Sydney, 2196",Exploren,2,AC,22 kW,-33.93547052,151.0714184,Canterbury Bankstown Council,2196,Existing Destination Chargers,119,Sydney - Inner South West,New South Wales,ev_00320,,not_target,,,,,,,,,,,,,,,,,False,,,not_target,False,not_target,False,not_target,False,not_target,False
,,"2-10 Wentworth St, Sydney, 2150",Exploren,6,AC,22 kW,-33.81921626,151.0047057,"Parramatta, Council of the City of",2150,Existing Destination Chargers,125,Sydney - Parramatta,New South Wales,ev_00321,,not_target,,,,,,,,,,,,,,,,,False,,,not_target,False,not_target,False,not_target,False,not_target,False
,,"211 Lake Entrance Rd, Shellharbour City Centre, 2529",Tesla,4,AC,6 kW,-34.56390495,150.8381191,Shellharbour City Council,2529,Existing Destination Chargers,107,Illawarra,New South Wales,ev_00322,,not_target,,,,,,,,,,,,,,,,,False,,,not_target,False,not_target,False,not_target,False,not_target,False
,,"211 Lake Entrance Rd, Shellharbour City Centre, 2529",Ampol,10,DC,150 kW,-34.56639944,150.8394074,Shellharbour City Council,2529,Existing Fast Chargers,107,Illawarra,New South Wales,ev_00323,"-34.566399,150.839407",matched,442.48,exact_address_within_500m,0000025118,AmpCharge Shellharbour Shopping Centre,211 Lake Entrance Rd Shellharbour City Centre 2529,Ampol,CCS 2,,,10,,,,Ampol official station locator,Official website; no open-data licence asserted,https://ampcharge.ampol.com.au/find-a-charging-station,True,ampol,ampol,unmatched,False,matched,True,review_identity,False,review_identity,False
,,"2-110 Ben Boyd Pde, Boydtown, 2551",Exploren,1,AC,22 kW,-37.11146251,149.8802072,Bega Valley Shire Council,2551,Existing Destination Chargers,101,Capital Region,New South Wales,ev_00324,,not_target,,,,,,,,,,,,,,,,,False,,,not_target,False,not_target,False,not_target,False,not_target,False
,,"2-14 Cliff Rd, Wollongong, 2500",Tesla,4,AC,22 kW,-34.41458363,150.9002392,Wollongong City Council,2500,Existing Destination Chargers,107,Illawarra,New South Wales,ev_00325,,not_target,,,,,,,,,,,,,,,,,False,,,not_target,False,not_target,False,not_target,False,not_target,False
,,"2197 Giinagay Way, Nambucca Heads, 2448",Tesla,2,AC,22 kW,-30.65431636,152.986997,Nambucca Valley Council,2448,Existing Destination Chargers,108,Mid North Coast,New South Wales,ev_00326,,not_target,,,,,,,,,,,,,,,,,False,,,not_target,False,not_target,False,not_target,False,not_target,False
,,"22 Buchanan St, Kandos, 2848",Tesla,1,AC,22 kW,-32.86006011,149.9730971,Mid-Western Regional Council,2848,Existing Destination Chargers,103,Central West,New South Wales,ev_00327,,not_target,,,,,,,,,,,,,,,,,False,,,not_target,False,not_target,False,not_target,False,not_target,False
,,"22 Carillon St, Camperdown, 2042",EVX,2,AC,22 kW,-33.89123228,151.1868509,"Sydney, Council of the City of",2042,Existing Destination Chargers,117,Sydney - City and Inner South,New South Wales,ev_00328,,not_target,,,,,,,,,,,,,,,,,False,,,not_target,False,not_target,False,not_target,False,not_target,False
,,"22 Cook Ln, Sydney, 2223",JOLT,2,DC,25 kW,-33.9701502,151.0801331,Georges River Council,2223,Existing Fast Chargers,119,Sydney - Inner South West,New South Wales,ev_00329,"-33.970150,151.080133",review_unresolved,,,,,,,,,,,,,,,,,False,,,unmatched,False,unmatched,False,unmatched,False,unmatched,False
,,"22 Giffnock Ave, Sydney, 2113",Exploren,1,AC,22 kW,-33.78299204,151.1227908,"Ryde, Council of the City of",2113,Existing Destination Chargers,126,Sydney - Ryde,New South Wales,ev_00330,,not_target,,,,,,,,,,,,,,,,,False,,,not_target,False,not_target,False,not_target,False,not_target,False
,,"220 Taren Point Rd, Caringbah NSW 2229",Evie,4,DC,75 kW,-34.02927306,151.1220736,Sutherland Shire Council,2229,ARENA - Driving the Nation,128,Sydney - Sutherland,New South Wales,ev_00331,"-34.029273,151.122074",matched,32.4,nearby_identity,4411,HomeCo – Caringbah,220 Taren Point Rd  Caringbah 2229,Evie Networks,CCS Type 2,0.60/kWh + 0.09/kWh (9:00 AM-9:00 PM),,,,,,Evie Networks official station map,Official website; no open-data licence asserted,https://evie.com.au/find-a-charger/,True,evie,evie,matched,True,unmatched,False,unmatched,False,review_identity,False
,,"221 Wolseley St, Jamisontown NSW 2750",Evie,4,DC,350 kW,-33.770295,150.673823,Penrith City Council,2614,ARENA - Driving the Nation,124,Sydney - Outer West and Blue Mountains,New South Wales,ev_00332,"-33.770295,150.673823",review_unresolved,,,,,,,,,,,,,,,,,False,,,review_identity,False,unmatched,False,review_identity,False,unmatched,False
,,"22-24 Park Ave, Sydney, 2134",JOLT,2,DC,25 kW,-33.87384989,151.1019449,Burwood Council,2134,Existing Fast Chargers,120,Sydney - Inner West,New South Wales,ev_00333,"-33.873850,151.101945",review_unresolved,,,,,,,,,,,,,,,,,False,,,unmatched,False,unmatched,False,unmatched,False,unmatched,False
,,"224 Princes Hwy, Wollongong, 2519",BP,2,DC,75 kW,-34.40332537,150.8914635,Wollongong City Council,2519,Existing Fast Chargers,107,Illawarra,New South Wales,ev_00334,"-34.403325,150.891463",matched,37.93,nearby_identity,273425,Fairy Meadow [bp pulse],"224 Princes Hwy, Fairy Meadow, 2519",BP Pulse (AU),CCS (Type 2),55c/kWh,Public - Membership Required,,2,Operational,2023-08-09T11:24:00Z,Open Charge Map Contributors,Licensed under Creative Commons Attribution 4.0 International (CC BY 4.0),https://openchargemap.org/site/poi/details/273425,True,ocm,ocm; osm,unmatched,False,unmatched,False,matched,True,matched,True
,,"224 Prospect Hwy, Seven Hills NSW 2147",Evie,4,DC,150 kW,-33.77578997,150.9330864,Cumberland Council,2147,ARENA - Driving the Nation,116,Sydney - Blacktown,New South Wales,ev_00335,"-33.775790,150.933086",matched,1.73,nearby_identity,7260,Seven Hills Plaza,224 Prospect Hwy  Seven Hills 2147,Evie Networks,CCS Type 2,0.70/kWh + 0.05/kWh (9:00 AM-9:00 PM),,,,,,Evie Networks official station map,Official website; no open-data licence asserted,https://evie.com.au/find-a-charger/,True,evie,evie; osm,matched,True,unmatched,False,unmatched,False,matched,True
,,"224 Railway Pde, Sydney, 2166",Tesla,2,AC,19 kW,-33.89670075,150.938,Fairfield City Council,2166,Existing Destination Chargers,127,Sydney - South West,New South Wales,ev_00336,,not_target,,,,,,,,,,,,,,,,,False,,,not_target,False,not_target,False,not_target,False,not_target,False
,,"225 George St, Sydney, 2000",Chargestar,4,AC,22 kW,-33.86213918,151.2072993,"Sydney, Council of the City of",2000,Existing Destination Chargers,117,Sydney - City and Inner South,New South Wales,ev_00337,,not_target,,,,,,,,,,,,,,,,,False,,,not_target,False,not_target,False,not_target,False,not_target,False
,,"225 George St, Sydney, 2000",Saascharge,4,AC,22 kW,-33.86262867,151.2072362,"Sydney, Council of the City of",2000,Existing Destination Chargers,117,Sydney - City and Inner South,New South Wales,ev_00338,,not_target,,,,,,,,,,,,,,,,,False,,,not_target,False,not_target,False,not_target,False,not_target,False
,,"2260 Camden Valley Way, Sydney, 2170",JOLT,2,DC,25 kW,-33.95800605,150.8864635,Liverpool City Council,2170,Existing Fast Chargers,127,Sydney - South West,New South Wales,ev_00339,"-33.958006,150.886463",review_unresolved,,,,,,,,,,,,,,,,,False,,,unmatched,False,unmatched,False,unmatched,False,review_shared_external,False
,,"2260 Camden Valley Way, Sydney, 2170",JOLT,2,DC,25 kW,-33.9581552,150.8866296,Liverpool City Council,2170,Existing Fast Chargers,127,Sydney - South West,New South Wales,ev_00340,"-33.958155,150.886630",review_unresolved,,,,,,,,,,,,,,,,,False,,,unmatched,False,unmatched,False,unmatched,False,review_shared_external,False
,,"227 Railway Terrace, Schofields NSW 2762",Evie,4,DC,50 kW,-33.705677,150.876075,Blacktown City Council,2762,ARENA - Driving the Nation,116,Sydney - Blacktown,New South Wales,ev_00341,"-33.705677,150.876075",matched,11.57,nearby_identity,3847,Schofields Village,227 Railway Terrace  Schofields 2762,Evie Networks,CCS Type 2,0.60/kWh + 0.09/kWh (9:00 AM-9:00 PM),,,,,,Evie Networks official station map,Official website; no open-data licence asserted,https://evie.com.au/find-a-charger/,True,evie,evie; ocm,matched,True,unmatched,False,matched,True,unmatched,False
,,"228-234 Pacific Hwy, Swansea NSW, 2281",Everty,2,DC,25 kW,-33.09176581,151.6374214,Lake Macquarie City Council,2281,Existing Fast Chargers,111,Newcastle and Lake Macquarie,New South Wales,ev_00342,"-33.091766,151.637421",review_unresolved,,,,,,,,,,,,,,,,,False,,,review_identity,False,unmatched,False,unmatched,False,unmatched,False
,,"2285 Pacific Hwy, Heatherbrae, 2324",Tesla,12,DC,130 kW,-32.78729434,151.7283534,Port Stephens Council,2324,Existing Fast Chargers,106,Hunter Valley exc Newcastle,New South Wales,ev_00343,"-32.787294,151.728353",matched,83.66,nearby_identity,79490,Heatherbrae Supercharger [Tesla],"2285 Pacific Highway, Heatherbrae, 2324",Tesla (Tesla-only charging),CCS (Type 2),$0.52/kWh,Public - Membership Required,,6,Operational,2021-12-19T02:07:00Z,Open Charge Map Contributors,Licensed under Creative Commons Attribution 4.0 International (CC BY 4.0),https://openchargemap.org/site/poi/details/79490,True,ocm,ocm; osm,unmatched,False,unmatched,False,matched,True,matched,True
,,"22A Clovelly Rd, Sydney, 2031",Exploren,1,AC,22 kW,-33.90363668,151.2426326,Randwick City Council,2031,Existing Destination Chargers,118,Sydney - Eastern Suburbs,New South Wales,ev_00344,,not_target,,,,,,,,,,,,,,,,,False,,,not_target,False,not_target,False,not_target,False,not_target,False
,,"23 Morwick St, Sydney, 2135",Exploren,1,AC,6 kW,-33.87470775,151.0949499,Burwood Council,2135,Existing Destination Chargers,120,Sydney - Inner West,New South Wales,ev_00345,,not_target,,,,,,,,,,,,,,,,,False,,,not_target,False,not_target,False,not_target,False,not_target,False
,,"23 Roma Ave, Sydney, 2033",Exploren,1,AC,22 kW,-33.91371376,151.2242913,Randwick City Council,2033,Existing Destination Chargers,118,Sydney - Eastern Suburbs,New South Wales,ev_00346,,not_target,,,,,,,,,,,,,,,,,False,,,not_target,False,not_target,False,not_target,False,not_target,False
,,"230 Arden St, Sydney, 2034",JOLT,2,DC,50 kW,-33.92159464,151.2565566,Randwick City Council,2034,Existing Fast Chargers,118,Sydney - Eastern Suburbs,New South Wales,ev_00347,"-33.921595,151.256557",review_unresolved,,,,,,,,,,,,,,,,,False,,,unmatched,False,unmatched,False,unmatched,False,unmatched,False
,,"23-25 Oxley St, Taree, 2430",Tesla,2,AC,22 kW,-31.90289194,152.4773714,Mid-Coast Council,2430,Existing Destination Chargers,108,Mid North Coast,New South Wales,ev_00348,,not_target,,,,,,,,,,,,,,,,,False,,,not_target,False,not_target,False,not_target,False,not_target,False
,,"233 Wharf Rd, Newcastle, 2300",Chargefox,4,AC,22 kW,-32.92590895,151.778968,Newcastle City Council,2300,Existing Destination Chargers,111,Newcastle and Lake Macquarie,New South Wales,ev_00349,,not_target,,,,,,,,,,,,,,,,,False,,,not_target,False,not_target,False,not_target,False,not_target,False
,,"2352 George Bass Dr, Broulee, 2537",Tesla,1,AC,22 kW,-35.8426527,150.167026,Eurobodalla Shire Council,2537,Existing Destination Chargers,101,Capital Region,New South Wales,ev_00350,,not_target,,,,,,,,,,,,,,,,,False,,,not_target,False,not_target,False,not_target,False,not_target,False
,,"235-285 New South Head Rd, Sydney, 2027",Exploren,4,AC,6 kW,-33.87953158,151.2364865,Woollahra Municipal Council,2027,Existing Destination Chargers,118,Sydney - Eastern Suburbs,New South Wales,ev_00351,,not_target,,,,,,,,,,,,,,,,,False,,,not_target,False,not_target,False,not_target,False,not_target,False
,,"2398 Pacific Hwy, Heatherbrae, 2324",BP,2,DC,75 kW,-32.78334139,151.7370591,Port Stephens Council,2324,Existing Fast Chargers,106,Hunter Valley exc Newcastle,New South Wales,ev_00352,"-32.783341,151.737059",matched,7.18,nearby_identity,node/10647829948,,,BP Pulse,CCS Type 2; CHAdeMO,,,,,,,OpenStreetMap contributors,ODbL 1.0; https://www.openstreetmap.org/copyright,https://www.openstreetmap.org/node/10647829948,True,osm,osm,unmatched,False,unmatched,False,unmatched,False,matched,True
,,"23A Roylston Street, Sydney, 2021",Exploren,1,AC,22 kW,-33.88178283,151.2333283,Woollahra Municipal Council,2021,Existing Destination Chargers,118,Sydney - Eastern Suburbs,New South Wales,ev_00353,,not_target,,,,,,,,,,,,,,,,,False,,,not_target,False,not_target,False,not_target,False,not_target,False
,,"24 Cooper St, Macksville, 2447",Evie,4,DC,350 kW,-30.71023028,152.9197698,Nambucca Valley Council,2447,Existing Fast Chargers,108,Mid North Coast,New South Wales,ev_00354,"-30.710230,152.919770",matched,0.11,nearby_identity,3565,Ampol Foodary – Macksville,24 Cooper St  Macksville 2447,Evie Networks,CCS Type 2; CHAdeMO,0.85/kWh,,,,,,Evie Networks official station map,Official website; no open-data licence asserted,https://evie.com.au/find-a-charger/,True,evie,evie; ocm; osm,matched,True,unmatched,False,matched,True,matched,True
,,"24 Golf Pl, Wollongong, 2502",Exploren,4,AC,22 kW,-34.50783388,150.8782412,Wollongong City Council,2502,Existing Destination Chargers,107,Illawarra,New South Wales,ev_00355,,not_target,,,,,,,,,,,,,,,,,False,,,not_target,False,not_target,False,not_target,False,not_target,False
,,"24 Princes Hwy, Ulladulla, 2539",Tesla,2,AC,17 kW,-35.34620125,150.4702222,Shoalhaven City Council,2539,Existing Destination Chargers,114,Southern Highlands and Shoalhaven,New South Wales,ev_00356,,not_target,,,,,,,,,,,,,,,,,False,,,not_target,False,not_target,False,not_target,False,not_target,False
,,"24 Sallys Corner Rd, Exeter , 2579",Tesla,6,DC,250 kW,-34.60929234,150.2297688,Wingecarribee Shire Council,2579,Existing Fast Chargers,114,Southern Highlands and Shoalhaven,New South Wales,ev_00357,"-34.609292,150.229769",matched,8.48,nearby_identity,266620,Exeter Supercharger,"Sallys Corner Rd, Exeter, 2579",Tesla (Tesla-only charging),CCS (Type 2),$0.66/kWh,Public - Membership Required,,6,Operational,2023-06-08T12:43:00Z,Open Charge Map Contributors,Licensed under Creative Commons Attribution 4.0 International (CC BY 4.0),https://openchargemap.org/site/poi/details/266620,True,ocm,ocm; osm,review_identity,False,unmatched,False,matched,True,matched,True
,,"240 Hillsborough Rd, Warners Bay NSW 2282",Evie,4,DC,150 kW,-32.96354505,151.6617414,Lake Macquarie City Council,2282,ARENA - Driving the Nation,111,Newcastle and Lake Macquarie,New South Wales,ev_00358,"-32.963545,151.661741",matched,7.62,nearby_identity,7316,Warners Bay Grove,240 Hillsborough Rd  Warners Bay 2282,Evie Networks,CCS Type 2,0.71/kWh + 0.04/kWh (9:00 AM-9:00 PM),,,,,,Evie Networks official station map,Official website; no open-data licence asserted,https://evie.com.au/find-a-charger/,True,evie,evie,matched,True,unmatched,False,unmatched,False,unmatched,False
,,"241 Keen St, Lismore, 2480",Tesla,2,AC,11 kW,-28.81323828,153.2754755,Lismore City Council,2480,Existing Destination Chargers,112,Richmond - Tweed,New South Wales,ev_00359,,not_target,,,,,,,,,,,,,,,,,False,,,not_target,False,not_target,False,not_target,False,not_target,False
,,"241 Waterworth Dr, Mount Annan NSW 2567, Australia",Viva Energy Australia,4,DC,175 kW,-34.049425,150.7603383,Camden Council,2567,Fast Charging R2,123,Sydney - Outer South West,New South Wales,ev_00360,"-34.049425,150.760338",review_unresolved,,,,,,,,,,,,,,,,,False,,,unmatched,False,unmatched,False,unmatched,False,review_identity,False
,,"242 Arden St, Sydney, 2034",Tesla,2,AC,22 kW,-33.92219424,151.2558779,Randwick City Council,2034,Existing Destination Chargers,118,Sydney - Eastern Suburbs,New South Wales,ev_00361,,not_target,,,,,,,,,,,,,,,,,False,,,not_target,False,not_target,False,not_target,False,not_target,False
,,"24-28 Burns Bay Rd, Sydney, 2066",Exploren,4,AC,6 kW,-33.81524529,151.1691802,Lane Cove Municipal Council,2066,Existing Destination Chargers,121,Sydney - North Sydney and Hornsby,New South Wales,ev_00362,,not_target,,,,,,,,,,,,,,,,,False,,,not_target,False,not_target,False,not_target,False,not_target,False
,,"243 Liverpool St, Sydney, 2010",Saascharge,2,AC,11 kW,-33.87752357,151.2151131,"Sydney, Council of the City of",2010,Existing Destination Chargers,117,Sydney - City and Inner South,New South Wales,ev_00363,,not_target,,,,,,,,,,,,,,,,,False,,,not_target,False,not_target,False,not_target,False,not_target,False
,,"24-42 King Georges Rd, Sydney, 2195",BP,2,DC,75 kW,-33.91960065,151.0668519,Canterbury Bankstown Council,2195,Existing Fast Chargers,119,Sydney - Inner South West,New South Wales,ev_00364,"-33.919601,151.066852",matched,27.39,nearby_identity,273436,Wiley Park [bp pulse],"24-42 King Georges Road, Wiley Park, 2195",BP Pulse (AU),CCS (Type 2); CHAdeMO,55c/kWh,Public - Membership Required,,1,Operational,2023-08-09T12:50:00Z,Open Charge Map Contributors,Licensed under Creative Commons Attribution 4.0 International (CC BY 4.0),https://openchargemap.org/site/poi/details/273436,True,ocm,ocm; osm,unmatched,False,unmatched,False,matched,True,matched,True
,,"2457 Broke Rd, Pokolbin, 2320",Tesla,1,AC,22 kW,-32.7757598,151.3382833,Cessnock City Council,2320,Existing Destination Chargers,106,Hunter Valley exc Newcastle,New South Wales,ev_00365,,not_target,,,,,,,,,,,,,,,,,False,,,not_target,False,not_target,False,not_target,False,not_target,False
,,"247 Belmore Rd, Riverwood NSW 2210",Evie,4,DC,75 kW,-33.952562,151.05103,Georges River Council,2210,ARENA - Driving the Nation,119,Sydney - Inner South West,New South Wales,ev_00366,"-33.952562,151.051030",matched,0.03,nearby_identity,7719,Riverwood Plaza,247 Belmore Rd  Riverwood 2210,Evie Networks,CCS Type 2; CHAdeMO,0.60/kWh + 0.09/kWh (9:00 AM-9:00 PM),,,,,,Evie Networks official station map,Official website; no open-data licence asserted,https://evie.com.au/find-a-charger/,True,evie,evie,matched,True,unmatched,False,unmatched,False,unmatched,False
,,"25 Ashburner St, Sydney, 2095",Exploren,1,AC,22 kW,-33.80041046,151.2888599,Northern Beaches Council,2095,Existing Destination Chargers,122,Sydney - Northern Beaches,New South Wales,ev_00367,,not_target,,,,,,,,,,,,,,,,,False,,,not_target,False,not_target,False,not_target,False,not_target,False
,,"25 Childe St, Byron Bay , NSW 2481",EVX,2,AC,22 kW,-28.63430035,153.598952,Byron Shire Council,NSW 2481,Existing Destination Chargers,112,Richmond - Tweed,New South Wales,ev_00368,,not_target,,,,,,,,,,,,,,,,,False,,,not_target,False,not_target,False,not_target,False,not_target,False
,,"25 Frenchs Forest Rd E, Frenchs Forest NSW 2086",Evie,4,DC,150 kW,-33.75133669,151.2434692,Northern Beaches Council,2086,ARENA - Driving the Nation,122,Sydney - Northern Beaches,New South Wales,ev_00369,"-33.751337,151.243469",matched,13.54,nearby_identity,7713,Allambie Grove Business Park – Frenchs Forest,25 Frenchs Forest Rd E  Frenchs Forest 2086,Evie Networks,CCS Type 2,0.73/kWh + 0.04/kWh (9:00 AM-9:00 PM),,,,,,Evie Networks official station map,Official website; no open-data licence asserted,https://evie.com.au/find-a-charger/,True,evie,evie; ocm,matched,True,unmatched,False,matched,True,unmatched,False
,,"250 Comur St, Yass, 2582",Chargefox,4,DC,47 kW,-34.84551056,148.9151892,Yass Valley Council,2582,Existing Fast Chargers,101,Capital Region,New South Wales,ev_00370,"-34.845511,148.915189",matched,43.75,nearby_identity,307990,Woolworths Yass,"Comur Street, Yass",Chargefox,CCS (Type 2),,Public - Membership Required,,4,Operational,2025-01-23T07:44:00Z,Open Charge Map Contributors,Licensed under Creative Commons Attribution 4.0 International (CC BY 4.0),https://openchargemap.org/site/poi/details/307990,True,ocm,ocm; osm,unmatched,False,unmatched,False,matched,True,matched,True
,,"250-318 Parramatta Rd, Sydney, 2140",Tesla,2,AC,22 kW,-33.86138443,151.0695506,Strathfield Municipal Council,2140,Existing Destination Chargers,120,Sydney - Inner West,New South Wales,ev_00371,,not_target,,,,,,,,,,,,,,,,,False,,,not_target,False,not_target,False,not_target,False,not_target,False
,,"251 Edgecliff Rd
Woollahra NSW 2025
Australia",EVX,2,AC,22 kW,-33.8885736,151.2444096,Woollahra Municipal Council,2025,Kerbside Charging R1,118,Sydney - Eastern Suburbs,New South Wales,ev_00372,,not_target,,,,,,,,,,,,,,,,,False,,,not_target,False,not_target,False,not_target,False,not_target,False
,,"252 Centennial Rd, Bowral, 2576",Tesla,4,AC,6 kW,-34.46303808,150.4014895,Wingecarribee Shire Council,2576,Existing Destination Chargers,114,Southern Highlands and Shoalhaven,New South Wales,ev_00373,,not_target,,,,,,,,,,,,,,,,,False,,,not_target,False,not_target,False,not_target,False,not_target,False
,,"253 Pacific Hwy, Coffs Harbour, 2450",Tesla,12,DC,130 kW,-30.28143948,153.1316667,Coffs Harbour City Council,2450,Existing Fast Chargers,104,Coffs Harbour - Grafton,New South Wales,ev_00374,"-30.281439,153.131667",matched,0.09,nearby_identity,97619,Coffs Harbour Supercharger [Tesla],"253 Pacific Highway, Coffs Harbour, 2450",Tesla (Tesla-only charging),CCS (Type 2),$0.52/kWh,Public - Membership Required,,6,Operational,2021-12-19T01:50:00Z,Open Charge Map Contributors,Licensed under Creative Commons Attribution 4.0 International (CC BY 4.0),https://openchargemap.org/site/poi/details/97619,True,ocm,ocm; osm,unmatched,False,unmatched,False,matched,True,matched,True
,,"25-47 Ocean St, Sydney, 2101",JOLT,2,DC,25 kW,-33.71943448,151.2986617,Northern Beaches Council,2101,Existing Fast Chargers,122,Sydney - Northern Beaches,New South Wales,ev_00375,"-33.719434,151.298662",review_unresolved,,,,,,,,,,,,,,,,,False,,,unmatched,False,unmatched,False,unmatched,False,unmatched,False
,,"259 Pitt St, Sydney, 2000",Tesla,4,AC,22 kW,-33.87196101,151.208024,"Sydney, Council of the City of",2000,Existing Destination Chargers,117,Sydney - City and Inner South,New South Wales,ev_00376,,not_target,,,,,,,,,,,,,,,,,False,,,not_target,False,not_target,False,not_target,False,not_target,False
,,"26 Aspect Dr, Coffs Harbour, 2450",Tesla,4,DC,60 kW,-30.27522227,153.1319389,Coffs Harbour City Council,2450,Existing Fast Chargers,104,Coffs Harbour - Grafton,New South Wales,ev_00377,"-30.275222,153.131939",review_unresolved,,,,,,,,,,,,,,,,,False,,,unmatched,False,unmatched,False,review_identity,False,review_identity,False
,,"26 Bent St, Sydney, 2137",Evie,2,DC,75 kW,-33.85437842,151.103997,"Canada Bay Council, City of",2137,Existing Fast Chargers,120,Sydney - Inner West,New South Wales,ev_00378,"-33.854378,151.103997",matched,7.46,nearby_identity,node/13168689959,,,Evie Networks,CCS Type 2,,,,,,,OpenStreetMap contributors,ODbL 1.0; https://www.openstreetmap.org/copyright,https://www.openstreetmap.org/node/13168689959,True,osm,osm,review_shared_external,False,unmatched,False,unmatched,False,matched,True
,,"26 Neilly St, Walgett, NSW 2832, Australia",NRMA,2,DC,75 kW,-28.8659158,153.0485564,Walgett Shire Council,2337,TfNSW Regional,112,Richmond - Tweed,New South Wales,ev_00379,"-28.865916,153.048556",review_unresolved,,,,,,,,,,,,,,,,,False,,,unmatched,False,unmatched,False,unmatched,False,unmatched,False
,,"26 Terry St, Sydney, 2041",EVX,2,AC,22 kW,-33.85783788,151.171049,Inner West Council,2041,Existing Destination Chargers,120,Sydney - Inner West,New South Wales,ev_00380,,not_target,,,,,,,,,,,,,,,,,False,,,not_target,False,not_target,False,not_target,False,not_target,False
,,"26 William St, Newcastle, 2304",Tesla,3,AC,22 kW,-32.89182187,151.7444695,Newcastle City Council,2304,Existing Destination Chargers,111,Newcastle and Lake Macquarie,New South Wales,ev_00381,,not_target,,,,,,,,,,,,,,,,,False,,,not_target,False,not_target,False,not_target,False,not_target,False
,,"260 Craft Rd, Corrabare, 2325",Tesla,2,AC,6 kW,-32.9506577,151.177976,Cessnock City Council,2325,Existing Destination Chargers,106,Hunter Valley exc Newcastle,New South Wales,ev_00382,,not_target,,,,,,,,,,,,,,,,,False,,,not_target,False,not_target,False,not_target,False,not_target,False
,,"260 Jersey Rd, Plumpton NSW 2761",Evie,4,DC,75 kW,-33.7459827,150.8357299,Blacktown City Council,2761,ARENA - Driving the Nation,116,Sydney - Blacktown,New South Wales,ev_00383,"-33.745983,150.835730",matched,122.45,nearby_identity,6419,HomeCo – Plumpton Marketplace,260 Jersey Rd  Plumpton 2761,Evie Networks,CCS Type 2; CHAdeMO,0.60/kWh + 0.09/kWh (9:00 AM-9:00 PM),,,,,,Evie Networks official station map,Official website; no open-data licence asserted,https://evie.com.au/find-a-charger/,True,evie,evie,matched,True,unmatched,False,unmatched,False,unmatched,False
,,"260A Liverpool Rd, Ashfield NSW 2131",Evie,4,DC,50 kW,-33.889564,151.123599,Inner West Council,2131,ARENA - Driving the Nation,120,Sydney - Inner West,New South Wales,ev_00384,"-33.889564,151.123599",matched,0.04,nearby_identity,3651,Ashfield Mall,260A Liverpool Rd  Ashfield 2131,Evie Networks,CCS Type 2; CHAdeMO,0.62/kWh + 0.09/kWh (9:00 AM-9:00 PM),,,,,,Evie Networks official station map,Official website; no open-data licence asserted,https://evie.com.au/find-a-charger/,True,evie,evie; ocm; osm,matched,True,unmatched,False,matched,True,matched,True
,,"26-30 Bayley St, Sydney, 2204",Exploren,2,AC,22 kW,-33.91201606,151.1427437,Inner West Council,2204,Existing Destination Chargers,117,Sydney - City and Inner South,New South Wales,ev_00385,,not_target,,,,,,,,,,,,,,,,,False,,,not_target,False,not_target,False,not_target,False,not_target,False
,,"266 Cressy St, Deniliquin, 2710",Exploren,4,AC,6 kW,-35.53144649,144.9647688,Edward River Council,2710,Existing Destination Chargers,109,Murray,New South Wales,ev_00386,,not_target,,,,,,,,,,,,,,,,,False,,,not_target,False,not_target,False,not_target,False,not_target,False
,,"27 Arthur St, Moss Vale, 2577",Tesla,1,AC,6 kW,-34.55413118,150.3718428,Wingecarribee Shire Council,2577,Existing Destination Chargers,114,Southern Highlands and Shoalhaven,New South Wales,ev_00387,,not_target,,,,,,,,,,,,,,,,,False,,,not_target,False,not_target,False,not_target,False,not_target,False
,,"27 Campbell Avenue, Sydney, 2021",Exploren,1,AC,22 kW,-33.88103508,151.2227978,Woollahra Municipal Council,2021,Existing Destination Chargers,118,Sydney - Eastern Suburbs,New South Wales,ev_00388,,not_target,,,,,,,,,,,,,,,,,False,,,not_target,False,not_target,False,not_target,False,not_target,False
,,"27 Fitzroy St, Grafton, 2460",Tesla,2,AC,22 kW,-29.69422127,152.9378539,Clarence Valley Council,2460,Existing Destination Chargers,104,Coffs Harbour - Grafton,New South Wales,ev_00389,,not_target,,,,,,,,,,,,,,,,,False,,,not_target,False,not_target,False,not_target,False,not_target,False
,,"27 Munda St, Sydney, 2031",Chargefox,2,AC,6 kW,-33.93062467,151.2464695,Randwick City Council,2031,Existing Destination Chargers,118,Sydney - Eastern Suburbs,New South Wales,ev_00390,,not_target,,,,,,,,,,,,,,,,,False,,,not_target,False,not_target,False,not_target,False,not_target,False
,,"27 Wyee Rd, Morisset, 2264",Exploren,2,AC,22 kW,-33.12330735,151.4779489,Lake Macquarie City Council,2264,Existing Destination Chargers,111,Newcastle and Lake Macquarie,New South Wales,ev_00391,,not_target,,,,,,,,,,,,,,,,,False,,,not_target,False,not_target,False,not_target,False,not_target,False
,,"27-33 Oaks Ave, Dee Why NSW 2099",Evie,4,DC,150 kW,-33.75442135,151.2873331,Northern Beaches Council,2099,ARENA - Driving the Nation,122,Sydney - Northern Beaches,New South Wales,ev_00392,"-33.754421,151.287333",matched,2.68,nearby_identity,4507,Dee Why Marketplace,27-33 Oaks Avenue  Dee Why 2099,Evie Networks,CCS Type 2,0.71/kWh + 0.04/kWh (11:00 AM-9:00 PM),,,,,,Evie Networks official station map,Official website; no open-data licence asserted,https://evie.com.au/find-a-charger/,True,evie,evie,matched,True,unmatched,False,unmatched,False,review_identity,False
,,"28 Albion Street, Sydney, 2010",Exploren,2,AC,6 kW,-33.88192097,151.2097618,"Sydney, Council of the City of",2010,Existing Destination Chargers,117,Sydney - City and Inner South,New South Wales,ev_00393,,not_target,,,,,,,,,,,,,,,,,False,,,not_target,False,not_target,False,not_target,False,not_target,False
,,"28 Auburn Street, Moree, NSW 2400, Australia",NRMA,2,DC,50 kW,-35.3548636,145.725081,Moree Plains Shire Council,2716,TfNSW Regional,109,Murray,New South Wales,ev_00394,"-35.354864,145.725081",review_unresolved,,,,,,,,,,,,,,,,,False,,,unmatched,False,unmatched,False,review_identity,False,review_identity,False
,,"28 Blue Gum Rd, Newcastle, 2299",Tesla,1,AC,6 kW,-32.90296501,151.6898519,Newcastle City Council,2299,Existing Destination Chargers,111,Newcastle and Lake Macquarie,New South Wales,ev_00395,,not_target,,,,,,,,,,,,,,,,,False,,,not_target,False,not_target,False,not_target,False,not_target,False
,,"28 Lawson St, Byron Bay, 2481",EVUp,2,DC,100 kW,-28.64327432,153.6158749,Byron Shire Council,2481,Existing Fast Chargers,112,Richmond - Tweed,New South Wales,ev_00396,"-28.643274,153.615875",review_unresolved,,,,,,,,,,,,,,,,,False,,,unmatched,False,unmatched,False,review_identity,False,unmatched,False
,,"28 Peppertree Dr, Pokolbin, 2320",Tesla,2,AC,3 kW,-32.73733038,151.3178178,Cessnock City Council,2320,Existing Destination Chargers,106,Hunter Valley exc Newcastle,New South Wales,ev_00397,,not_target,,,,,,,,,,,,,,,,,False,,,not_target,False,not_target,False,not_target,False,not_target,False
,,"2-8 Turramurra Ave, Sydney, 2074",Evie,4,DC,75 kW,-33.7323514,151.1307097,Ku-ring-gai Council,2074,Existing Fast Chargers,121,Sydney - North Sydney and Hornsby,New South Wales,ev_00398,"-33.732351,151.130710",review_unresolved,,,,,,,,,,,,,,,,,False,,,review_shared_external,False,unmatched,False,unmatched,False,unmatched,False
,,"28-32 Bowen St, Huskisson, 2540",Exploren,1,AC,22 kW,-35.04138043,150.6722723,Shoalhaven City Council,2540,Existing Destination Chargers,114,Southern Highlands and Shoalhaven,New South Wales,ev_00399,,not_target,,,,,,,,,,,,,,,,,False,,,not_target,False,not_target,False,not_target,False,not_target,False
,,"28-38 Powell St, Sydney, 2140",Chargefox,3,AC,22 kW,-33.86413018,151.0845375,Strathfield Municipal Council,2140,Existing Destination Chargers,120,Sydney - Inner West,New South Wales,ev_00400,,not_target,,,,,,,,,,,,,,,,,False,,,not_target,False,not_target,False,not_target,False,not_target,False
,,"2848 Pacific Hwy, Tyndale NSW, 2464",Evie,4,DC,350 kW,-29.56122927,153.1492773,Clarence Valley Council,2464,Existing Fast Chargers,104,Coffs Harbour - Grafton,New South Wales,ev_00401,"-29.561229,153.149277",matched,3.15,nearby_identity,node/8994778322,,,Evie Networks,CCS Type 2,,,,,,,OpenStreetMap contributors,ODbL 1.0; https://www.openstreetmap.org/copyright,https://www.openstreetmap.org/node/8994778322,True,osm,osm,review_identity,False,unmatched,False,review_identity,False,matched,True
,,"286-288 New Line Rd, Sydney, 2158",Chargefox,2,AC,6 kW,-33.69570975,151.0314655,"Hornsby, The Council of the Shire of",2158,Existing Destination Chargers,115,Sydney - Baulkham Hills and Hawkesbury,New South Wales,ev_00402,,not_target,,,,,,,,,,,,,,,,,False,,,not_target,False,not_target,False,not_target,False,not_target,False
,,"287 Mona Vale Rd, Sydney, 2084",Tesla,2,AC,22 kW,-33.68911516,151.223974,Northern Beaches Council,2084,Existing Destination Chargers,122,Sydney - Northern Beaches,New South Wales,ev_00403,,not_target,,,,,,,,,,,,,,,,,False,,,not_target,False,not_target,False,not_target,False,not_target,False
,,"29 Windsor Rd, Sydney, 2155",JOLT,2,DC,25 kW,-33.71252457,150.9583413,The Hills Shire Council,2155,Existing Fast Chargers,115,Sydney - Baulkham Hills and Hawkesbury,New South Wales,ev_00404,"-33.712525,150.958341",review_unresolved,,,,,,,,,,,,,,,,,False,,,unmatched,False,unmatched,False,unmatched,False,unmatched,False
,,"290 Pacific Hwy, Newcastle, 2290",Tesla,2,AC,6 kW,-32.95694299,151.701021,Lake Macquarie City Council,2290,Existing Destination Chargers,111,Newcastle and Lake Macquarie,New South Wales,ev_00405,,not_target,,,,,,,,,,,,,,,,,False,,,not_target,False,not_target,False,not_target,False,not_target,False
,,"291 King St, Newcastle, 2300",ChargeHub,4,AC,22 kW,-32.92882087,151.76801,Newcastle City Council,2300,Existing Destination Chargers,111,Newcastle and Lake Macquarie,New South Wales,ev_00406,,not_target,,,,,,,,,,,,,,,,,False,,,not_target,False,not_target,False,not_target,False,not_target,False
,,"293 Belmore Rd, Sydney, 2210",JOLT,2,DC,25 kW,-33.95077182,151.051971,Georges River Council,2210,Existing Fast Chargers,119,Sydney - Inner South West,New South Wales,ev_00407,"-33.950772,151.051971",review_unresolved,,,,,,,,,,,,,,,,,False,,,review_identity,False,unmatched,False,unmatched,False,unmatched,False
,,"29-55 Twynam St, Narrandera, 2700",NRMA,4,DC,180 kW,-34.74649754,146.5500761,Narrandera Shire Council,2700,Existing Fast Chargers,113,Riverina,New South Wales,ev_00408,"-34.746498,146.550076",matched,16.95,nearby_identity,126130,Narrandera Marie Bashir Park [NRMA],"31 Twynam Street, Narrandera, 2700",NRMA,CCS (Type 2); CHAdeMO,$0.66/kWh,Public - Membership Required,,1,Operational,2024-11-12T12:09:00Z,Open Charge Map Contributors,Licensed under Creative Commons Attribution 4.0 International (CC BY 4.0),https://openchargemap.org/site/poi/details/126130,True,ocm,ocm; osm,unmatched,False,unmatched,False,matched,True,matched,True
,,"29-55 Twynam St, Narrandera, 2700",NRMA,2,DC,50 kW,-34.74651756,146.548011,Narrandera Shire Council,2700,Existing Fast Chargers,113,Riverina,New South Wales,ev_00409,"-34.746518,146.548011",review_unresolved,,,,,,,,,,,,,,,,,False,,,unmatched,False,unmatched,False,review_identity,False,review_identity,False
,,"298 Lake Canobolas Rd, Canobolas, 2800",Tesla,2,AC,22 kW,-33.30906011,149.0196507,Cabonne Council,2800,Existing Destination Chargers,103,Central West,New South Wales,ev_00410,,not_target,,,,,,,,,,,,,,,,,False,,,not_target,False,not_target,False,not_target,False,not_target,False
,,"298 Lake Canobolas Rd, Canobolas, 2800",Tesla,1,AC,22 kW,-33.31178183,149.0213594,Cabonne Council,2800,Existing Destination Chargers,103,Central West,New South Wales,ev_00411,,not_target,,,,,,,,,,,,,,,,,False,,,not_target,False,not_target,False,not_target,False,not_target,False
,,"2A Beach Rd, Batemans Bay, 2536",NRMA,2,DC,50 kW,-35.70851156,150.1753874,Eurobodalla Shire Council,2536,Existing Fast Chargers,101,Capital Region,New South Wales,ev_00412,"-35.708512,150.175387",matched,12.91,nearby_identity,157566,Batemans Bay Visitor Centre [NRMA],"2A Beach Road, Batemans Bay, 2536",NRMA,CCS (Type 2); CHAdeMO,,Public,,1,Operational,2021-12-19T02:29:00Z,Open Charge Map Contributors,Licensed under Creative Commons Attribution 4.0 International (CC BY 4.0),https://openchargemap.org/site/poi/details/157566,True,ocm,ocm; osm,review_identity,False,unmatched,False,matched,True,matched,True
,,"2A Richmond Rd, Sydney, 2029",Chargefox,2,AC,22 kW,-33.87162267,151.2681742,Woollahra Municipal Council,2029,Existing Destination Chargers,118,Sydney - Eastern Suburbs,New South Wales,ev_00413,,not_target,,,,,,,,,,,,,,,,,False,,,not_target,False,not_target,False,not_target,False,not_target,False
,,"2a Todman Ave, Sydney, 2033",Tesla,1,AC,22 kW,-33.90343748,151.2149479,"Sydney, Council of the City of",2033,Existing Destination Chargers,118,Sydney - Eastern Suburbs,New South Wales,ev_00414,,not_target,,,,,,,,,,,,,,,,,False,,,not_target,False,not_target,False,not_target,False,not_target,False
,Thynk Beresfield,"3 Bowden Way
Beresfield NSW 2322
Australia",Non-networked,3,AC,AC,-32.8026234,151.6332904,Newcastle City Council,2322,Destination Charging R2,111,Newcastle and Lake Macquarie,New South Wales,ev_00415,,not_target,,,,,,,,,,,,,,,,,False,,,not_target,False,not_target,False,not_target,False,not_target,False
,,"3 Broomfield St, Cobar, NSW 2835, Australia",NRMA,2,DC,50 kW,-30.08825,145.9351051,Cobar Shire Council,2840,TfNSW Regional,105,Far West and Orana,New South Wales,ev_00416,"-30.088250,145.935105",matched,0.48,nearby_identity,190681,Bourke [NRMA],"15 Mitchell St, Bourke, 2840",NRMA,CCS (Type 2); CHAdeMO,"Free currently, join NRMA as a thank you.",Public,,1,Planned For Future Date,2021-12-17T03:45:00Z,Open Charge Map Contributors,Licensed under Creative Commons Attribution 4.0 International (CC BY 4.0),https://openchargemap.org/site/poi/details/190681,True,ocm,ocm,unmatched,False,unmatched,False,matched,True,unmatched,False
,,"3 Brown St, Newtown, 2042",EVX,2,AC,22 kW,-33.89529534,151.1826136,"Sydney, Council of the City of",2042,Existing Destination Chargers,117,Sydney - City and Inner South,New South Wales,ev_00417,,not_target,,,,,,,,,,,,,,,,,False,,,not_target,False,not_target,False,not_target,False,not_target,False
,,"3 Bungendore Rd, Queanbeyan NSW 2620",Evie,4,DC,75 kW,-35.34739722,149.2454031,Queanbeyan-Palerang Regional Council,2620,ARENA - Driving the Nation,101,Capital Region,New South Wales,ev_00418,"-35.347397,149.245403",matched,1.0,nearby_identity,7725,Red Rooster – Queanbeyan,3 Bungendore Rd  Queanbeyan 2620,Evie Networks,CCS Type 2; CHAdeMO,0.62/kWh + 0.09/kWh (9:00 AM-9:00 PM),,,,,,Evie Networks official station map,Official website; no open-data licence asserted,https://evie.com.au/find-a-charger/,True,evie,evie,matched,True,unmatched,False,unmatched,False,unmatched,False
,,"3 Cavvanbah St, Byron Bay, 2481",Tesla,2,AC,6 kW,-28.63963868,153.6077117,Byron Shire Council,2481,Existing Destination Chargers,112,Richmond - Tweed,New South Wales,ev_00419,,not_target,,,,,,,,,,,,,,,,,False,,,not_target,False,not_target,False,not_target,False,not_target,False
,,"3 Columbia Way, Sydney, 2153",Exploren,4,AC,22 kW,-33.73052857,150.9717377,The Hills Shire Council,2153,Existing Destination Chargers,115,Sydney - Baulkham Hills and Hawkesbury,New South Wales,ev_00420,,not_target,,,,,,,,,,,,,,,,,False,,,not_target,False,not_target,False,not_target,False,not_target,False
,,"3 Corkhill Pl, Bega, 2550",Chargefox,2,DC,42 kW,-36.6972593,149.8418629,Bega Valley Shire Council,2550,Existing Fast Chargers,101,Capital Region,New South Wales,ev_00421,"-36.697259,149.841863",review_unresolved,,,,,,,,,,,,,,,,,False,,,unmatched,False,unmatched,False,unmatched,False,review_identity,False
,,"3 Fordham Way, Sydney, 2570",Exploren,4,AC,6 kW,-34.00018823,150.7388438,Camden Council,2570,Existing Destination Chargers,127,Sydney - South West,New South Wales,ev_00422,,not_target,,,,,,,,,,,,,,,,,False,,,not_target,False,not_target,False,not_target,False,not_target,False
,,"3 George St, North Strathfield NSW 2137",Evie,4,DC,75 kW,-33.86390159,151.0894518,Strathfield Municipal Council,2137,ARENA - Driving the Nation,120,Sydney - Inner West,New South Wales,ev_00423,"-33.863902,151.089452",matched,4.69,nearby_identity,7315,Bakehouse Quarter – North Strathfield,3 George St  North Strathfield 2137,Evie Networks,CCS Type 2,0.60/kWh + 0.09/kWh (9:00 AM-9:00 PM),,,,,,Evie Networks official station map,Official website; no open-data licence asserted,https://evie.com.au/find-a-charger/,True,evie,evie; osm,matched,True,unmatched,False,unmatched,False,matched,True
,,"3 Government Rd, Nelson Bay, 2315",Tesla,2,AC,6 kW,-32.72073778,152.142984,Port Stephens Council,2315,Existing Destination Chargers,106,Hunter Valley exc Newcastle,New South Wales,ev_00424,,not_target,,,,,,,,,,,,,,,,,False,,,not_target,False,not_target,False,not_target,False,not_target,False
,,"3 Hilltop Cres
Fairlight NSW 2094
Australia",EVX,2,AC,22 kW,-33.79608413,151.2755946,Northern Beaches Council,2094,Kerbside Charging R1,122,Sydney - Northern Beaches,New South Wales,ev_00425,,not_target,,,,,,,,,,,,,,,,,False,,,not_target,False,not_target,False,not_target,False,not_target,False
,,"3 Leisure Dr, Tweed Heads, 2486",Evie,4,DC,75 kW,-28.21510115,153.5404384,Tweed Shire Council,2486,Existing Fast Chargers,112,Richmond - Tweed,New South Wales,ev_00426,"-28.215101,153.540438",matched,0.05,nearby_identity,5047,Banora Shopping Village – Banora Point,3 Leisure Drive  Banora Point 2486,Evie Networks,CCS Type 2; CHAdeMO,0.62/kWh + 0.09/kWh (9:00 AM-9:00 PM),,,,,,Evie Networks official station map,Official website; no open-data licence asserted,https://evie.com.au/find-a-charger/,True,evie,evie,matched,True,unmatched,False,unmatched,False,unmatched,False
,,"3 Lyttle St, Broulee, 2537",ChargePoint,4,AC,22 kW,-35.85678983,150.1748819,Eurobodalla Shire Council,2537,Existing Destination Chargers,101,Capital Region,New South Wales,ev_00427,,not_target,,,,,,,,,,,,,,,,,False,,,not_target,False,not_target,False,not_target,False,not_target,False
,,"3 Margaret St, Sydney, 2135",Exploren,4,AC,6 kW,-33.87424829,151.0921151,Strathfield Municipal Council,2135,Existing Destination Chargers,120,Sydney - Inner West,New South Wales,ev_00428,,not_target,,,,,,,,,,,,,,,,,False,,,not_target,False,not_target,False,not_target,False,not_target,False
,,"3 Midway Dr, Buronga, 2739",Chargefox,2,AC,22 kW,-34.17439844,142.1986757,Wentworth Shire Council,2739,Existing Destination Chargers,109,Murray,New South Wales,ev_00429,,not_target,,,,,,,,,,,,,,,,,False,,,not_target,False,not_target,False,not_target,False,not_target,False
,,"3 Paragon Ave, South West Rocks, 2431",EVX,2,AC,22 kW,-30.88547152,153.0394474,Kempsey Shire Council,2431,Existing Destination Chargers,108,Mid North Coast,New South Wales,ev_00430,,not_target,,,,,,,,,,,,,,,,,False,,,not_target,False,not_target,False,not_target,False,not_target,False
,,"3 Thomas Holt Drive, Sydney, 2113",Exploren,4,AC,6 kW,-33.78744849,151.1287007,"Ryde, Council of the City of",2113,Existing Destination Chargers,126,Sydney - Ryde,New South Wales,ev_00431,,not_target,,,,,,,,,,,,,,,,,False,,,not_target,False,not_target,False,not_target,False,not_target,False
,,"30 Dowling St, Sydney, 2096",JOLT,2,DC,25 kW,-33.77897702,151.2838899,Northern Beaches Council,2096,Existing Fast Chargers,122,Sydney - Northern Beaches,New South Wales,ev_00432,"-33.778977,151.283890",matched,2.05,nearby_identity,node/9546004749,,30 Dowling Street,Jolt,CHAdeMO,,,,,,,OpenStreetMap contributors,ODbL 1.0; https://www.openstreetmap.org/copyright,https://www.openstreetmap.org/node/9546004749,True,osm,osm,unmatched,False,unmatched,False,unmatched,False,matched,True
,,"30 Staples St, Shoalhaven Heads, 2535",Tesla,2,AC,22 kW,-34.8501552,150.7478148,Shoalhaven City Council,2535,Existing Destination Chargers,114,Southern Highlands and Shoalhaven,New South Wales,ev_00433,,not_target,,,,,,,,,,,,,,,,,False,,,not_target,False,not_target,False,not_target,False,not_target,False
,,"302-312 Parramatta Rd, Sydney, 2134",JOLT,2,DC,25 kW,-33.86942247,151.108024,Burwood Council,2134,Existing Fast Chargers,120,Sydney - Inner West,New South Wales,ev_00434,"-33.869422,151.108024",review_unresolved,,,,,,,,,,,,,,,,,False,,,unmatched,False,unmatched,False,unmatched,False,unmatched,False
,,"303 Henry Parry Dr, Central Coast, 2250",Chargefox,2,DC,60 kW,-33.40941346,151.3507447,Central Coast Council,2250,Existing Fast Chargers,102,Central Coast,New South Wales,ev_00435,"-33.409413,151.350745",review_unresolved,,,,,,,,,,,,,,,,,False,,,unmatched,False,unmatched,False,review_identity,False,unmatched,False
,,"30-32 Beach St, Harrington, 2427",Chargefox,2,AC,22 kW,-31.87127832,152.68597,Mid-Coast Council,2427,Existing Destination Chargers,108,Mid North Coast,New South Wales,ev_00436,,not_target,,,,,,,,,,,,,,,,,False,,,not_target,False,not_target,False,not_target,False,not_target,False
,,"30-36 Camperdown St, Coffs Harbour, 2450",Tesla,2,AC,6 kW,-30.30610415,153.1372022,Coffs Harbour City Council,2450,Existing Destination Chargers,104,Coffs Harbour - Grafton,New South Wales,ev_00437,,not_target,,,,,,,,,,,,,,,,,False,,,not_target,False,not_target,False,not_target,False,not_target,False
,,"30-36 Sharp St, Cooma, 2630",Tesla,10,DC,250 kW,-36.23294099,149.1322903,Snowy Monaro Regional Council,2630,Existing Fast Chargers,101,Capital Region,New South Wales,ev_00438,"-36.232941,149.132290",matched,5.52,nearby_identity,node/12639666383,Tesla Supercharger,,Tesla,CCS Type 2,,yes,,,,,OpenStreetMap contributors,ODbL 1.0; https://www.openstreetmap.org/copyright,https://www.openstreetmap.org/node/12639666383,True,osm,osm,unmatched,False,unmatched,False,unmatched,False,matched,True
,,"307 Lane Cove Rd, Sydney, 2113",Tesla,2,AC,6 kW,-33.78080685,151.1338108,"Ryde, Council of the City of",2113,Existing Destination Chargers,126,Sydney - Ryde,New South Wales,ev_00439,,not_target,,,,,,,,,,,,,,,,,False,,,not_target,False,not_target,False,not_target,False,not_target,False
,,"30A Richland St, Sydney, 2208",Exploren,2,DC,120 kW,-33.93524029,151.0986717,Canterbury Bankstown Council,2208,Existing Fast Chargers,119,Sydney - Inner South West,New South Wales,ev_00440,"-33.935240,151.098672",review_unresolved,,,,,,,,,,,,,,,,,False,,,unmatched,False,unmatched,False,unmatched,False,unmatched,False
,,"31 Berrara Rd, Berrara, 2540",Tesla,2,AC,22 kW,-35.20902507,150.548962,Shoalhaven City Council,2540,Existing Destination Chargers,114,Southern Highlands and Shoalhaven,New South Wales,ev_00441,,not_target,,,,,,,,,,,,,,,,,False,,,not_target,False,not_target,False,not_target,False,not_target,False
,,"31 Marsh St, Armidale, 2350",Tesla,2,AC,22 kW,-30.50622327,151.6728749,Armidale Regional Council,2350,Existing Destination Chargers,110,New England and North West,New South Wales,ev_00442,,not_target,,,,,,,,,,,,,,,,,False,,,not_target,False,not_target,False,not_target,False,not_target,False
,,"31 Stonehaven Rd, Wollongong, 2508",Tesla,2,AC,22 kW,-34.22124629,150.9788669,Wollongong City Council,2508,Existing Destination Chargers,107,Illawarra,New South Wales,ev_00443,,not_target,,,,,,,,,,,,,,,,,False,,,not_target,False,not_target,False,not_target,False,not_target,False
,,"31 Treacy St, Sydney, 2220",JOLT,2,DC,25 kW,-33.96786191,151.1060561,Georges River Council,2220,Existing Fast Chargers,119,Sydney - Inner South West,New South Wales,ev_00444,"-33.967862,151.106056",review_unresolved,,,,,,,,,,,,,,,,,False,,,unmatched,False,unmatched,False,unmatched,False,unmatched,False
,,"311 Ophir Rd, Stewarts Mount, 2795",Tesla,2,AC,22 kW,-33.39229034,149.5176737,Bathurst Regional Council,2795,Existing Destination Chargers,103,Central West,New South Wales,ev_00445,,not_target,,,,,,,,,,,,,,,,,False,,,not_target,False,not_target,False,not_target,False,not_target,False
,,"311-315 Marius St, Tamworth, 2340",Chargefox,2,AC,22 kW,-31.09871776,150.9394484,Tamworth Regional Council,2340,Existing Destination Chargers,110,New England and North West,New South Wales,ev_00446,,not_target,,,,,,,,,,,,,,,,,False,,,not_target,False,not_target,False,not_target,False,not_target,False
,,"312 Mount View Rd, Mount View, 2325",Tesla,1,AC,6 kW,-32.83088793,151.3208328,Cessnock City Council,2325,Existing Destination Chargers,106,Hunter Valley exc Newcastle,New South Wales,ev_00447,,not_target,,,,,,,,,,,,,,,,,False,,,not_target,False,not_target,False,not_target,False,not_target,False
,,"31-39 Macquarie St, Sydney, 2150",ChargePoint,2,AC,3 kW,-33.81436141,151.0006056,"Parramatta, Council of the City of",2150,Existing Destination Chargers,125,Sydney - Parramatta,New South Wales,ev_00448,,not_target,,,,,,,,,,,,,,,,,False,,,not_target,False,not_target,False,not_target,False,not_target,False
,,"315 Church St, Sydney, 2142",ChargePoint,1,AC,3 kW,-33.82557462,151.0051061,"Parramatta, Council of the City of",2142,Existing Destination Chargers,125,Sydney - Parramatta,New South Wales,ev_00449,,not_target,,,,,,,,,,,,,,,,,False,,,not_target,False,not_target,False,not_target,False,not_target,False
,,"315 The Entrance Rd, Central Coast, 2261",Tesla,1,AC,22 kW,-33.35246851,151.488968,Central Coast Council,2261,Existing Destination Chargers,102,Central Coast,New South Wales,ev_00450,,not_target,,,,,,,,,,,,,,,,,False,,,not_target,False,not_target,False,not_target,False,not_target,False
,,"316 Victoria Rd, Sydney, 2116",Exploren,2,DC,120 kW,-33.81024029,151.0342402,"Parramatta, Council of the City of",2116,Existing Fast Chargers,125,Sydney - Parramatta,New South Wales,ev_00451,"-33.810240,151.034240",review_unresolved,,,,,,,,,,,,,,,,,False,,,unmatched,False,unmatched,False,unmatched,False,review_identity,False
,,"3-19 Yurong St, Darlinghurst, 2010",EVX,2,AC,22 kW,-33.87494799,151.2141842,"Sydney, Council of the City of",2010,Existing Destination Chargers,117,Sydney - City and Inner South,New South Wales,ev_00452,,not_target,,,,,,,,,,,,,,,,,False,,,not_target,False,not_target,False,not_target,False,not_target,False
,,"32 Cricketers Arms Rd, Sydney, 2148",Tesla,1,AC,22 kW,-33.80629534,150.9029339,Blacktown City Council,2148,Existing Destination Chargers,116,Sydney - Blacktown,New South Wales,ev_00453,,not_target,,,,,,,,,,,,,,,,,False,,,not_target,False,not_target,False,not_target,False,not_target,False
,,"32 Military Rd, Sydney, 2026",EVX,2,AC,22 kW,-33.88556261,151.284044,Waverley Council,2026,Existing Destination Chargers,118,Sydney - Eastern Suburbs,New South Wales,ev_00454,,not_target,,,,,,,,,,,,,,,,,False,,,not_target,False,not_target,False,not_target,False,not_target,False
,,"32 Sydney St, Tarcutta, 2652",Evie,4,DC,350 kW,-35.2771512,147.7360881,Wagga Wagga City Council,2652,Existing Fast Chargers,113,Riverina,New South Wales,ev_00455,"-35.277151,147.736088",matched,0.04,nearby_identity,7723,Ampol Foodary – Tarcutta,32 Sydney Street  Tarcutta 2652,Evie Networks,CCS Type 2; CHAdeMO,0.85/kWh,,,,,,Evie Networks official station map,Official website; no open-data licence asserted,https://evie.com.au/find-a-charger/,True,evie,evie; ocm; osm,matched,True,unmatched,False,matched,True,matched,True
,,"320 Princes Hwy, Bomaderry, 2541",Chargefox,4,DC,47 kW,-34.84356861,150.5955365,Shoalhaven City Council,2541,Existing Fast Chargers,114,Southern Highlands and Shoalhaven,New South Wales,ev_00456,"-34.843569,150.595537",review_unresolved,,,,,,,,,,,,,,,,,False,,,unmatched,False,unmatched,False,unmatched,False,unmatched,False
,,"322 Woodville Rd, Guildford NSW 2161",Evie,4,DC,50 kW,-33.8521028,150.9955836,Cumberland Council,2161,ARENA - Driving the Nation,125,Sydney - Parramatta,New South Wales,ev_00457,"-33.852103,150.995584",matched,0.28,nearby_identity,7694,Red Rooster – Guildford,322 Woodville Road  Guildford 2161,Evie Networks,CCS Type 2; CHAdeMO,0.60/kWh + 0.09/kWh (9:00 AM-9:00 PM),,,,,,Evie Networks official station map,Official website; no open-data licence asserted,https://evie.com.au/find-a-charger/,True,evie,evie; ocm; osm,matched,True,unmatched,False,matched,True,matched,True
,,"3241 Hume Hwy, Mount Adrah, 2729",Tesla,2,AC,22 kW,-35.19701206,147.821999,Cootamundra-gundagai Regional Council,2729,Existing Destination Chargers,113,Riverina,New South Wales,ev_00458,,not_target,,,,,,,,,,,,,,,,,False,,,not_target,False,not_target,False,not_target,False,not_target,False
,,"328 Main Rd, Newcastle, 2285",BP,4,DC,150 kW,-32.93782987,151.6567367,Lake Macquarie City Council,2285,Existing Fast Chargers,111,Newcastle and Lake Macquarie,New South Wales,ev_00459,"-32.937830,151.656737",review_unresolved,,,,,,,,,,,,,,,,,False,,,unmatched,False,unmatched,False,unmatched,False,unmatched,False
,,"329 Tinja Ln, Eurunderee, 2850",Tesla,2,AC,22 kW,-32.53594099,149.5842162,Mid-Western Regional Council,2850,Existing Destination Chargers,103,Central West,New South Wales,ev_00460,,not_target,,,,,,,,,,,,,,,,,False,,,not_target,False,not_target,False,not_target,False,not_target,False
,,"329-339 Princes Hwy, Sydney, 2044",BP,2,DC,75 kW,-33.91611516,151.1728939,Inner West Council,2044,Existing Fast Chargers,117,Sydney - City and Inner South,New South Wales,ev_00461,"-33.916115,151.172894",matched,25.91,nearby_identity,273427,bp pulse Sydenham,"339 Princes Hwy, St Peters, 2044",BP Pulse (AU),CCS (Type 2),55c/kWh,Public - Membership Required,,2,Operational,2023-08-09T11:35:00Z,Open Charge Map Contributors,Licensed under Creative Commons Attribution 4.0 International (CC BY 4.0),https://openchargemap.org/site/poi/details/273427,True,ocm,ocm; osm,unmatched,False,unmatched,False,matched,True,matched,True
,,"33 Cross St, Double Bay, 2028",Porsche Smart Mobility,2,AC,11 kW,-33.87601006,151.2432703,Woollahra Municipal Council,2028,Existing Destination Chargers,118,Sydney - Eastern Suburbs,New South Wales,ev_00462,,not_target,,,,,,,,,,,,,,,,,False,,,not_target,False,not_target,False,not_target,False,not_target,False
,,"33 Moate St, Newcastle, 2298",Chargefox,2,DC,60 kW,-32.90870375,151.7304655,Newcastle City Council,2298,Existing Fast Chargers,111,Newcastle and Lake Macquarie,New South Wales,ev_00463,"-32.908704,151.730466",review_unresolved,,,,,,,,,,,,,,,,,False,,,unmatched,False,unmatched,False,unmatched,False,unmatched,False
,,"33 Smith St, Newcastle, 2290",Exploren,1,AC,22 kW,-32.96547552,151.6961712,Lake Macquarie City Council,2290,Existing Destination Chargers,111,Newcastle and Lake Macquarie,New South Wales,ev_00464,,not_target,,,,,,,,,,,,,,,,,False,,,not_target,False,not_target,False,not_target,False,not_target,False
,,"33 Smith Street, Sydney, 2036",Exploren,1,AC,22 kW,-33.94856361,151.2253223,Bayside Council,2036,Existing Destination Chargers,117,Sydney - City and Inner South,New South Wales,ev_00465,,not_target,,,,,,,,,,,,,,,,,False,,,not_target,False,not_target,False,not_target,False,not_target,False
,,"330 Pennant Hills Rd, Pennant Hills NSW 2120",Evie,2,DC,50 kW,-33.7366211,151.0743388,"Hornsby, The Council of the Shire of",2120,ARENA - Driving the Nation,126,Sydney - Ryde,New South Wales,ev_00466,"-33.736621,151.074339",review_unresolved,,,,,,,,,,,,,,,,,False,,,unmatched,False,unmatched,False,review_identity,False,unmatched,False
,,"336 Oakey Creek Rd, Pokolbin, 2320",Tesla,2,AC,6 kW,-32.80881186,151.3064164,Cessnock City Council,2320,Existing Destination Chargers,106,Hunter Valley exc Newcastle,New South Wales,ev_00467,,not_target,,,,,,,,,,,,,,,,,False,,,not_target,False,not_target,False,not_target,False,not_target,False
,,"338 King St, Sydney, 2020",Tesla,2,AC,22 kW,-33.92847552,151.1862683,Bayside Council,2020,Existing Destination Chargers,117,Sydney - City and Inner South,New South Wales,ev_00468,,not_target,,,,,,,,,,,,,,,,,False,,,not_target,False,not_target,False,not_target,False,not_target,False
,,"339 Warialda St, Moree, 2400",Tesla,1,AC,8 kW,-29.47530335,149.8456396,Moree Plains Shire Council,2400,Existing Destination Chargers,110,New England and North West,New South Wales,ev_00469,,not_target,,,,,,,,,,,,,,,,,False,,,not_target,False,not_target,False,not_target,False,not_target,False
,,"34 Annie Pyers Dr, Gundagai , 2722",Tesla,12,DC,130 kW,-35.00212117,148.1098549,Cootamundra-gundagai Regional Council,2722,Existing Fast Chargers,113,Riverina,New South Wales,ev_00470,"-35.002121,148.109855",matched,7.4,nearby_identity,79760,Gundagai Supercharger [Tesla],"34 Annie Pyers Drive, Gundagai, 2722",Tesla (Tesla-only charging),CCS (Type 2),$0.52/kWh,Public - Membership Required,,6,Operational,2021-12-19T02:16:00Z,Open Charge Map Contributors,Licensed under Creative Commons Attribution 4.0 International (CC BY 4.0),https://openchargemap.org/site/poi/details/79760,True,ocm,ocm; osm,unmatched,False,unmatched,False,matched,True,matched,True
,,"34 Echo Point Rd, Katoomba, 2780",Everty,2,AC,22 kW,-33.73081186,150.3122212,Blue Mountains City Council,2780,Existing Destination Chargers,124,Sydney - Outer West and Blue Mountains,New South Wales,ev_00471,,not_target,,,,,,,,,,,,,,,,,False,,,not_target,False,not_target,False,not_target,False,not_target,False
,,"34 Isabel Dr, Murrumbateman, 2582",Tesla,2,AC,22 kW,-34.97784789,149.0079289,Yass Valley Council,2582,Existing Destination Chargers,101,Capital Region,New South Wales,ev_00472,,not_target,,,,,,,,,,,,,,,,,False,,,not_target,False,not_target,False,not_target,False,not_target,False
,,"34 Macpherson St, Sydney, 2024",Exploren,1,AC,22 kW,-33.90540245,151.257962,Waverley Council,2024,Existing Destination Chargers,118,Sydney - Eastern Suburbs,New South Wales,ev_00473,,not_target,,,,,,,,,,,,,,,,,False,,,not_target,False,not_target,False,not_target,False,not_target,False
,,"34 Morley Ave, Rosebery, 2018",EVX,2,AC,22 kW,-33.91598103,151.2031862,"Sydney, Council of the City of",2018,Existing Destination Chargers,117,Sydney - City and Inner South,New South Wales,ev_00474,,not_target,,,,,,,,,,,,,,,,,False,,,not_target,False,not_target,False,not_target,False,not_target,False
,,"342 Conadilly St, Gunnedah, 2380",Tesla,2,AC,17 kW,-30.98004809,150.2576597,Gunnedah Shire Council,2380,Existing Destination Chargers,110,New England and North West,New South Wales,ev_00475,,not_target,,,,,,,,,,,,,,,,,False,,,not_target,False,not_target,False,not_target,False,not_target,False
,,"342 Kanahooka Rd, Brownsville, NSW, 2530",Ampol,2,DC,125 kW,-34.4859664,150.8064594,Wollongong City Council,2530,ARENA - Driving the Nation,107,Illawarra,New South Wales,ev_00476,"-34.485966,150.806459",matched,13.53,nearby_identity,0000022256,Ampol Foodary Brownsville,342 Kanahooka Rd Brownsville 2530,Ampol,CCS 2; CHAdeMO,,,2,,,,Ampol official station locator,Official website; no open-data licence asserted,https://ampcharge.ampol.com.au/find-a-charging-station,True,ampol,ampol,unmatched,False,matched,True,unmatched,False,unmatched,False
,,"345 Dangarsleigh Rd, Armidale, 2350",Tesla,1,AC,6 kW,-30.55532537,151.6826547,Armidale Regional Council,2350,Existing Destination Chargers,110,New England and North West,New South Wales,ev_00477,,not_target,,,,,,,,,,,,,,,,,False,,,not_target,False,not_target,False,not_target,False,not_target,False
,,"345 Lawrence Hargrave Dr, Thirroul , NSW 2515",EVX,2,AC,22 kW,-34.31759264,150.9184815,Wollongong City Council,NSW 2515,Existing Destination Chargers,107,Illawarra,New South Wales,ev_00478,,not_target,,,,,,,,,,,,,,,,,False,,,not_target,False,not_target,False,not_target,False,not_target,False
,,"345 Victoria Ave, Chatswood NSW 2067",Engie,2,DC,150 kW,-33.7945647,151.18613,Willoughby City Council,2067,ARENA - Driving the Nation,121,Sydney - North Sydney and Hornsby,New South Wales,ev_00479,"-33.794565,151.186130",review_unresolved,,,,,,,,,,,,,,,,,False,,,unmatched,False,unmatched,False,review_identity,False,unmatched,False
,,"345 Victoria Ave, Sydney, 2067",Chargefox,2,AC,6 kW,-33.79456461,151.1861301,Willoughby City Council,2067,Existing Destination Chargers,121,Sydney - North Sydney and Hornsby,New South Wales,ev_00480,,not_target,,,,,,,,,,,,,,,,,False,,,not_target,False,not_target,False,not_target,False,not_target,False
,,"345 Victoria Ave, Sydney, 2067",Chargefox,2,DC,150 kW,-33.79304309,151.1865576,Willoughby City Council,2067,Existing Fast Chargers,121,Sydney - North Sydney and Hornsby,New South Wales,ev_00481,"-33.793043,151.186558",review_unresolved,,,,,,,,,,,,,,,,,False,,,unmatched,False,unmatched,False,review_identity,False,unmatched,False
,,"3483 Jerrys Plains Rd, Jerrys Plains, 2330",Tesla,12,DC,130 kW,-32.44806211,150.8316627,Muswellbrook Shire Council,2330,Existing Fast Chargers,106,Hunter Valley exc Newcastle,New South Wales,ev_00482,"-32.448062,150.831663",review_unresolved,,,,,,,,,,,,,,,,,False,,,unmatched,False,unmatched,False,review_identity,False,review_identity,False
,,"35 Perry St, Mudgee, 2850",ChargeHub,4,AC,22 kW,-32.59411016,149.5859209,Mid-Western Regional Council,2850,Existing Destination Chargers,103,Central West,New South Wales,ev_00483,,not_target,,,,,,,,,,,,,,,,,False,,,not_target,False,not_target,False,not_target,False,not_target,False
,,"3-5 Underwood Rd, Homebush NSW 2140",Engie,2,DC,150 kW,-33.8556219,151.0767955,Strathfield Municipal Council,2140,ARENA - Driving the Nation,120,Sydney - Inner West,New South Wales,ev_00484,"-33.855622,151.076796",review_unresolved,,,,,,,,,,,,,,,,,False,,,unmatched,False,unmatched,False,review_identity,False,review_identity,False
,,"3-5 Underwood Rd, Sydney, 2140",Chargefox,2,AC,22 kW,-33.85562167,151.0767968,Strathfield Municipal Council,2140,Existing Destination Chargers,120,Sydney - Inner West,New South Wales,ev_00485,,not_target,,,,,,,,,,,,,,,,,False,,,not_target,False,not_target,False,not_target,False,not_target,False
,,"35 Woodburn St, Evans Head, 2473",EVX,2,AC,22 kW,-29.11760465,153.4303974,Richmond Valley Council,2473,Existing Destination Chargers,112,Richmond - Tweed,New South Wales,ev_00486,,not_target,,,,,,,,,,,,,,,,,False,,,not_target,False,not_target,False,not_target,False,not_target,False
,,"350 Church St, Sydney, 2150",Tesla,4,AC,22 kW,-33.81027432,151.0055475,"Parramatta, Council of the City of",2150,Existing Destination Chargers,125,Sydney - Parramatta,New South Wales,ev_00487,,not_target,,,,,,,,,,,,,,,,,False,,,not_target,False,not_target,False,not_target,False,not_target,False
,,"351 Oran Park Drive, Sydney, 2570",Exploren,20,AC,22 kW,-34.00046151,150.7405926,Camden Council,2570,Existing Destination Chargers,127,Sydney - South West,New South Wales,ev_00488,,not_target,,,,,,,,,,,,,,,,,False,,,not_target,False,not_target,False,not_target,False,not_target,False
,,"35-39 Lord St, Port Macquarie, 2444",Chargefox,4,AC,22 kW,-31.43441846,152.9171882,Port Macquarie-Hastings Council,2444,Existing Destination Chargers,108,Mid North Coast,New South Wales,ev_00489,,not_target,,,,,,,,,,,,,,,,,False,,,not_target,False,not_target,False,not_target,False,not_target,False
,,"36 Blue St, Sydney, 2060",Chargefox,3,AC,22 kW,-33.84031436,151.207023,"North Sydney, Council of the City of Council",2060,Existing Destination Chargers,121,Sydney - North Sydney and Hornsby,New South Wales,ev_00490,,not_target,,,,,,,,,,,,,,,,,False,,,not_target,False,not_target,False,not_target,False,not_target,False
,,"36 Blue St, Sydney, 2060",Tesla,3,AC,22 kW,-33.84084389,151.2072583,"North Sydney, Council of the City of Council",2060,Existing Destination Chargers,121,Sydney - North Sydney and Hornsby,New South Wales,ev_00491,,not_target,,,,,,,,,,,,,,,,,False,,,not_target,False,not_target,False,not_target,False,not_target,False
,,"36 College St, Sydney, 2010",Tesla,2,AC,6 kW,-33.87597502,151.2126787,"Sydney, Council of the City of",2010,Existing Destination Chargers,117,Sydney - City and Inner South,New South Wales,ev_00492,,not_target,,,,,,,,,,,,,,,,,False,,,not_target,False,not_target,False,not_target,False,not_target,False
,,"361 Milperra Rd, Sydney, 2200",Chargefox,6,AC,22 kW,-33.92839244,150.9902803,Canterbury Bankstown Council,2200,Existing Destination Chargers,119,Sydney - Inner South West,New South Wales,ev_00493,,not_target,,,,,,,,,,,,,,,,,False,,,not_target,False,not_target,False,not_target,False,not_target,False
,,"361A Bobbin Head Rd, Sydney, 2074",Exploren,2,AC,22 kW,-33.70250355,151.1487277,Ku-ring-gai Council,2074,Existing Destination Chargers,121,Sydney - North Sydney and Hornsby,New South Wales,ev_00494,,not_target,,,,,,,,,,,,,,,,,False,,,not_target,False,not_target,False,not_target,False,not_target,False
,,"368 Anzac Pde, Sydney, 2032",BP,2,DC,75 kW,-33.91983588,151.226974,Randwick City Council,2032,Existing Fast Chargers,118,Sydney - Eastern Suburbs,New South Wales,ev_00495,"-33.919836,151.226974",matched,9.04,nearby_identity,node/13206142331,,,bp pulse,CCS Type 2,,,,,,,OpenStreetMap contributors,ODbL 1.0; https://www.openstreetmap.org/copyright,https://www.openstreetmap.org/node/13206142331,True,osm,osm,review_identity,False,unmatched,False,unmatched,False,matched,True
,,"37 Nabiac St, Nabiac, 2312",NRMA,2,DC,50 kW,-32.09907112,152.3815746,Mid-Coast Council,2312,Existing Fast Chargers,108,Mid North Coast,New South Wales,ev_00496,"-32.099071,152.381575",matched,20.12,nearby_identity,161993,Nabiac [NRMA],"Nabiac Street, Nabiac, 2312",NRMA,CCS (Type 2); CHAdeMO,$0.74/kWh,Public,,4,Operational,2026-07-14T23:37:00Z,Open Charge Map Contributors,Licensed under Creative Commons Attribution 4.0 International (CC BY 4.0),https://openchargemap.org/site/poi/details/161993,True,ocm,ocm; osm,unmatched,False,unmatched,False,matched,True,matched,True
,,"37-39 Baird Ave, Sydney, 2036",Chargefox,2,AC,22 kW,-33.95798203,151.2301031,Randwick City Council,2036,Existing Destination Chargers,118,Sydney - Eastern Suburbs,New South Wales,ev_00497,,not_target,,,,,,,,,,,,,,,,,False,,,not_target,False,not_target,False,not_target,False,not_target,False
,,"37-39 O'Donnell St, Sydney, 2026",Exploren,1,AC,22 kW,-33.8841562,151.2819439,Waverley Council,2026,Existing Destination Chargers,118,Sydney - Eastern Suburbs,New South Wales,ev_00498,,not_target,,,,,,,,,,,,,,,,,False,,,not_target,False,not_target,False,not_target,False,not_target,False
,,"375-383 Windsor Rd, Sydney, 2153",Tesla,1,AC,22 kW,-33.75896601,150.9915866,The Hills Shire Council,2153,Existing Destination Chargers,115,Sydney - Baulkham Hills and Hawkesbury,New South Wales,ev_00499,,not_target,,,,,,,,,,,,,,,,,False,,,not_target,False,not_target,False,not_target,False,not_target,False
,,"375-383 Windsor Rd, Sydney, 2153",Tesla,4,DC,250 kW,-33.75869074,150.9914705,The Hills Shire Council,2153,Existing Fast Chargers,115,Sydney - Baulkham Hills and Hawkesbury,New South Wales,ev_00500,"-33.758691,150.991470",review_unresolved,,,,,,,,,,,,,,,,,False,,,unmatched,False,unmatched,False,unmatched,False,review_identity,False
,,"38 Abbott Rd, Seven Hills NSW 2147",Ampol,2,DC,125 kW,-33.7668115,150.9549656,Blacktown City Council,2147,ARENA - Driving the Nation,116,Sydney - Blacktown,New South Wales,ev_00501,"-33.766812,150.954966",review_unresolved,,,,,,,,,,,,,,,,,False,,,review_identity,False,unmatched,False,review_identity,False,review_identity,False
,,"38 Flora St, Sydney, 2232",Chargefox,4,DC,47 kW,-34.03434039,151.0726517,Sutherland Shire Council,2232,Existing Fast Chargers,128,Sydney - Sutherland,New South Wales,ev_00502,"-34.034340,151.072652",review_unresolved,,,,,,,,,,,,,,,,,False,,,unmatched,False,unmatched,False,review_identity,False,review_identity,False
,,"38 Swift St, Holbrook, 2644",Tesla,9,DC,250 kW,-35.72254759,147.3175105,Greater Hume Shire Council,2644,Existing Fast Chargers,109,Murray,New South Wales,ev_00503,"-35.722548,147.317510",matched,49.15,nearby_identity,296044,Tesla Supercharger Holbrook,"Swift Street, Holbrook, 2644",Tesla (Tesla-only charging),CCS (Type 2),$0.69 / kWh,Public - Membership Required,,1,Operational,2024-03-06T09:49:00Z,Open Charge Map Contributors,Licensed under Creative Commons Attribution 4.0 International (CC BY 4.0),https://openchargemap.org/site/poi/details/296044,True,ocm,ocm; osm,unmatched,False,unmatched,False,matched,True,matched,True
,,"387 Lake Rd, Newcastle, 2285",Tesla,2,AC,22 kW,-32.93174479,151.6396707,Lake Macquarie City Council,2285,Existing Destination Chargers,111,Newcastle and Lake Macquarie,New South Wales,ev_00504,,not_target,,,,,,,,,,,,,,,,,False,,,not_target,False,not_target,False,not_target,False,not_target,False
,,"387 Lake Road, Newcastle, 2285",Chargefox,1,AC,6 kW,-32.9355556,151.6443664,Lake Macquarie City Council,2285,Existing Destination Chargers,111,Newcastle and Lake Macquarie,New South Wales,ev_00505,,not_target,,,,,,,,,,,,,,,,,False,,,not_target,False,not_target,False,not_target,False,not_target,False
,,"388 Edgecliff Rd, Sydney, 2025",Exploren,1,AC,22 kW,-33.88320925,151.2420531,Woollahra Municipal Council,2025,Existing Destination Chargers,118,Sydney - Eastern Suburbs,New South Wales,ev_00506,,not_target,,,,,,,,,,,,,,,,,False,,,not_target,False,not_target,False,not_target,False,not_target,False
,,"389 Pitt Street, Sydney, 2000",Exploren,2,AC,6 kW,-33.87696501,151.2074955,"Sydney, Council of the City of",2000,Existing Destination Chargers,117,Sydney - City and Inner South,New South Wales,ev_00507,,not_target,,,,,,,,,,,,,,,,,False,,,not_target,False,not_target,False,not_target,False,not_target,False
,,"39 Clarence St, Tabulam, 2469",Exploren,2,AC,22 kW,-28.89041046,152.5665976,Kyogle Council,2469,Existing Destination Chargers,112,Richmond - Tweed,New South Wales,ev_00508,,not_target,,,,,,,,,,,,,,,,,False,,,not_target,False,not_target,False,not_target,False,not_target,False
,,"39 East Espl, Sydney, 2095",Gentari,1,AC,11 kW,-33.79983388,151.286,Northern Beaches Council,2095,Existing Destination Chargers,122,Sydney - Northern Beaches,New South Wales,ev_00509,,not_target,,,,,,,,,,,,,,,,,False,,,not_target,False,not_target,False,not_target,False,not_target,False
,,"39 Seignior St, Junee, 2663",Tesla,2,AC,22 kW,-34.87101406,147.5825415,Junee Shire Council,2663,Existing Destination Chargers,113,Riverina,New South Wales,ev_00510,,not_target,,,,,,,,,,,,,,,,,False,,,not_target,False,not_target,False,not_target,False,not_target,False
,,"3A Cowell St, Sydney, 2111",Evie,2,DC,75 kW,-33.83281286,151.1277918,"Hunters Hill, The Council of the Municipality of",2111,Existing Fast Chargers,126,Sydney - Ryde,New South Wales,ev_00511,"-33.832813,151.127792",matched,20.07,nearby_identity,node/13073547942,,,Evie Networks,CCS Type 2,,,,,,,OpenStreetMap contributors,ODbL 1.0; https://www.openstreetmap.org/copyright,https://www.openstreetmap.org/node/13073547942,True,osm,osm,review_shared_external,False,unmatched,False,unmatched,False,matched,True
,,"4 Defries Ave, Sydney, 2017",Tesla,3,AC,22 kW,-33.90483888,151.212997,"Sydney, Council of the City of",2017,Existing Destination Chargers,117,Sydney - City and Inner South,New South Wales,ev_00512,,not_target,,,,,,,,,,,,,,,,,False,,,not_target,False,not_target,False,not_target,False,not_target,False
,,"4 Defries Ave, Sydney, 2017",Ampol,6,DC,150 kW,-33.90556061,151.2126807,"Sydney, Council of the City of",2017,Existing Fast Chargers,117,Sydney - City and Inner South,New South Wales,ev_00513,"-33.905561,151.212681",matched,6.07,nearby_identity,0000025107,AmpCharge East Village Shopping Centre,4 Defries Ave Zetland 2017,Ampol,CCS 2,,,6,,,,Ampol official station locator,Official website; no open-data licence asserted,https://ampcharge.ampol.com.au/find-a-charging-station,True,ampol,ampol,unmatched,False,matched,True,review_identity,False,unmatched,False
,,"4 Finch Dr, Sydney, 2036",Chargefox,1,AC,22 kW,-33.93998603,151.2254314,Bayside Council,2036,Existing Destination Chargers,117,Sydney - City and Inner South,New South Wales,ev_00514,,not_target,,,,,,,,,,,,,,,,,False,,,not_target,False,not_target,False,not_target,False,not_target,False
,,"4 Harris St, Newcastle, 2287",Chargefox,2,AC,22 kW,-32.90017122,151.6694595,Newcastle City Council,2287,Existing Destination Chargers,111,Newcastle and Lake Macquarie,New South Wales,ev_00515,,not_target,,,,,,,,,,,,,,,,,False,,,not_target,False,not_target,False,not_target,False,not_target,False
,,"4 Pinaroo Place, Sydney, 2066",Exploren,1,AC,22 kW,-33.80568773,151.156033,Lane Cove Municipal Council,2066,Existing Destination Chargers,121,Sydney - North Sydney and Hornsby,New South Wales,ev_00516,,not_target,,,,,,,,,,,,,,,,,False,,,not_target,False,not_target,False,not_target,False,not_target,False
,,"4 Tindall St, Sydney, 2560",Evie,4,DC,150 kW,-34.07206311,150.8051261,Campbelltown City Council,2560,Existing Fast Chargers,123,Sydney - Outer South West,New South Wales,ev_00517,"-34.072063,150.805126",matched,0.02,nearby_identity,6701,Marketfair Campbelltown,4 Tindall Street  Campbelltown 2560,Evie Networks,CCS Type 2; CHAdeMO,0.71/kWh + 0.04/kWh (9:00 AM-9:00 PM),,,,,,Evie Networks official station map,Official website; no open-data licence asserted,https://evie.com.au/find-a-charger/,True,evie,evie; osm,matched,True,unmatched,False,review_identity,False,matched,True
,,"40 Blackbutts Rd, Sydney, 2086",Exploren,1,AC,22 kW,-33.74183088,151.2137838,Northern Beaches Council,2086,Existing Destination Chargers,122,Sydney - Northern Beaches,New South Wales,ev_00518,,not_target,,,,,,,,,,,,,,,,,False,,,not_target,False,not_target,False,not_target,False,not_target,False
,,"40 Gouldsbury St, Sydney, 2088",Evie,2,DC,75 kW,-33.82807512,151.2434454,Mosman Municipal Council,2088,Existing Fast Chargers,121,Sydney - North Sydney and Hornsby,New South Wales,ev_00519,"-33.828075,151.243445",review_unresolved,,,,,,,,,,,,,,,,,False,,,review_shared_external,False,unmatched,False,review_identity,False,unmatched,False
,,"40 Jersey Rd, Sydney, 2770",Chargefox,2,DC,160 kW,-33.74376581,150.809028,Blacktown City Council,2770,Existing Fast Chargers,116,Sydney - Blacktown,New South Wales,ev_00520,"-33.743766,150.809028",review_unresolved,,,,,,,,,,,,,,,,,False,,,unmatched,False,unmatched,False,unmatched,False,unmatched,False
,,"40 Kingsway, Sydney, 2099",Tesla,1,AC,22 kW,-33.75031336,151.2863123,Northern Beaches Council,2099,Existing Destination Chargers,122,Sydney - Northern Beaches,New South Wales,ev_00521,,not_target,,,,,,,,,,,,,,,,,False,,,not_target,False,not_target,False,not_target,False,not_target,False
,,"40 Langlee Ave, Sydney, 2024",Saascharge,5,AC,22 kW,-33.89782187,151.2588849,Waverley Council,2024,Existing Destination Chargers,118,Sydney - Eastern Suburbs,New South Wales,ev_00522,,not_target,,,,,,,,,,,,,,,,,False,,,not_target,False,not_target,False,not_target,False,not_target,False
,,"40 Oxley Street, Sydney, 2570",Exploren,2,AC,22 kW,-34.05424729,150.6946687,Camden Council,2570,Existing Destination Chargers,123,Sydney - Outer South West,New South Wales,ev_00523,,not_target,,,,,,,,,,,,,,,,,False,,,not_target,False,not_target,False,not_target,False,not_target,False
,,"40 Panmure St, Sydney, 2155",JOLT,2,DC,25 kW,-33.68328033,150.9165856,The Hills Shire Council,2155,Existing Fast Chargers,115,Sydney - Baulkham Hills and Hawkesbury,New South Wales,ev_00524,"-33.683280,150.916586",review_unresolved,,,,,,,,,,,,,,,,,False,,,unmatched,False,unmatched,False,unmatched,False,unmatched,False
,,"40 Wharf Rd, Newcastle, 2300",Chargefox,8,AC,6 kW,-32.92472277,151.7883063,Newcastle City Council,2300,Existing Destination Chargers,111,Newcastle and Lake Macquarie,New South Wales,ev_00525,,not_target,,,,,,,,,,,,,,,,,False,,,not_target,False,not_target,False,not_target,False,not_target,False
,,"40 William St, Port Macquarie, 2444",Tesla,2,AC,6 kW,-31.43106011,152.9190691,Port Macquarie-Hastings Council,2444,Existing Destination Chargers,108,Mid North Coast,New South Wales,ev_00526,,not_target,,,,,,,,,,,,,,,,,False,,,not_target,False,not_target,False,not_target,False,not_target,False
,,"400 Panorama Ave, Bathurst, 2795",Exploren,2,AC,20 kW,-33.44007412,149.562035,Bathurst Regional Council,2795,Existing Destination Chargers,103,Central West,New South Wales,ev_00527,,not_target,,,,,,,,,,,,,,,,,False,,,not_target,False,not_target,False,not_target,False,not_target,False
,,"401 Cabramatta Rd W, Cabramatta NSW 2166",Evie,4,DC,50 kW,-33.898778,150.919791,Fairfield City Council,2166,ARENA - Driving the Nation,127,Sydney - South West,New South Wales,ev_00528,"-33.898778,150.919791",matched,0.05,nearby_identity,7319,Hungry Jack’s – Cabramatta,401 Cabramatta Rd  Cabramatta 2166,Evie Networks,CCS Type 2; CHAdeMO,0.60/kWh,,,,,,Evie Networks official station map,Official website; no open-data licence asserted,https://evie.com.au/find-a-charger/,True,evie,evie; ocm; osm,matched,True,unmatched,False,matched,True,matched,True
,,"403 Tarean Rd, Karuah, 2324",Chargefox,6,DC,185 kW,-32.6538509,151.9625806,Port Stephens Council,2324,Existing Fast Chargers,106,Hunter Valley exc Newcastle,New South Wales,ev_00529,"-32.653851,151.962581",matched,23.65,nearby_identity,172919,Karuah [Chargefox],"403 Tarean Road, Karuah, 2324",Chargefox,CCS (Type 2); CHAdeMO,$0.45 - $0.60/kWh,Public - Membership Required,,3,Operational,2024-05-28T05:36:00Z,Open Charge Map Contributors,Licensed under Creative Commons Attribution 4.0 International (CC BY 4.0),https://openchargemap.org/site/poi/details/172919,True,ocm,ocm; osm,unmatched,False,unmatched,False,matched,True,matched,True
,,"405 Pacific Hwy, Sydney, 2064",Chargefox,2,DC,50 kW,-33.81391396,151.1777027,Willoughby City Council,2064,Existing Fast Chargers,121,Sydney - North Sydney and Hornsby,New South Wales,ev_00530,"-33.813914,151.177703",review_unresolved,,,,,,,,,,,,,,,,,False,,,unmatched,False,unmatched,False,unmatched,False,unmatched,False
,Hay Shire Council,"406 Moppett St
Hay NSW 2711
Australia",Exploren,4,AC,AC,-34.5089561,144.8428431,Hay Shire Council,2711,Destination Charging R1,109,Murray,New South Wales,ev_00531,,not_target,,,,,,,,,,,,,,,,,False,,,not_target,False,not_target,False,not_target,False,not_target,False
,,"41 Bruxner Hwy, Ballina, 2478",BP,2,DC,75 kW,-28.86161666,153.5169069,Ballina Shire Council,2478,Existing Fast Chargers,112,Richmond - Tweed,New South Wales,ev_00532,"-28.861617,153.516907",matched,5.13,nearby_identity,node/10687073170,,,bp pulse,CCS Type 2,,,,,,,OpenStreetMap contributors,ODbL 1.0; https://www.openstreetmap.org/copyright,https://www.openstreetmap.org/node/10687073170,True,osm,osm,unmatched,False,unmatched,False,unmatched,False,matched,True
,,"41 Endeavour Ave, La Perouse, 2036",Chargefox,2,AC,22 kW,-33.98706911,151.2321672,Randwick City Council,2036,Existing Destination Chargers,118,Sydney - Eastern Suburbs,New South Wales,ev_00533,,not_target,,,,,,,,,,,,,,,,,False,,,not_target,False,not_target,False,not_target,False,not_target,False
,,"41 Violet St, Katoomba, 2780",Exploren,4,AC,22 kW,-33.72801306,150.3007918,Blue Mountains City Council,2780,Existing Destination Chargers,124,Sydney - Outer West and Blue Mountains,New South Wales,ev_00534,,not_target,,,,,,,,,,,,,,,,,False,,,not_target,False,not_target,False,not_target,False,not_target,False
,,"41 Yambo St, Morisset, 2264",Exploren,1,AC,22 kW,-33.10739544,151.487048,Lake Macquarie City Council,2264,Existing Destination Chargers,111,Newcastle and Lake Macquarie,New South Wales,ev_00535,,not_target,,,,,,,,,,,,,,,,,False,,,not_target,False,not_target,False,not_target,False,not_target,False
,,"41 Yobarnie Ave, Richmond, 2754",Exploren,2,DC,180 kW,-33.58328633,150.7009239,Hawkesbury City Council,2754,Existing Fast Chargers,124,Sydney - Outer West and Blue Mountains,New South Wales,ev_00536,"-33.583286,150.700924",review_unresolved,,,,,,,,,,,,,,,,,False,,,unmatched,False,unmatched,False,unmatched,False,unmatched,False
,,"4-10 Hillcrest Rd, Sydney, 2120",Exploren,2,AC,11 kW,-33.73726031,151.071037,"Hornsby, The Council of the Shire of",2120,Existing Destination Chargers,126,Sydney - Ryde,New South Wales,ev_00537,,not_target,,,,,,,,,,,,,,,,,False,,,not_target,False,not_target,False,not_target,False,not_target,False
,,"41-47 Shepherds Dr, Sydney, 2126",Tesla,2,AC,22 kW,-33.72114519,151.0444505,"Hornsby, The Council of the Shire of",2126,Existing Destination Chargers,115,Sydney - Baulkham Hills and Hawkesbury,New South Wales,ev_00538,,not_target,,,,,,,,,,,,,,,,,False,,,not_target,False,not_target,False,not_target,False,not_target,False
,,"417 Hinterland Way, Knockrow, 2479",ChargePoint,2,AC,3 kW,-28.74979684,153.5343183,Ballina Shire Council,2479,Existing Destination Chargers,112,Richmond - Tweed,New South Wales,ev_00539,,not_target,,,,,,,,,,,,,,,,,False,,,not_target,False,not_target,False,not_target,False,not_target,False
,,"417-439 Bunnerong Rd, Sydney, 2035",Chargefox,8,DC,25 kW,-33.95139644,151.232049,Randwick City Council,2035,Existing Fast Chargers,118,Sydney - Eastern Suburbs,New South Wales,ev_00540,"-33.951396,151.232049",review_unresolved,,,,,,,,,,,,,,,,,False,,,unmatched,False,unmatched,False,unmatched,False,unmatched,False
,,"419 Captains Flat Rd, Carwoola, 2620",Tesla,1,AC,3 kW,-35.35577982,149.3044424,Queanbeyan-Palerang Regional Council,2620,Existing Destination Chargers,101,Capital Region,New South Wales,ev_00541,,not_target,,,,,,,,,,,,,,,,,False,,,not_target,False,not_target,False,not_target,False,not_target,False
,,"42 Camden Rd, Sydney, 2560",Chargefox,4,DC,200 kW,-34.07161666,150.8059289,Campbelltown City Council,2560,Existing Fast Chargers,123,Sydney - Outer South West,New South Wales,ev_00542,"-34.071617,150.805929",matched,5.64,nearby_identity,node/11842761957,,,Chargefox,CHAdeMO,,,,,,,OpenStreetMap contributors,ODbL 1.0; https://www.openstreetmap.org/copyright,https://www.openstreetmap.org/node/11842761957,True,osm,osm,review_identity,False,unmatched,False,review_identity,False,matched,True
,,"42 Cloete St, Young, 2594",Chargefox,4,AC,22 kW,-34.31460365,148.2962713,Hilltops Council,2594,Existing Destination Chargers,101,Capital Region,New South Wales,ev_00543,,not_target,,,,,,,,,,,,,,,,,False,,,not_target,False,not_target,False,not_target,False,not_target,False
,,"42 Lake Canobolas Rd, Nashdale, 2800",Exploren,1,AC,22 kW,-33.29907712,149.0193874,Cabonne Council,2800,Existing Destination Chargers,103,Central West,New South Wales,ev_00544,,not_target,,,,,,,,,,,,,,,,,False,,,not_target,False,not_target,False,not_target,False,not_target,False
,,"42 Malakoff St, Sydney, 2204",Exploren,2,AC,22 kW,-33.90799604,151.1567167,Inner West Council,2204,Existing Destination Chargers,117,Sydney - City and Inner South,New South Wales,ev_00545,,not_target,,,,,,,,,,,,,,,,,False,,,not_target,False,not_target,False,not_target,False,not_target,False
,,"427 McDonalds Rd, Pokolbin, 2320",Tesla,2,AC,22 kW,-32.77564769,151.2999429,Cessnock City Council,2320,Existing Destination Chargers,106,Hunter Valley exc Newcastle,New South Wales,ev_00546,,not_target,,,,,,,,,,,,,,,,,False,,,not_target,False,not_target,False,not_target,False,not_target,False
,,"43 Station St, Newcastle, 2293",Chargefox,2,AC,22 kW,-32.92302207,151.7572342,Newcastle City Council,2293,Existing Destination Chargers,111,Newcastle and Lake Macquarie,New South Wales,ev_00547,,not_target,,,,,,,,,,,,,,,,,False,,,not_target,False,not_target,False,not_target,False,not_target,False
,,"430 Marion St, Sydney, 2200",Chargefox,4,AC,22 kW,-33.91510615,150.9937177,Canterbury Bankstown Council,2200,Existing Destination Chargers,119,Sydney - Inner South West,New South Wales,ev_00548,,not_target,,,,,,,,,,,,,,,,,False,,,not_target,False,not_target,False,not_target,False,not_target,False
,,"430 Wine Country Drive, Lovedale, 2325",Exploren,5,AC,22 kW,-32.78157562,151.3490951,Cessnock City Council,2325,Existing Destination Chargers,106,Hunter Valley exc Newcastle,New South Wales,ev_00549,,not_target,,,,,,,,,,,,,,,,,False,,,not_target,False,not_target,False,not_target,False,not_target,False
,,"433 Ulan Rd, Buckaroo, 2850",Tesla,1,AC,22 kW,-32.56309714,149.6203163,Mid-Western Regional Council,2850,Existing Destination Chargers,103,Central West,New South Wales,ev_00550,,not_target,,,,,,,,,,,,,,,,,False,,,not_target,False,not_target,False,not_target,False,not_target,False
,,"44 Bangalow Rd, Ballina, 2478",Chargefox,4,DC,120 kW,-28.85743948,153.5614054,Ballina Shire Council,2478,Existing Fast Chargers,112,Richmond - Tweed,New South Wales,ev_00551,"-28.857439,153.561405",matched,35.19,nearby_identity,190225,NRMA Ballina,"44 Bangalow Road, Ballina, 2478",Chargefox,CCS (Type 2); CHAdeMO,"Ultra-Rapid: $0.60/kWh, Rapid: $0.40/kWh",Public - Membership Required,,3,Partly Operational (Mixed),2023-07-13T11:04:00Z,Open Charge Map Contributors,Licensed under Creative Commons Attribution 4.0 International (CC BY 4.0),https://openchargemap.org/site/poi/details/190225,True,ocm,ocm,unmatched,False,unmatched,False,matched,True,unmatched,False
,,"44 Broadarrow Rd, Sydney, 2209",JOLT,2,DC,25 kW,-33.94841746,151.0710831,Georges River Council,2209,Existing Fast Chargers,119,Sydney - Inner South West,New South Wales,ev_00552,"-33.948417,151.071083",review_unresolved,,,,,,,,,,,,,,,,,False,,,unmatched,False,unmatched,False,unmatched,False,unmatched,False
,,"44 Cherry St, Ballina, 2478",EVX,2,AC,22 kW,-28.868951,153.5622252,Ballina Shire Council,2478,Existing Destination Chargers,112,Richmond - Tweed,New South Wales,ev_00553,,not_target,,,,,,,,,,,,,,,,,False,,,not_target,False,not_target,False,not_target,False,not_target,False
,,"44 Mileham Ave, Sydney, 2153",Exploren,2,AC,6 kW,-33.74476881,150.9915385,The Hills Shire Council,2153,Existing Destination Chargers,115,Sydney - Baulkham Hills and Hawkesbury,New South Wales,ev_00554,,not_target,,,,,,,,,,,,,,,,,False,,,not_target,False,not_target,False,not_target,False,not_target,False
,,"44 Molesworth St, Lismore, 2480",Chargefox,2,DC,75 kW,-28.80654859,153.2786376,Lismore City Council,2480,Existing Fast Chargers,112,Richmond - Tweed,New South Wales,ev_00555,"-28.806549,153.278638",matched,31.19,nearby_identity,273220,Lismore City Council,"44 Molesworth St, Lismore, 2480",Chargefox,CCS (Type 2); CHAdeMO,$0.50 per kWh,Public - Membership Required,,1,Operational,2025-09-05T00:49:00Z,Open Charge Map Contributors,Licensed under Creative Commons Attribution 4.0 International (CC BY 4.0),https://openchargemap.org/site/poi/details/273220,True,ocm,ocm,unmatched,False,unmatched,False,matched,True,unmatched,False
,,"44 Station St
Wickham NSW 2293
Australia",Chargefox,2,AC,22 kW,-32.9230228,151.7572335,Newcastle City Council,2293,Kerbside Charging R1,111,Newcastle and Lake Macquarie,New South Wales,ev_00556,,not_target,,,,,,,,,,,,,,,,,False,,,not_target,False,not_target,False,not_target,False,not_target,False
,,"446 Dean St, Albury, 2640",Exploren,4,AC,22 kW,-36.08063568,146.9216096,Albury City Council,2640,Existing Destination Chargers,109,Murray,New South Wales,ev_00557,,not_target,,,,,,,,,,,,,,,,,False,,,not_target,False,not_target,False,not_target,False,not_target,False
,,"44-60 Allison Cres, Sydney, 2234",Exploren,2,AC,22 kW,-34.01364569,151.0171041,Sutherland Shire Council,2234,Existing Destination Chargers,128,Sydney - Sutherland,New South Wales,ev_00558,,not_target,,,,,,,,,,,,,,,,,False,,,not_target,False,not_target,False,not_target,False,not_target,False
,,"45 Riverbank Dr, Sydney, 2769",Chargefox,1,AC,6 kW,-33.70588893,150.9104284,Blacktown City Council,2769,Existing Destination Chargers,116,Sydney - Blacktown,New South Wales,ev_00559,,not_target,,,,,,,,,,,,,,,,,False,,,not_target,False,not_target,False,not_target,False,not_target,False
,,"45 Syncarpia Cres, Central Coast, 2250",Exploren,1,AC,22 kW,-33.3942563,151.3283504,Central Coast Council,2250,Existing Destination Chargers,102,Central Coast,New South Wales,ev_00560,,not_target,,,,,,,,,,,,,,,,,False,,,not_target,False,not_target,False,not_target,False,not_target,False
,,"455 George St, Sydney, 2000",Tesla,2,AC,22 kW,-33.8712573,151.2063043,"Sydney, Council of the City of",2000,Existing Destination Chargers,117,Sydney - City and Inner South,New South Wales,ev_00561,,not_target,,,,,,,,,,,,,,,,,False,,,not_target,False,not_target,False,not_target,False,not_target,False
,,"455 George St, Sydney, 2000",Exploren,2,DC,60 kW,-33.87152357,151.2067017,"Sydney, Council of the City of",2000,Existing Fast Chargers,117,Sydney - City and Inner South,New South Wales,ev_00562,"-33.871524,151.206702",review_unresolved,,,,,,,,,,,,,,,,,False,,,unmatched,False,unmatched,False,unmatched,False,unmatched,False
,,"46 Dutruc Street, Sydney, 2031",Exploren,1,AC,22 kW,-33.91201606,151.245013,Randwick City Council,2031,Existing Destination Chargers,118,Sydney - Eastern Suburbs,New South Wales,ev_00563,,not_target,,,,,,,,,,,,,,,,,False,,,not_target,False,not_target,False,not_target,False,not_target,False
,,"46 Hercules St, Sydney, 2067",EV Meter,1,AC,11 kW,-33.79563568,151.1881121,Willoughby City Council,2067,Existing Destination Chargers,121,Sydney - North Sydney and Hornsby,New South Wales,ev_00564,,not_target,,,,,,,,,,,,,,,,,False,,,not_target,False,not_target,False,not_target,False,not_target,False
,,"4-6 New St, Lawson NSW 2783",Evie,4,DC,50 kW,-33.720695,150.429727,Blue Mountains City Council,2783,ARENA - Driving the Nation,124,Sydney - Outer West and Blue Mountains,New South Wales,ev_00565,"-33.720695,150.429727",matched,0.04,nearby_identity,6769,4 New Street Parking – Lawson,4-6 New St  Lawson 2783,Evie Networks,CCS Type 2; CHAdeMO,0.74/kWh,,,,,,Evie Networks official station map,Official website; no open-data licence asserted,https://evie.com.au/find-a-charger/,True,evie,evie; ocm; osm,matched,True,unmatched,False,matched,True,matched,True
,,"4-6 Niangala Cl, Belrose NSW 2085",Evie,4,DC,50 kW,-33.703313,151.213158,Northern Beaches Council,2085,ARENA - Driving the Nation,122,Sydney - Northern Beaches,New South Wales,ev_00566,"-33.703313,151.213158",matched,0.03,nearby_identity,7192,HomeCo – Belrose,4-6 Niangala Close  Belrose 2085,Evie Networks,CCS Type 2; CHAdeMO,0.62/kWh + 0.09/kWh (9:00 AM-9:00 PM),,,,,,Evie Networks official station map,Official website; no open-data licence asserted,https://evie.com.au/find-a-charger/,True,evie,evie; ocm,matched,True,unmatched,False,matched,True,review_identity,False
,,"46 Peach Tree Rd, Megalong Valley, 2785",Chargefox,1,AC,22 kW,-33.69111616,150.2486817,Blue Mountains City Council,2785,Existing Destination Chargers,124,Sydney - Outer West and Blue Mountains,New South Wales,ev_00567,,not_target,,,,,,,,,,,,,,,,,False,,,not_target,False,not_target,False,not_target,False,not_target,False
,,"46 Providence Rd, Providence Portal, 2629",Tesla,5,AC,5 kW,-35.94206611,148.6272122,Snowy Monaro Regional Council,2629,Existing Destination Chargers,101,Capital Region,New South Wales,ev_00568,,not_target,,,,,,,,,,,,,,,,,False,,,not_target,False,not_target,False,not_target,False,not_target,False
,,"461 Victoria Rd, Sydney, 2111",Exploren,2,DC,120 kW,-33.8208589,151.121011,"Ryde, Council of the City of",2111,Existing Fast Chargers,126,Sydney - Ryde,New South Wales,ev_00569,"-33.820859,151.121011",review_unresolved,,,,,,,,,,,,,,,,,False,,,unmatched,False,unmatched,False,unmatched,False,review_identity,False
,,"462 Chapel Rd N, Sydney, 2200",Tesla,2,AC,22 kW,-33.9132593,151.0334715,Canterbury Bankstown Council,2200,Existing Destination Chargers,119,Sydney - Inner South West,New South Wales,ev_00570,,not_target,,,,,,,,,,,,,,,,,False,,,not_target,False,not_target,False,not_target,False,not_target,False
,,"4655 Jenolan Caves Road, Jenolan, 2790",Tesla,2,AC,19 kW,-33.82146351,150.0216787,Oberon Council,2790,Existing Destination Chargers,103,Central West,New South Wales,ev_00571,,not_target,,,,,,,,,,,,,,,,,False,,,not_target,False,not_target,False,not_target,False,not_target,False
,,"47 Airport Rd, Albion Park Rail, 2527",ChargeHub,1,AC,22 kW,-34.56110015,150.79104,Shellharbour City Council,2527,Existing Destination Chargers,107,Illawarra,New South Wales,ev_00572,,not_target,,,,,,,,,,,,,,,,,False,,,not_target,False,not_target,False,not_target,False,not_target,False
,,"472 Pacific Hwy, Sydney, 2066",JOLT,2,DC,25 kW,-33.80837842,151.1785636,Lane Cove Municipal Council,2066,Existing Fast Chargers,121,Sydney - North Sydney and Hornsby,New South Wales,ev_00573,"-33.808378,151.178564",review_unresolved,,,,,,,,,,,,,,,,,False,,,unmatched,False,unmatched,False,unmatched,False,unmatched,False
,,"47-49A Cleary St, Newcastle, 2303",Chargefox,2,DC,60 kW,-32.92120425,151.747975,Newcastle City Council,2303,Existing Fast Chargers,111,Newcastle and Lake Macquarie,New South Wales,ev_00574,"-32.921204,151.747975",review_unresolved,,,,,,,,,,,,,,,,,False,,,unmatched,False,unmatched,False,unmatched,False,unmatched,False
,,"481 Princes Hwy, Sydney, 2232",Ampol,2,DC,150 kW,-34.02936741,151.0807237,Sutherland Shire Council,2232,Existing Fast Chargers,128,Sydney - Sutherland,New South Wales,ev_00575,"-34.029367,151.080724",matched,0.6,nearby_identity,0000020040,Ampol Foodary Kirrawee,487 Princes Hwy Kirrawee 2232,Ampol,CCS 2,,,2,,,,Ampol official station locator,Official website; no open-data licence asserted,https://ampcharge.ampol.com.au/find-a-charging-station,True,ampol,ampol,unmatched,False,matched,True,unmatched,False,unmatched,False
,,"487 Sydney Rd, Sydney, 2093",BP,2,DC,75 kW,-33.7953594,151.255969,Northern Beaches Council,2093,Existing Fast Chargers,122,Sydney - Northern Beaches,New South Wales,ev_00576,"-33.795359,151.255969",review_unresolved,,,,,,,,,,,,,,,,,False,,,unmatched,False,unmatched,False,unmatched,False,unmatched,False
,,"49 Harrison St, Newcastle, 2285",Exploren,1,AC,22 kW,-32.94098803,151.6599069,Lake Macquarie City Council,2285,Existing Destination Chargers,111,Newcastle and Lake Macquarie,New South Wales,ev_00577,,not_target,,,,,,,,,,,,,,,,,False,,,not_target,False,not_target,False,not_target,False,not_target,False
,,"49 Macquarie Rd, Newcastle, 2285",ChargeHub,4,AC,22 kW,-32.94269074,151.6574705,Lake Macquarie City Council,2285,Existing Destination Chargers,111,Newcastle and Lake Macquarie,New South Wales,ev_00578,,not_target,,,,,,,,,,,,,,,,,False,,,not_target,False,not_target,False,not_target,False,not_target,False
,,"49 Nile St, Orange, 2800",Tesla,2,AC,22 kW,-33.28196501,149.1125716,Orange City Council,2800,Existing Destination Chargers,103,Central West,New South Wales,ev_00579,,not_target,,,,,,,,,,,,,,,,,False,,,not_target,False,not_target,False,not_target,False,not_target,False
,,"49 Tower Rd, Sydney, 2200",Chargefox,6,AC,22 kW,-33.92263868,150.982025,Canterbury Bankstown Council,2200,Existing Destination Chargers,119,Sydney - Inner South West,New South Wales,ev_00580,,not_target,,,,,,,,,,,,,,,,,False,,,not_target,False,not_target,False,not_target,False,not_target,False
,,"490 Macleay Valley Way, South Kempsey, 2440",Exploren,2,AC,22 kW,-31.11738843,152.8269229,Kempsey Shire Council,2440,Existing Destination Chargers,108,Mid North Coast,New South Wales,ev_00581,,not_target,,,,,,,,,,,,,,,,,False,,,not_target,False,not_target,False,not_target,False,not_target,False
,,"4968 Mitchell Hwy, Orange, 2800",Tesla,2,AC,17 kW,-33.31640045,149.1466146,Orange City Council,2800,Existing Destination Chargers,103,Central West,New South Wales,ev_00582,,not_target,,,,,,,,,,,,,,,,,False,,,not_target,False,not_target,False,not_target,False,not_target,False
,,"5 Beames Ave, Sydney, 2766",Chargefox,2,AC,22 kW,-33.77242047,150.8435886,Blacktown City Council,2766,Existing Destination Chargers,116,Sydney - Blacktown,New South Wales,ev_00583,,not_target,,,,,,,,,,,,,,,,,False,,,not_target,False,not_target,False,not_target,False,not_target,False
,,"5 Bishop St, Sydney, 2106",EVX,2,AC,6 kW,-33.65727432,151.3155646,Northern Beaches Council,2106,Existing Destination Chargers,122,Sydney - Northern Beaches,New South Wales,ev_00584,,not_target,,,,,,,,,,,,,,,,,False,,,not_target,False,not_target,False,not_target,False,not_target,False
,,"5 Footbridge Blvd, Sydney, 2127",Tesla,2,AC,22 kW,-33.82481886,151.0771852,"Parramatta, Council of the City of",2127,Existing Destination Chargers,125,Sydney - Parramatta,New South Wales,ev_00585,,not_target,,,,,,,,,,,,,,,,,False,,,not_target,False,not_target,False,not_target,False,not_target,False
,,"5 King St, Newcastle, 2300",Tesla,1,AC,22 kW,-32.92911916,151.7849419,Newcastle City Council,2300,Existing Destination Chargers,111,Newcastle and Lake Macquarie,New South Wales,ev_00586,,not_target,,,,,,,,,,,,,,,,,False,,,not_target,False,not_target,False,not_target,False,not_target,False
,,"5 Norton Ln, Bowral, 2576",Tesla,1,AC,6 kW,-34.49678483,150.4471632,Wingecarribee Shire Council,2576,Existing Destination Chargers,114,Southern Highlands and Shoalhaven,New South Wales,ev_00587,,not_target,,,,,,,,,,,,,,,,,False,,,not_target,False,not_target,False,not_target,False,not_target,False
,,"5 Ray St, Sydney, 2074",Exploren,2,DC,40 kW,-33.73201706,151.1273493,Ku-ring-gai Council,2074,Existing Fast Chargers,121,Sydney - North Sydney and Hornsby,New South Wales,ev_00588,"-33.732017,151.127349",review_unresolved,,,,,,,,,,,,,,,,,False,,,review_identity,False,unmatched,False,unmatched,False,unmatched,False
,,"5 Snapper Dr, Lennox Head, 2478",Chargefox,2,AC,22 kW,-28.80750055,153.5821481,Ballina Shire Council,2478,Existing Destination Chargers,112,Richmond - Tweed,New South Wales,ev_00589,,not_target,,,,,,,,,,,,,,,,,False,,,not_target,False,not_target,False,not_target,False,not_target,False
,,"5 Tilba St, Narooma, 2546",Tesla,2,AC,22 kW,-36.21966171,150.1333904,Eurobodalla Shire Council,2546,Existing Destination Chargers,101,Capital Region,New South Wales,ev_00590,,not_target,,,,,,,,,,,,,,,,,False,,,not_target,False,not_target,False,not_target,False,not_target,False
,,"5 Willowdale Dr, Denham Court NSW 2565",Evie,4,DC,75 kW,-33.97585397,150.811619,Campbelltown City Council,2565,ARENA - Driving the Nation,123,Sydney - Outer South West,New South Wales,ev_00591,"-33.975854,150.811619",matched,2.94,nearby_identity,4099,Willowdale Shopping Centre – Denham Court,5 Willowdale Dr  Denham Court 2565,Evie Networks,CCS Type 2; CHAdeMO,0.62/kWh + 0.09/kWh (9:00 AM-9:00 PM),,,,,,Evie Networks official station map,Official website; no open-data licence asserted,https://evie.com.au/find-a-charger/,True,evie,evie; osm,matched,True,unmatched,False,unmatched,False,matched,True
,,"50 Bathurst St, Brewarrina, NSW 2839, Australia",NRMA,4,DC,75 kW,-30.3247856,149.784033,Brewarrina Shire Council,2390,TfNSW Regional,110,New England and North West,New South Wales,ev_00592,"-30.324786,149.784033",review_unresolved,,,,,,,,,,,,,,,,,False,,,unmatched,False,unmatched,False,unmatched,False,review_identity,False
,,"50 Lowe St, Queanbeyan, 2620",NRMA,1,AC,22 kW,-35.35493498,149.2336006,Queanbeyan-Palerang Regional Council,2620,Existing Destination Chargers,101,Capital Region,New South Wales,ev_00593,,not_target,,,,,,,,,,,,,,,,,False,,,not_target,False,not_target,False,not_target,False,not_target,False
,,"50 O'Sullivan Rd, Sydney, 2029",Chargefox,2,DC,40 kW,-33.87899704,151.2623363,Woollahra Municipal Council,2029,Existing Fast Chargers,118,Sydney - Eastern Suburbs,New South Wales,ev_00594,"-33.878997,151.262336",review_unresolved,,,,,,,,,,,,,,,,,False,,,unmatched,False,unmatched,False,unmatched,False,unmatched,False
,,"50 Pembroke St, Sydney, 2131",Exploren,2,AC,22 kW,-33.88539144,151.1322382,Inner West Council,2131,Existing Destination Chargers,120,Sydney - Inner West,New South Wales,ev_00595,,not_target,,,,,,,,,,,,,,,,,False,,,not_target,False,not_target,False,not_target,False,not_target,False
,,"50 Wiley St, Sydney, 2024",Exploren,1,AC,22 kW,-33.89987192,151.2566737,Waverley Council,2024,Existing Destination Chargers,118,Sydney - Eastern Suburbs,New South Wales,ev_00596,,not_target,,,,,,,,,,,,,,,,,False,,,not_target,False,not_target,False,not_target,False,not_target,False
,,"509-517 The Entrance Rd, Central Coast, 2261",Tesla,2,AC,19 kW,-33.36742647,151.4756166,Central Coast Council,2261,Existing Destination Chargers,102,Central Coast,New South Wales,ev_00597,,not_target,,,,,,,,,,,,,,,,,False,,,not_target,False,not_target,False,not_target,False,not_target,False
,,"51 Bathurst St, Condobolin, 2877",Exploren,2,AC,22 kW,-33.08860065,147.1494875,Lachlan Shire Council,2877,Existing Destination Chargers,103,Central West,New South Wales,ev_00598,,not_target,,,,,,,,,,,,,,,,,False,,,not_target,False,not_target,False,not_target,False,not_target,False
,,"51 Metford Rd, Maitland, 2323",Chargefox,12,AC,22 kW,-32.75912517,151.6068999,Maitland City Council,2323,Existing Destination Chargers,106,Hunter Valley exc Newcastle,New South Wales,ev_00599,,not_target,,,,,,,,,,,,,,,,,False,,,not_target,False,not_target,False,not_target,False,not_target,False
,,"516 Punchbowl Rd Cnr Wangee Rd, Lakemba, NSW, 2195",Ampol,2,DC,125 kW,-33.911492,151.0732469,Canterbury Bankstown Council,2195,ARENA - Driving the Nation,119,Sydney - Inner South West,New South Wales,ev_00600,"-33.911492,151.073247",matched,0.0,nearby_identity,0000022276,Ampol Foodary Lakemba,516 Punchbowl Rd Cnr Wangee Rd Lakemba 2195,Ampol,CCS 2; CHAdeMO,,,2,,,,Ampol official station locator,Official website; no open-data licence asserted,https://ampcharge.ampol.com.au/find-a-charging-station,True,ampol,ampol,unmatched,False,matched,True,unmatched,False,unmatched,False
,,"52 Albert Ave, Sydney, 2067",Chargefox,6,AC,7 kW,-33.79807412,151.1844274,Willoughby City Council,2067,Existing Destination Chargers,121,Sydney - North Sydney and Hornsby,New South Wales,ev_00601,,not_target,,,,,,,,,,,,,,,,,False,,,not_target,False,not_target,False,not_target,False,not_target,False
,,"52 Pembroke St
Ashfield NSW 2131
Australia",EVE Australia,2,AC,22 kW,-33.8853908,151.1322384,Inner West Council,2131,Kerbside Charging R1,120,Sydney - Inner West,New South Wales,ev_00602,,not_target,,,,,,,,,,,,,,,,,False,,,not_target,False,not_target,False,not_target,False,not_target,False
,,"52 Princes Hwy, Bodalla, 2545",Tesla,2,AC,6 kW,-36.08683088,150.0495225,Eurobodalla Shire Council,2545,Existing Destination Chargers,101,Capital Region,New South Wales,ev_00603,,not_target,,,,,,,,,,,,,,,,,False,,,not_target,False,not_target,False,not_target,False,not_target,False
,,"52 Taylor Rd, Albion Park, 2527",Exploren,4,AC,22 kW,-34.57038143,150.7687437,Shellharbour City Council,2527,Existing Destination Chargers,107,Illawarra,New South Wales,ev_00604,,not_target,,,,,,,,,,,,,,,,,False,,,not_target,False,not_target,False,not_target,False,not_target,False
,Albury City Council,"520 David St
Albury NSW 2640
Australia",Exploren,4,AC,AC,-36.0806351,146.9216087,Albury City Council,2640,Destination Charging R1,109,Murray,New South Wales,ev_00605,,not_target,,,,,,,,,,,,,,,,,False,,,not_target,False,not_target,False,not_target,False,not_target,False
,,"528 John Oxley Dr, Thrumster, 2444",NRMA,2,DC,50 kW,-31.45803208,152.8274244,Port Macquarie-Hastings Council,2444,Existing Fast Chargers,108,Mid North Coast,New South Wales,ev_00606,"-31.458032,152.827424",matched,27.85,nearby_identity,172920,Sovereign Place [NRMA],"John Oxley Drive, Thrumster, 2444",NRMA,CCS (Type 2),$0.64/kWh,Public,,2,Operational,2026-07-14T23:42:00Z,Open Charge Map Contributors,Licensed under Creative Commons Attribution 4.0 International (CC BY 4.0),https://openchargemap.org/site/poi/details/172920,True,ocm,ocm; osm,unmatched,False,unmatched,False,matched,True,matched,True
,,"52-88 Great Western Hwy, Medlow Bath, 2780",Tesla,2,AC,19 kW,-33.67531036,150.2805916,Blue Mountains City Council,2780,Existing Destination Chargers,124,Sydney - Outer West and Blue Mountains,New South Wales,ev_00607,,not_target,,,,,,,,,,,,,,,,,False,,,not_target,False,not_target,False,not_target,False,not_target,False
,,"53 East St, Harden, 2587",Exploren,4,AC,22 kW,-34.5628579,148.3611061,Hilltops Council,2587,Existing Destination Chargers,101,Capital Region,New South Wales,ev_00608,,not_target,,,,,,,,,,,,,,,,,False,,,not_target,False,not_target,False,not_target,False,not_target,False
,,"53 Sydney Rd, Goulburn, 2580",Chargefox,2,DC,50 kW,-34.74796201,149.7496456,Goulburn Mulwaree Council,2580,Existing Fast Chargers,101,Capital Region,New South Wales,ev_00609,"-34.747962,149.749646",matched,3.97,nearby_identity,node/7021322234,,,Chargefox,CCS Type 2; CHAdeMO,,,,,,,OpenStreetMap contributors,ODbL 1.0; https://www.openstreetmap.org/copyright,https://www.openstreetmap.org/node/7021322234,True,osm,osm,unmatched,False,unmatched,False,review_identity,False,matched,True
,,"536 New South Head Rd, Sydney, 2028",Chargefox,6,AC,6 kW,-33.87276581,151.2474124,Woollahra Municipal Council,2028,Existing Destination Chargers,118,Sydney - Eastern Suburbs,New South Wales,ev_00610,,not_target,,,,,,,,,,,,,,,,,False,,,not_target,False,not_target,False,not_target,False,not_target,False
,,"53-71 Rowe Street, Sydney, 2122",Exploren,2,AC,22 kW,-33.79059064,151.0844184,"Ryde, Council of the City of",2122,Existing Destination Chargers,126,Sydney - Ryde,New South Wales,ev_00611,,not_target,,,,,,,,,,,,,,,,,False,,,not_target,False,not_target,False,not_target,False,not_target,False
,,"53A Orient St, Batemans Bay, 2536",Evie,2,DC,50 kW,-35.71073278,150.1776366,Eurobodalla Shire Council,2536,Existing Fast Chargers,101,Capital Region,New South Wales,ev_00612,"-35.710733,150.177637",matched,20.5,nearby_identity,7643,Dan Murphy’s – Batemans Bay,51/53A Orient St  Batemans Bay 2536,Evie Networks,CCS Type 2,0.77/kWh,,,,,,Evie Networks official station map,Official website; no open-data licence asserted,https://evie.com.au/find-a-charger/,True,evie,evie; ocm,matched,True,unmatched,False,matched,True,review_identity,False
,,"54 Brighton St, Sydney, 2132",JOLT,2,DC,25 kW,-33.89474579,151.1096857,Burwood Council,2132,Existing Fast Chargers,120,Sydney - Inner West,New South Wales,ev_00613,"-33.894746,151.109686",review_unresolved,,,,,,,,,,,,,,,,,False,,,unmatched,False,unmatched,False,unmatched,False,unmatched,False
,,"54 Gordon Cres, Lane Cove North, 2066",EVX,2,AC,22 kW,-33.80640545,151.1616096,Lane Cove Municipal Council,2066,Existing Destination Chargers,121,Sydney - North Sydney and Hornsby,New South Wales,ev_00614,,not_target,,,,,,,,,,,,,,,,,False,,,not_target,False,not_target,False,not_target,False,not_target,False
,,"54 Meninya St, Moama, 2731",Tesla,2,AC,22 kW,-36.11153658,144.7536416,Murray River Council,2731,Existing Destination Chargers,109,Murray,New South Wales,ev_00615,,not_target,,,,,,,,,,,,,,,,,False,,,not_target,False,not_target,False,not_target,False,not_target,False
,,"54 Minjungbal Dr, Tweed Heads, 2486",Evie,4,DC,150 kW,-28.19898503,153.545985,Tweed Shire Council,2486,Existing Fast Chargers,112,Richmond - Tweed,New South Wales,ev_00616,"-28.198985,153.545985",matched,0.13,nearby_identity,6576,Tweed City Shopping Centre,54 Minjungbal Drive  Tweed Heads 2486,Evie Networks,CCS Type 2; CHAdeMO,0.73/kWh + 0.04/kWh (9:00 AM-9:00 PM),,,,,,Evie Networks official station map,Official website; no open-data licence asserted,https://evie.com.au/find-a-charger/,True,evie,evie; osm,matched,True,unmatched,False,unmatched,False,matched,True
,,"54-76 Captain Cook Dr, Caringbah NSW 2229",Evie,4,DC,75 kW,-34.0329857,151.1250638,Wollondilly Shire Council,2229,ARENA - Driving the Nation,128,Sydney - Sutherland,New South Wales,ev_00617,"-34.032986,151.125064",matched,13.88,nearby_identity,272635,BP Caringbah,"54-76 Captain Cook Drive, Caringbah, 2229",Evie,CCS (Type 2); CHAdeMO,,Public - Membership Required,,2,Operational,2023-07-15T12:20:00Z,Open Charge Map Contributors,Licensed under Creative Commons Attribution 4.0 International (CC BY 4.0),https://openchargemap.org/site/poi/details/272635,True,ocm,ocm,unmatched,False,unmatched,False,matched,True,review_identity,False
,,"55 Campbell St, Sydney, 2148",Exploren,4,AC,6 kW,-33.77243348,150.9092262,Blacktown City Council,2148,Existing Destination Chargers,116,Sydney - Blacktown,New South Wales,ev_00618,,not_target,,,,,,,,,,,,,,,,,False,,,not_target,False,not_target,False,not_target,False,not_target,False
,,"55 North Steyne, Sydney, 2095",Tesla,4,AC,22 kW,-33.7915586,151.286988,Northern Beaches Council,2095,Existing Destination Chargers,122,Sydney - Northern Beaches,New South Wales,ev_00619,,not_target,,,,,,,,,,,,,,,,,False,,,not_target,False,not_target,False,not_target,False,not_target,False
,,"55 Pyrmont St, Pyrmont, 2009",EVX,2,AC,22 kW,-33.86814819,151.1941592,"Sydney, Council of the City of",2009,Existing Destination Chargers,117,Sydney - City and Inner South,New South Wales,ev_00620,,not_target,,,,,,,,,,,,,,,,,False,,,not_target,False,not_target,False,not_target,False,not_target,False
,,"55 Train St, Broulee, 2537",EVUp,1,AC,22 kW,-35.84471676,150.169967,Eurobodalla Shire Council,2537,Existing Destination Chargers,101,Capital Region,New South Wales,ev_00621,,not_target,,,,,,,,,,,,,,,,,False,,,not_target,False,not_target,False,not_target,False,not_target,False
,,"550 Bunnerong Rd, Sydney, 2036",JOLT,2,DC,25 kW,-33.9610561,151.2309449,Randwick City Council,2036,Existing Fast Chargers,118,Sydney - Eastern Suburbs,New South Wales,ev_00622,"-33.961056,151.230945",review_unresolved,,,,,,,,,,,,,,,,,False,,,unmatched,False,unmatched,False,unmatched,False,unmatched,False
,,"550 Kiewa Street, Albury, 2640",Exploren,4,AC,22 kW,-36.07816121,146.9167477,Albury City Council,2640,Existing Destination Chargers,109,Murray,New South Wales,ev_00623,,not_target,,,,,,,,,,,,,,,,,False,,,not_target,False,not_target,False,not_target,False,not_target,False
,,"555 Hermitage Rd, Pokolbin, 2320",Tesla,1,AC,11 kW,-32.69682387,151.2628258,Singleton Council,2320,Existing Destination Chargers,106,Hunter Valley exc Newcastle,New South Wales,ev_00624,,not_target,,,,,,,,,,,,,,,,,False,,,not_target,False,not_target,False,not_target,False,not_target,False
,,"555 High St, Maitland, 2320",Chargefox,2,AC,22 kW,-32.72884189,151.54997,Maitland City Council,2320,Existing Destination Chargers,106,Hunter Valley exc Newcastle,New South Wales,ev_00625,,not_target,,,,,,,,,,,,,,,,,False,,,not_target,False,not_target,False,not_target,False,not_target,False
,,"55-65 Murray St, Sydney, 2009",Non-networked,2,AC,22 kW,-33.87192597,151.197966,"Sydney, Council of the City of",2009,Existing Destination Chargers,117,Sydney - City and Inner South,New South Wales,ev_00626,,not_target,,,,,,,,,,,,,,,,,False,,,not_target,False,not_target,False,not_target,False,not_target,False
,,"56 Morpeth St, Harwood , 2465",Tesla,8,DC,130 kW,-29.42699904,153.2391471,Clarence Valley Council,2465,Existing Fast Chargers,104,Coffs Harbour - Grafton,New South Wales,ev_00627,"-29.426999,153.239147",matched,9.53,nearby_identity,171146,Maclean Supercharger,"56 Morpeth St., Harwood, 2465",Tesla (Tesla-only charging),CCS (Type 2),AUD 0.42/kWh;other tariffs for older cars,Public - Membership Required,,4,Operational,2020-12-22T06:35:00Z,Open Charge Map Contributors,Licensed under Creative Commons Attribution 4.0 International (CC BY 4.0),https://openchargemap.org/site/poi/details/171146,True,ocm,ocm; osm,unmatched,False,unmatched,False,matched,True,matched,True
,,"561-583 Polding St, Sydney, 2176",Tesla,2,AC,22 kW,-33.85886191,150.8987518,Fairfield City Council,2176,Existing Destination Chargers,127,Sydney - South West,New South Wales,ev_00628,,not_target,,,,,,,,,,,,,,,,,False,,,not_target,False,not_target,False,not_target,False,not_target,False
,,"56-58 Frenchs Rd, Sydney, 2068",EVX,2,AC,22 kW,-33.80729434,151.200025,Willoughby City Council,2068,Existing Destination Chargers,121,Sydney - North Sydney and Hornsby,New South Wales,ev_00629,,not_target,,,,,,,,,,,,,,,,,False,,,not_target,False,not_target,False,not_target,False,not_target,False
,,"5-7 Ascot St, Sydney, 2033",EVX,2,AC,22 kW,-33.90801006,151.2247628,Randwick City Council,2033,Existing Destination Chargers,118,Sydney - Eastern Suburbs,New South Wales,ev_00630,,not_target,,,,,,,,,,,,,,,,,False,,,not_target,False,not_target,False,not_target,False,not_target,False
,,"57 Boronia St, Sawtell, 2452",Tesla,2,AC,19 kW,-30.36993498,153.0991642,Coffs Harbour City Council,2452,Existing Destination Chargers,104,Coffs Harbour - Grafton,New South Wales,ev_00631,,not_target,,,,,,,,,,,,,,,,,False,,,not_target,False,not_target,False,not_target,False,not_target,False
,,"57 Ekerts Rd, Pokolbin, 2320",Porsche Smart Mobility,2,AC,11 kW,-32.77579084,151.2813243,Cessnock City Council,2320,Existing Destination Chargers,106,Hunter Valley exc Newcastle,New South Wales,ev_00632,,not_target,,,,,,,,,,,,,,,,,False,,,not_target,False,not_target,False,not_target,False,not_target,False
,,"57 Ekerts Rd, Pokolbin, 2320",Tesla,2,AC,22 kW,-32.77544549,151.2817437,Cessnock City Council,2320,Existing Destination Chargers,106,Hunter Valley exc Newcastle,New South Wales,ev_00633,,not_target,,,,,,,,,,,,,,,,,False,,,not_target,False,not_target,False,not_target,False,not_target,False
,,"57 Ellendon St, Bungendore, 2621",Tesla,2,AC,6 kW,-35.25696301,149.4401772,Queanbeyan-Palerang Regional Council,2621,Existing Destination Chargers,101,Capital Region,New South Wales,ev_00634,,not_target,,,,,,,,,,,,,,,,,False,,,not_target,False,not_target,False,not_target,False,not_target,False
,,"574 Henry Lawson Dr, Eurunderee, 2850",Tesla,2,AC,22 kW,-32.52793998,149.6118689,Mid-Western Regional Council,2850,Existing Destination Chargers,103,Central West,New South Wales,ev_00635,,not_target,,,,,,,,,,,,,,,,,False,,,not_target,False,not_target,False,not_target,False,not_target,False
,,"58 Phillip St, West Tamworth , 2340",Tesla,8,DC,130 kW,-31.10164969,150.9171261,Tamworth Regional Council,2340,Existing Fast Chargers,110,New England and North West,New South Wales,ev_00636,"-31.101650,150.917126",matched,20.67,nearby_identity,113602,Tamworth Supercharger,"West Tamworth League Club, 21 Park Street, Tamworth, 2340",Tesla (Tesla-only charging),CCS (Type 2),AUD 0.42/kWh;other tariffs for older cars,Public,,4,Operational,2019-03-22T18:24:00Z,Open Charge Map Contributors,Licensed under Creative Commons Attribution 4.0 International (CC BY 4.0),https://openchargemap.org/site/poi/details/113602,True,ocm,ocm; osm,unmatched,False,unmatched,False,matched,True,matched,True
,,"580 Parramatta Rd, Sydney, 2132",BP,4,DC,75 kW,-33.87410415,151.1267628,Inner West Council,2132,Existing Fast Chargers,120,Sydney - Inner West,New South Wales,ev_00637,"-33.874104,151.126763",matched,4.49,nearby_identity,node/10208698066,,,bp pulse,CCS Type 2,,,,,,,OpenStreetMap contributors,ODbL 1.0; https://www.openstreetmap.org/copyright,https://www.openstreetmap.org/node/10208698066,True,osm,osm,unmatched,False,unmatched,False,review_identity,False,matched,True
,,"580 Princes Hwy, Sydney, 2232",Tesla,6,DC,250 kW,-34.03339744,151.0731502,Sutherland Shire Council,2232,Existing Fast Chargers,128,Sydney - Sutherland,New South Wales,ev_00638,"-34.033397,151.073150",matched,77.03,nearby_identity,191280,Tesla Supercharger South Village,"Princes Highway, Kirrawee, 2232",Tesla (Tesla-only charging),CCS (Type 2),$0.52/kWh,Public - Membership Required,,6,Operational,2022-02-02T13:08:00Z,Open Charge Map Contributors,Licensed under Creative Commons Attribution 4.0 International (CC BY 4.0),https://openchargemap.org/site/poi/details/191280,True,ocm,ocm,unmatched,False,unmatched,False,matched,True,review_identity,False
,,"59 Bridge Street, Morisset, 2264",Exploren,1,AC,22 kW,-33.10741046,151.4897147,Lake Macquarie City Council,2264,Existing Destination Chargers,111,Newcastle and Lake Macquarie,New South Wales,ev_00639,,not_target,,,,,,,,,,,,,,,,,False,,,not_target,False,not_target,False,not_target,False,not_target,False
,,"59 The Centre, Sydney, 2087",JOLT,2,DC,25 kW,-33.76210915,151.2142012,Northern Beaches Council,2087,Existing Fast Chargers,122,Sydney - Northern Beaches,New South Wales,ev_00640,"-33.762109,151.214201",review_unresolved,,,,,,,,,,,,,,,,,False,,,unmatched,False,unmatched,False,unmatched,False,unmatched,False
,,"593 Mount View Rd, Mount View, 2325",Tesla,1,AC,22 kW,-32.83938143,151.2985646,Cessnock City Council,2325,Existing Destination Chargers,106,Hunter Valley exc Newcastle,New South Wales,ev_00641,,not_target,,,,,,,,,,,,,,,,,False,,,not_target,False,not_target,False,not_target,False,not_target,False
,,"594 Anzac Pde, Sydney, 2032",Evie,4,DC,75 kW,-33.92659564,151.2313293,Randwick City Council,2032,Existing Fast Chargers,118,Sydney - Eastern Suburbs,New South Wales,ev_00642,"-33.926596,151.231329",matched,16.78,nearby_identity,node/13206176474,,,Evie Networks,CCS Type 2,,,,,,,OpenStreetMap contributors,ODbL 1.0; https://www.openstreetmap.org/copyright,https://www.openstreetmap.org/node/13206176474,True,osm,osm,review_shared_external,False,unmatched,False,unmatched,False,matched,True
,,"59-61 Pacific Hwy Cnr Unwin Rd, Waitara, NSW, 2077",Ampol,2,DC,125 kW,-33.7105301,151.1024488,"Hornsby, The Council of the Shire of",2077,ARENA - Driving the Nation,121,Sydney - North Sydney and Hornsby,New South Wales,ev_00643,"-33.710530,151.102449",matched,5.8,nearby_identity,0000022810,Ampol Foodary Waitara,59-61 Pacific Hwy Cnr Unwin Rd Waitara 2077,Ampol,CCS 2; CHAdeMO,,,2,,,,Ampol official station locator,Official website; no open-data licence asserted,https://ampcharge.ampol.com.au/find-a-charging-station,True,ampol,ampol; ocm,unmatched,False,matched,True,matched,True,unmatched,False
,,"6 Aeolia St, Sydney, 2031",Exploren,2,AC,6 kW,-33.91903908,151.2432402,Randwick City Council,2031,Existing Destination Chargers,118,Sydney - Eastern Suburbs,New South Wales,ev_00644,,not_target,,,,,,,,,,,,,,,,,False,,,not_target,False,not_target,False,not_target,False,not_target,False
,,"6 Airport Ave, Sydney, 2200",Chargefox,4,AC,22 kW,-33.9156557,150.9922643,Canterbury Bankstown Council,2200,Existing Destination Chargers,119,Sydney - Inner South West,New South Wales,ev_00645,,not_target,,,,,,,,,,,,,,,,,False,,,not_target,False,not_target,False,not_target,False,not_target,False
,,"6 Black Springs Rd, Eurunderee, 2850",Tesla,1,AC,8 kW,-32.54836141,149.6314334,Mid-Western Regional Council,2850,Existing Destination Chargers,103,Central West,New South Wales,ev_00646,,not_target,,,,,,,,,,,,,,,,,False,,,not_target,False,not_target,False,not_target,False,not_target,False
,,"6 Boundary St, Sydney, 2081",Chargefox,2,DC,75 kW,-33.62137942,151.1494484,"Hornsby, The Council of the Shire of",2081,Existing Fast Chargers,121,Sydney - North Sydney and Hornsby,New South Wales,ev_00647,"-33.621379,151.149448",matched,0.07,nearby_identity,272620,Berowra Tennis Centre,"6 Boundary Street, Berowra, 2081",Chargefox,CCS (Type 2),$0.60/kWh,Public - Membership Required,,2,Operational,2023-07-15T09:11:00Z,Open Charge Map Contributors,Licensed under Creative Commons Attribution 4.0 International (CC BY 4.0),https://openchargemap.org/site/poi/details/272620,True,ocm,ocm; osm,unmatched,False,unmatched,False,matched,True,matched,True
,,"6 Budden St, Rockley, 2795",Exploren,2,AC,6 kW,-33.68873178,149.5643453,Bathurst Regional Council,2795,Existing Destination Chargers,103,Central West,New South Wales,ev_00648,,not_target,,,,,,,,,,,,,,,,,False,,,not_target,False,not_target,False,not_target,False,not_target,False
,,"6 Castlereagh St Gilgandra, NSW 2827, Australia",NRMA,4,DC,75 kW,-30.0205758,148.1181013,Gilgandra Shire Council,2832,TfNSW Regional,105,Far West and Orana,New South Wales,ev_00649,"-30.020576,148.118101",review_unresolved,,,,,,,,,,,,,,,,,False,,,unmatched,False,unmatched,False,review_identity,False,review_identity,False
,,"6 Cecil Street, Sydney, 2021",Exploren,2,AC,22 kW,-33.88233638,151.2335816,Woollahra Municipal Council,2021,Existing Destination Chargers,118,Sydney - Eastern Suburbs,New South Wales,ev_00650,,not_target,,,,,,,,,,,,,,,,,False,,,not_target,False,not_target,False,not_target,False,not_target,False
,,"6 David St, Bowral, 2576",Tesla,6,AC,6 kW,-34.48801706,150.413986,Wingecarribee Shire Council,2576,Existing Destination Chargers,114,Southern Highlands and Shoalhaven,New South Wales,ev_00651,,not_target,,,,,,,,,,,,,,,,,False,,,not_target,False,not_target,False,not_target,False,not_target,False
,,"6 McIntosh St, Sydney, 2067",Everty,4,AC,22 kW,-33.7951572,151.1790861,Willoughby City Council,2067,Existing Destination Chargers,121,Sydney - North Sydney and Hornsby,New South Wales,ev_00652,,not_target,,,,,,,,,,,,,,,,,False,,,not_target,False,not_target,False,not_target,False,not_target,False
,,"6 Myahgah Rd, Sydney, 2088",Evie,2,DC,50 kW,-33.82554959,151.2414274,Mosman Municipal Council,2088,Existing Fast Chargers,121,Sydney - North Sydney and Hornsby,New South Wales,ev_00653,"-33.825550,151.241427",matched,0.08,nearby_identity,6008,Mosman Village Green,6 Myahgah Rd  Mosman 2088,Evie Networks,CCS Type 2,0.62/kWh + 0.09/kWh (9:00 AM-9:00 PM),,,,,,Evie Networks official station map,Official website; no open-data licence asserted,https://evie.com.au/find-a-charger/,True,evie,evie; ocm,matched,True,unmatched,False,matched,True,unmatched,False
,,"6 Santa Ana Lane, Pokolbin, 2320",Tesla,1,AC,22 kW,-32.74139844,151.3281752,Cessnock City Council,2320,Existing Destination Chargers,106,Hunter Valley exc Newcastle,New South Wales,ev_00654,,not_target,,,,,,,,,,,,,,,,,False,,,not_target,False,not_target,False,not_target,False,not_target,False
,,"6 The Avenue, Wentworth Falls, 2782",Tesla,2,AC,19 kW,-33.72194499,150.3717227,Blue Mountains City Council,2782,Existing Destination Chargers,124,Sydney - Outer West and Blue Mountains,New South Wales,ev_00655,,not_target,,,,,,,,,,,,,,,,,False,,,not_target,False,not_target,False,not_target,False,not_target,False
,,"60 Frenchs Rd
Willoughby NSW 2068
Australia",EVX,2,AC,22 kW,-33.8073934,151.200067,Willoughby City Council,2068,Kerbside Charging R1,121,Sydney - North Sydney and Hornsby,New South Wales,ev_00656,,not_target,,,,,,,,,,,,,,,,,False,,,not_target,False,not_target,False,not_target,False,not_target,False
,,"60 Glenwood Park Dr, Glenwood NSW 2768",Evie,4,DC,75 kW,-33.73460909,150.928265,Blacktown City Council,2768,ARENA - Driving the Nation,116,Sydney - Blacktown,New South Wales,ev_00657,"-33.734609,150.928265",matched,2.1,nearby_identity,6108,Glenwood Village Shopping Centre,60 Glenwood Park Drive  Glenwood 2768,Evie Networks,CCS Type 2,0.60/kWh + 0.09/kWh (9:00 AM-9:00 PM),,,,,,Evie Networks official station map,Official website; no open-data licence asserted,https://evie.com.au/find-a-charger/,True,evie,evie,matched,True,unmatched,False,unmatched,False,unmatched,False
,,"60 Miller St, Sydney, 2060",ChargeHub,3,AC,22 kW,-33.83932037,151.2061001,"North Sydney, Council of the City of Council",2060,Existing Destination Chargers,121,Sydney - North Sydney and Hornsby,New South Wales,ev_00658,,not_target,,,,,,,,,,,,,,,,,False,,,not_target,False,not_target,False,not_target,False,not_target,False
,,"60 Wilson Street, The Rock, 2655",Exploren,1,AC,22 kW,-35.26652557,147.1104945,Lockhart Shire Council,2655,Existing Destination Chargers,113,Riverina,New South Wales,ev_00659,,not_target,,,,,,,,,,,,,,,,,False,,,not_target,False,not_target,False,not_target,False,not_target,False
,,"600 Kingsway, Sydney, 2228",Tesla,2,AC,22 kW,-34.03398503,151.0995746,Sutherland Shire Council,2228,Existing Destination Chargers,128,Sydney - Sutherland,New South Wales,ev_00660,,not_target,,,,,,,,,,,,,,,,,False,,,not_target,False,not_target,False,not_target,False,not_target,False
,,"6056 Henry Parkes Way, Manildra, 2865",Tesla,1,AC,19 kW,-33.18793998,148.5347007,Cabonne Council,2865,Existing Destination Chargers,103,Central West,New South Wales,ev_00661,,not_target,,,,,,,,,,,,,,,,,False,,,not_target,False,not_target,False,not_target,False,not_target,False
,,"60-62 Amherst St, Sydney, 2062",Evie,4,DC,50 kW,-33.82299004,151.2108829,North Sydney Council,2062,Existing Fast Chargers,121,Sydney - North Sydney and Hornsby,New South Wales,ev_00662,"-33.822990,151.210883",matched,0.04,nearby_identity,7287,60-62 Amherst Street Parking – Cammeray,60-62 Amhurst Street  Cammeray 2062,Evie Networks,CCS Type 2,0.60/kWh + 0.09/kWh (9:00 AM-9:00 PM),,,,,,Evie Networks official station map,Official website; no open-data licence asserted,https://evie.com.au/find-a-charger/,True,evie,evie,matched,True,unmatched,False,unmatched,False,unmatched,False
,,"61 Hawkesbury Valley Way, Windsor, 2756",Tesla,2,AC,6 kW,-33.60953258,150.8076797,Hawkesbury City Council,2756,Existing Destination Chargers,124,Sydney - Outer West and Blue Mountains,New South Wales,ev_00663,,not_target,,,,,,,,,,,,,,,,,False,,,not_target,False,not_target,False,not_target,False,not_target,False
,,"6-10 Fraser St, Nambucca Heads, 2448",ChargeHub,4,AC,7 kW,-30.64474079,153.0038909,Nambucca Valley Council,2448,Existing Destination Chargers,108,Mid North Coast,New South Wales,ev_00664,,not_target,,,,,,,,,,,,,,,,,False,,,not_target,False,not_target,False,not_target,False,not_target,False
,,"620-658 Terrigal Dr, Central Coast, 2250",Evie,4,DC,75 kW,-33.43668073,151.3943884,Central Coast Council,2250,Existing Fast Chargers,102,Central Coast,New South Wales,ev_00665,"-33.436681,151.394388",matched,0.13,nearby_identity,6517,Erina Fair,620-658 Terrigal Dr  Erina 2250,Evie Networks,CCS Type 2,0.60/kWh + 0.09/kWh (9:00 AM-5:00 PM),,,,,,Evie Networks official station map,Official website; no open-data licence asserted,https://evie.com.au/find-a-charger/,True,evie,evie,matched,True,unmatched,False,unmatched,False,unmatched,False
,,"63 Crown St, Sydney, 2011",Saascharge,2,AC,22 kW,-33.87318523,151.2160821,"Sydney, Council of the City of",2011,Existing Destination Chargers,117,Sydney - City and Inner South,New South Wales,ev_00666,,not_target,,,,,,,,,,,,,,,,,False,,,not_target,False,not_target,False,not_target,False,not_target,False
,,"63 Graham Street, Nowra, 2541",Exploren,2,AC,22 kW,-34.87107812,150.6017858,Shoalhaven City Council,2541,Existing Destination Chargers,114,Southern Highlands and Shoalhaven,New South Wales,ev_00667,,not_target,,,,,,,,,,,,,,,,,False,,,not_target,False,not_target,False,not_target,False,not_target,False
,,"634-726 Princes Hwy, Sydney, 2044",Chargefox,4,AC,22 kW,-33.92180385,151.1665936,Inner West Council,2044,Existing Destination Chargers,117,Sydney - City and Inner South,New South Wales,ev_00668,,not_target,,,,,,,,,,,,,,,,,False,,,not_target,False,not_target,False,not_target,False,not_target,False
,,"634-726 Princes Hwy, Tempe NSW 2044",Evie,4,DC,150 kW,-33.92288364,151.1652088,Inner West Council,2044,ARENA - Driving the Nation,117,Sydney - City and Inner South,New South Wales,ev_00669,"-33.922884,151.165209",matched,16.11,nearby_identity,7214,Ikea – Tempe,634-726 Princes Hwy  Tempe 2044,Evie Networks,CCS Type 2,0.71/kWh + 0.04/kWh (11:00 AM-9:00 PM),,,,,,Evie Networks official station map,Official website; no open-data licence asserted,https://evie.com.au/find-a-charger/,True,evie,evie; osm,matched,True,unmatched,False,unmatched,False,matched,True
,,"66 Cliff Rd, Wollongong , NSW 2500",EVX,2,AC,22 kW,-34.41864969,150.9021802,Wollongong City Council,NSW 2500,Existing Destination Chargers,107,Illawarra,New South Wales,ev_00670,,not_target,,,,,,,,,,,,,,,,,False,,,not_target,False,not_target,False,not_target,False,not_target,False
,,"66 Glen Innes Rd, Armidale, 2350",Tesla,2,AC,11 kW,-30.49508513,151.6696446,Armidale Regional Council,2350,Existing Destination Chargers,110,New England and North West,New South Wales,ev_00671,,not_target,,,,,,,,,,,,,,,,,False,,,not_target,False,not_target,False,not_target,False,not_target,False
,,"66 Princes Hwy, Wollongong, 2519",Chargefox,4,DC,47 kW,-34.39180785,150.8945806,Wollongong City Council,2519,Existing Fast Chargers,107,Illawarra,New South Wales,ev_00672,"-34.391808,150.894581",review_unresolved,,,,,,,,,,,,,,,,,False,,,unmatched,False,unmatched,False,unmatched,False,unmatched,False
,,"66 Queens Park Rd, Sydney, 2022",Exploren,1,AC,22 kW,-33.89909514,151.2481101,Waverley Council,2022,Existing Destination Chargers,118,Sydney - Eastern Suburbs,New South Wales,ev_00673,,not_target,,,,,,,,,,,,,,,,,False,,,not_target,False,not_target,False,not_target,False,not_target,False
,,"67 Roberts Rd, Sydney, 2190",Exploren,2,DC,120 kW,-33.90204809,151.0655796,Strathfield,2190,Existing Fast Chargers,119,Sydney - Inner South West,New South Wales,ev_00674,"-33.902048,151.065580",review_unresolved,,,,,,,,,,,,,,,,,False,,,unmatched,False,review_identity,False,unmatched,False,unmatched,False
,,"67 Shirley St, Byron Bay, 2481",Tesla,1,AC,6 kW,-28.64050055,153.6042332,Byron Shire Council,2481,Existing Destination Chargers,112,Richmond - Tweed,New South Wales,ev_00675,,not_target,,,,,,,,,,,,,,,,,False,,,not_target,False,not_target,False,not_target,False,not_target,False
,,"67 Thomas St, Sydney, 2007",Everty,2,AC,22 kW,-33.88328133,151.1988549,"Sydney, Council of the City of",2007,Existing Destination Chargers,117,Sydney - City and Inner South,New South Wales,ev_00676,,not_target,,,,,,,,,,,,,,,,,False,,,not_target,False,not_target,False,not_target,False,not_target,False
,,"670 Richmond Rd, Sydney, 2761",JOLT,4,DC,25 kW,-33.73553158,150.8513123,Blacktown City Council,2761,Existing Fast Chargers,116,Sydney - Blacktown,New South Wales,ev_00677,"-33.735532,150.851312",review_unresolved,,,,,,,,,,,,,,,,,False,,,unmatched,False,unmatched,False,unmatched,False,unmatched,False
,,"676 Pacific Hwy, Sydney, 2067",BMW,2,AC,6 kW,-33.798953,151.1784224,Willoughby City Council,2067,Existing Destination Chargers,121,Sydney - North Sydney and Hornsby,New South Wales,ev_00678,,not_target,,,,,,,,,,,,,,,,,False,,,not_target,False,not_target,False,not_target,False,not_target,False
,,"69 Roxy Lane, Kyogle, 2474",Exploren,2,AC,22 kW,-28.62146551,153.0030681,Kyogle Council,2474,Existing Destination Chargers,112,Richmond - Tweed,New South Wales,ev_00679,,not_target,,,,,,,,,,,,,,,,,False,,,not_target,False,not_target,False,not_target,False,not_target,False
,,"69-71 Central Coast Hwy, Gosford West, NSW, 2250",Ampol,2,DC,125 kW,-33.4267831,151.321995,Central Coast Council,2250,ARENA - Driving the Nation,102,Central Coast,New South Wales,ev_00680,"-33.426783,151.321995",matched,101.67,nearby_identity,0000022582,Ampol Foodary Gosford West (Eastbound),69-71 Central Coast Hwy Gosford West 2250,Ampol,CCS 2; CHAdeMO,,,2,,,,Ampol official station locator,Official website; no open-data licence asserted,https://ampcharge.ampol.com.au/find-a-charging-station,True,ampol,ampol,unmatched,False,matched,True,unmatched,False,review_identity,False
,,"7 Bungan St, Sydney, 2103",JOLT,2,DC,25 kW,-33.6760501,151.3031301,Northern Beaches Council,2103,Existing Fast Chargers,122,Sydney - Northern Beaches,New South Wales,ev_00681,"-33.676050,151.303130",matched,11.89,nearby_identity,190757,Mona Vale [JOLT],"2 Bungan St, Mona Vale, 2103",Jolt,CCS (Type 2); CHAdeMO,$0.00/kWh up to 7 kWh then $0.46/kWh,Public - Membership Required,,1,Operational,2023-02-11T08:43:00Z,Open Charge Map Contributors,Licensed under Creative Commons Attribution 4.0 International (CC BY 4.0),https://openchargemap.org/site/poi/details/190757,True,ocm,ocm; osm,unmatched,False,unmatched,False,matched,True,matched,True
,,"7 Harbourne Lane, Sydney, 2032",Exploren,1,AC,22 kW,-33.92317822,151.2288448,Randwick City Council,2032,Existing Destination Chargers,118,Sydney - Eastern Suburbs,New South Wales,ev_00682,,not_target,,,,,,,,,,,,,,,,,False,,,not_target,False,not_target,False,not_target,False,not_target,False
,,"7 Hickson Rd, Sydney, 2000",Tesla,2,AC,6 kW,-33.85558463,151.2094885,"Sydney, Council of the City of",2000,Existing Destination Chargers,117,Sydney - City and Inner South,New South Wales,ev_00683,,not_target,,,,,,,,,,,,,,,,,False,,,not_target,False,not_target,False,not_target,False,not_target,False
,,"7 Laguna St, Sydney, 2030",Exploren,1,AC,22 kW,-33.85927432,151.2791291,Woollahra Municipal Council,2030,Existing Destination Chargers,118,Sydney - Eastern Suburbs,New South Wales,ev_00684,,not_target,,,,,,,,,,,,,,,,,False,,,not_target,False,not_target,False,not_target,False,not_target,False
,,"7 Pemell Street, Toronto, 2283",Exploren,2,DC,40 kW,-33.01454359,151.5961952,Lake Macquarie City Council,2283,Existing Fast Chargers,111,Newcastle and Lake Macquarie,New South Wales,ev_00685,"-33.014544,151.596195",review_unresolved,,,,,,,,,,,,,,,,,False,,,unmatched,False,unmatched,False,unmatched,False,unmatched,False
,,"7 Prospect Rd, Sydney, 2130",Exploren,4,AC,22 kW,-33.89044449,151.1313954,Inner West Council,2130,Existing Destination Chargers,120,Sydney - Inner West,New South Wales,ev_00686,,not_target,,,,,,,,,,,,,,,,,False,,,not_target,False,not_target,False,not_target,False,not_target,False
,,"7 Tank St, Lithgow, 2790",NRMA,4,DC,50 kW,-33.47800605,150.1611241,"Lithgow Council, City of",2790,Existing Fast Chargers,103,Central West,New South Wales,ev_00687,"-33.478006,150.161124",matched,7.72,nearby_identity,154488,Lithgow Workmen's Club,"Tank St, Lithgow",NRMA,CCS (Type 2); CHAdeMO,60c / 54c for members of NRMA,Public,,2,Operational,2024-06-14T12:05:00Z,Open Charge Map Contributors,Licensed under Creative Commons Attribution 4.0 International (CC BY 4.0),https://openchargemap.org/site/poi/details/154488,True,ocm,ocm; osm,unmatched,False,unmatched,False,matched,True,matched,True
,,"70 Maitland St, Bingara, 2404",Exploren,2,AC,22 kW,-29.86907512,150.5712432,Gwydir Shire Council,2404,Existing Destination Chargers,110,New England and North West,New South Wales,ev_00688,,not_target,,,,,,,,,,,,,,,,,False,,,not_target,False,not_target,False,not_target,False,not_target,False
,,"71 Adelaide St, Sydney, 2025",Exploren,1,AC,22 kW,-33.88844149,151.2513323,Woollahra Municipal Council,2025,Existing Destination Chargers,118,Sydney - Eastern Suburbs,New South Wales,ev_00689,,not_target,,,,,,,,,,,,,,,,,False,,,not_target,False,not_target,False,not_target,False,not_target,False
,,"71 Bulahdelah Way, Bulahdelah, 2423",Exploren,2,AC,22 kW,-32.40902707,152.2106787,Mid-Coast Council,2423,Existing Destination Chargers,108,Mid North Coast,New South Wales,ev_00690,,not_target,,,,,,,,,,,,,,,,,False,,,not_target,False,not_target,False,not_target,False,not_target,False
,,"71 Market St, Wollongong, 2500",Tesla,2,AC,22 kW,-34.42337242,150.8922923,Wollongong City Council,2500,Existing Destination Chargers,107,Illawarra,New South Wales,ev_00691,,not_target,,,,,,,,,,,,,,,,,False,,,not_target,False,not_target,False,not_target,False,not_target,False
,Symbio Wildlife Park,"7-11 Lawrence Hargrave Dr
Helensburgh NSW 2508
Australia",360 EV Charge,4,AC,AC,-34.2054812,150.9687014,Wollongong City Council,2508,Destination Charging R2,107,Illawarra,New South Wales,ev_00692,,not_target,,,,,,,,,,,,,,,,,False,,,not_target,False,not_target,False,not_target,False,not_target,False
,,"72 Central Ave, Sydney, 2570",Exploren,2,AC,22 kW,-33.99922327,150.7444054,Camden Council,2570,Existing Destination Chargers,127,Sydney - South West,New South Wales,ev_00693,,not_target,,,,,,,,,,,,,,,,,False,,,not_target,False,not_target,False,not_target,False,not_target,False
,,"72 Christie Street, Sydney, 2065",Exploren,1,AC,22 kW,-33.8245596,151.1957888,Lane Cove Municipal Council,2065,Existing Destination Chargers,121,Sydney - North Sydney and Hornsby,New South Wales,ev_00694,,not_target,,,,,,,,,,,,,,,,,False,,,not_target,False,not_target,False,not_target,False,not_target,False
,,"72 South St, Ulladulla, 2539",Tesla,2,AC,22 kW,-35.36048553,150.4726476,Shoalhaven City Council,2539,Existing Destination Chargers,114,Southern Highlands and Shoalhaven,New South Wales,ev_00695,,not_target,,,,,,,,,,,,,,,,,False,,,not_target,False,not_target,False,not_target,False,not_target,False
,,"725 Pittwater Rd, Sydney, 2099",JOLT,2,DC,25 kW,-33.7523594,151.2865606,Northern Beaches Council,2099,Existing Fast Chargers,122,Sydney - Northern Beaches,New South Wales,ev_00696,"-33.752359,151.286561",review_unresolved,,,,,,,,,,,,,,,,,False,,,review_identity,False,unmatched,False,unmatched,False,review_identity,False
,,"72-78 Brook St, Muswellbrook, 2333",EVUp,2,AC,23 kW,-32.26331336,150.8888208,Muswellbrook Shire Council,2333,Existing Destination Chargers,106,Hunter Valley exc Newcastle,New South Wales,ev_00697,,not_target,,,,,,,,,,,,,,,,,False,,,not_target,False,not_target,False,not_target,False,not_target,False
,,"73 Belmore Road, Randwick NSW 2031",Evie,4,DC,50 kW,-33.915171,151.241129,Randwick City Council,2031,ARENA - Driving the Nation,118,Sydney - Eastern Suburbs,New South Wales,ev_00698,"-33.915171,151.241129",matched,27.15,nearby_identity,5405,Royal Randwick,73 Belmore Road  Randwick 2031,Evie Networks,CCS Type 2; CHAdeMO,0.60/kWh + 0.09/kWh (9:00 AM-9:00 PM),,,,,,Evie Networks official station map,Official website; no open-data licence asserted,https://evie.com.au/find-a-charger/,True,evie,evie; ocm,matched,True,unmatched,False,matched,True,review_identity,False
,,"731-741 Military Rd, Sydney, 2088",Chargefox,2,DC,47 kW,-33.82852457,151.2439029,Mosman Municipal Council,2088,Existing Fast Chargers,121,Sydney - North Sydney and Hornsby,New South Wales,ev_00699,"-33.828525,151.243903",review_unresolved,,,,,,,,,,,,,,,,,False,,,review_identity,False,unmatched,False,review_identity,False,unmatched,False
,,"733 Pacific Hwy, Central Coast, 2250",Tesla,2,AC,22 kW,-33.39264769,151.3538759,Central Coast Council,2250,Existing Destination Chargers,102,Central Coast,New South Wales,ev_00700,,not_target,,,,,,,,,,,,,,,,,False,,,not_target,False,not_target,False,not_target,False,not_target,False
,Roxy Theatre,"74 Maitland St
Bingara NSW 2404
Australia",Exploren,2,AC,AC,-29.869128,150.5714344,Gwydir Shire Council,2404,Destination Charging R2,110,New England and North West,New South Wales,ev_00701,,not_target,,,,,,,,,,,,,,,,,False,,,not_target,False,not_target,False,not_target,False,not_target,False
,,"741 George St, Windsor, 2756",Ampol,4,DC,150 kW,-33.63860965,150.7837227,Hawkesbury City Council,2756,Existing Fast Chargers,124,Sydney - Outer West and Blue Mountains,New South Wales,ev_00702,"-33.638610,150.783723",matched,41.13,nearby_identity,0000025567,Ampol Foodary Windsor South,741 George St Windsor South 2756,Ampol,CCS 2,,,4,,,,Ampol official station locator,Official website; no open-data licence asserted,https://ampcharge.ampol.com.au/find-a-charging-station,True,ampol,ampol,unmatched,False,matched,True,unmatched,False,unmatched,False
,,"75 St Johns Rd, Glebe , 2037",EVX,2,AC,22 kW,-33.88109314,151.1871081,"Sydney, Council of the City of",2037,Existing Destination Chargers,117,Sydney - City and Inner South,New South Wales,ev_00703,,not_target,,,,,,,,,,,,,,,,,False,,,not_target,False,not_target,False,not_target,False,not_target,False
,,"76 Cowper St, Wallsend, 2287",NRMA,4,DC,50 kW,-32.90272177,151.6697678,Newcastle City Council,2287,Existing Fast Chargers,111,Newcastle and Lake Macquarie,New South Wales,ev_00704,"-32.902722,151.669768",matched,26.25,nearby_identity,148545,Wallsend [NRMA],"76 Cowper Street, Wallsend, 2287",NRMA,CCS (Type 2); CHAdeMO,Currently free but will be fee at some point.,Public,,1,Operational,2021-12-19T02:07:00Z,Open Charge Map Contributors,Licensed under Creative Commons Attribution 4.0 International (CC BY 4.0),https://openchargemap.org/site/poi/details/148545,True,ocm,ocm,unmatched,False,unmatched,False,matched,True,unmatched,False
,,"76 Cygnet Ave, Blackbutt, 2529",Chargefox,2,AC,22 kW,-34.56574679,150.8354645,Shellharbour City Council,2529,Existing Destination Chargers,107,Illawarra,New South Wales,ev_00705,,not_target,,,,,,,,,,,,,,,,,False,,,not_target,False,not_target,False,not_target,False,not_target,False
,,"76 Wingewarra St, Dubbo , 2830",Tesla,8,DC,130 kW,-32.24995,148.6091822,Dubbo Regional Council,2830,Existing Fast Chargers,105,Far West and Orana,New South Wales,ev_00706,"-32.249950,148.609182",matched,0.02,nearby_identity,121546,Dubbo Supercharger [Tesla],"76 Wingewarra Street, Dubbo, 2830",Tesla (including non-tesla),CCS (Type 2),$0.52/kWh,Public - Membership Required,,4,Operational,2023-08-30T06:19:00Z,Open Charge Map Contributors,Licensed under Creative Commons Attribution 4.0 International (CC BY 4.0),https://openchargemap.org/site/poi/details/121546,True,ocm,ocm; osm,unmatched,False,unmatched,False,matched,True,matched,True
,,"77 Broken Head Rd, Byron Bay, 2481",Exploren,2,AC,22 kW,-28.67623328,153.6107117,Byron Shire Council,2481,Existing Destination Chargers,112,Richmond - Tweed,New South Wales,ev_00707,,not_target,,,,,,,,,,,,,,,,,False,,,not_target,False,not_target,False,not_target,False,not_target,False
,,"77 Darling St, Cowra, 2794",NRMA,2,DC,50 kW,-33.83451056,148.6935365,Cowra Shire Council,2794,Existing Fast Chargers,103,Central West,New South Wales,ev_00708,"-33.834511,148.693536",matched,89.38,nearby_identity,156010,Cowra Regional Art Gallery,"77 Darling Street, Cowra, 2794",NRMA,CCS (Type 2),$0.74/kWh,Public,,2,Operational,2026-07-15T01:03:00Z,Open Charge Map Contributors,Licensed under Creative Commons Attribution 4.0 International (CC BY 4.0),https://openchargemap.org/site/poi/details/156010,True,ocm,ocm,unmatched,False,unmatched,False,matched,True,review_identity,False
,,"77 Lagoon St, Goulburn, 2580",Tesla,2,AC,22 kW,-34.74772577,149.7293734,Goulburn Mulwaree Council,2580,Existing Destination Chargers,101,Capital Region,New South Wales,ev_00709,,not_target,,,,,,,,,,,,,,,,,False,,,not_target,False,not_target,False,not_target,False,not_target,False
,,"772 Anzac Pde, Sydney, 2035",Evie,4,DC,75 kW,-33.93800905,151.2385195,Randwick City Council,2035,Existing Fast Chargers,118,Sydney - Eastern Suburbs,New South Wales,ev_00710,"-33.938009,151.238519",matched,0.03,nearby_identity,5866,772 Anzac Parade Parking – Maroubra,772 Anzac Parade  Maroubra 2035,Evie Networks,CCS Type 2,0.60/kWh + 0.09/kWh (9:00 AM-9:00 PM),,,,,,Evie Networks official station map,Official website; no open-data licence asserted,https://evie.com.au/find-a-charger/,True,evie,evie; osm,matched,True,unmatched,False,unmatched,False,matched,True
,,"773 Old South Head Rd, Sydney, 2030",Chargefox,2,DC,40 kW,-33.85700205,151.2828038,Woollahra Municipal Council,2030,Existing Fast Chargers,118,Sydney - Eastern Suburbs,New South Wales,ev_00711,"-33.857002,151.282804",review_unresolved,,,,,,,,,,,,,,,,,False,,,unmatched,False,unmatched,False,unmatched,False,unmatched,False
,,"77-97 Broken Head Rd, Suffolk Park, 2481",Tesla,2,AC,22 kW,-28.67817222,153.6103784,Byron Shire Council,2481,Existing Destination Chargers,112,Richmond - Tweed,New South Wales,ev_00712,,not_target,,,,,,,,,,,,,,,,,False,,,not_target,False,not_target,False,not_target,False,not_target,False
,,"78 Great Western Hwy Cnr Ross St, Glenbrook, NSW, 2773",Ampol,2,DC,125 kW,-33.7653881,150.6214758,Blue Mountains City Council,2773,ARENA - Driving the Nation,124,Sydney - Outer West and Blue Mountains,New South Wales,ev_00713,"-33.765388,150.621476",matched,1.05,nearby_identity,0000028974,Ampol Foodary Glenbrook,78 Great Western Hwy Cnr Ross St Glenbrook 2773,Ampol,CCS 2; CHAdeMO,,,2,,,,Ampol official station locator,Official website; no open-data licence asserted,https://ampcharge.ampol.com.au/find-a-charging-station,True,ampol,ampol; ocm,unmatched,False,matched,True,matched,True,review_identity,False
,,"7-9 Irvine Pl, Sydney, 2153",Chargefox,4,DC,125 kW,-33.73886191,150.9475235,The Hills Shire Council,2153,Existing Fast Chargers,115,Sydney - Baulkham Hills and Hawkesbury,New South Wales,ev_00714,"-33.738862,150.947523",review_unresolved,,,,,,,,,,,,,,,,,False,,,unmatched,False,unmatched,False,unmatched,False,unmatched,False
,,"7-9 New Beach Rd, Sydney, 2027",Chargefox,2,AC,22 kW,-33.87574379,151.2321331,Woollahra Municipal Council,2027,Existing Destination Chargers,118,Sydney - Eastern Suburbs,New South Wales,ev_00715,,not_target,,,,,,,,,,,,,,,,,False,,,not_target,False,not_target,False,not_target,False,not_target,False
,,"8 Central Pl, Sydney, 2760",Tesla,1,AC,22 kW,-33.73243848,150.7804575,Blacktown City Council,2760,Existing Destination Chargers,116,Sydney - Blacktown,New South Wales,ev_00716,,not_target,,,,,,,,,,,,,,,,,False,,,not_target,False,not_target,False,not_target,False,not_target,False
,,"8 Euston Rd, Sydney, 2015",Exploren,2,DC,120 kW,-33.90533738,151.1936567,"Sydney, Council of the City of",2015,Existing Fast Chargers,117,Sydney - City and Inner South,New South Wales,ev_00717,"-33.905337,151.193657",matched,13.67,nearby_identity,node/13073609605,,,Exploren,CCS Type 2,,,,,,,OpenStreetMap contributors,ODbL 1.0; https://www.openstreetmap.org/copyright,https://www.openstreetmap.org/node/13073609605,True,osm,osm,unmatched,False,unmatched,False,unmatched,False,matched,True
,,"8 Federation Rd, Sydney, 2050",Exploren,2,DC,50 kW,-33.89360765,151.1783463,Inner West Council,2050,Existing Fast Chargers,117,Sydney - City and Inner South,New South Wales,ev_00718,"-33.893608,151.178346",review_unresolved,,,,,,,,,,,,,,,,,False,,,unmatched,False,unmatched,False,unmatched,False,unmatched,False
,,"8 Greenfield Pde, Sydney, 2200",Exploren,3,AC,22 kW,-33.91993998,151.0338799,Canterbury Bankstown Council,2200,Existing Destination Chargers,119,Sydney - Inner South West,New South Wales,ev_00719,,not_target,,,,,,,,,,,,,,,,,False,,,not_target,False,not_target,False,not_target,False,not_target,False
,,"8 Greenfield Pde, Sydney, 2200",Tesla,2,AC,6 kW,-33.91956561,151.0336657,Canterbury Bankstown Council,2200,Existing Destination Chargers,119,Sydney - Inner South West,New South Wales,ev_00720,,not_target,,,,,,,,,,,,,,,,,False,,,not_target,False,not_target,False,not_target,False,not_target,False
,,"8 Kosciuszko Rd, Jindabyne, 2627",BP,4,DC,75 kW,-36.4147548,148.6177838,Snowy Monaro Regional Council,2627,Existing Fast Chargers,101,Capital Region,New South Wales,ev_00721,"-36.414755,148.617784",review_unresolved,,,,,,,,,,,,,,,,,False,,,unmatched,False,unmatched,False,review_identity,False,review_ambiguous,False
,,"8 Kylie Clos, Central Coast, 2263",Tesla,2,AC,22 kW,-33.24437942,151.5005706,Central Coast Council,2263,Existing Destination Chargers,102,Central Coast,New South Wales,ev_00722,,not_target,,,,,,,,,,,,,,,,,False,,,not_target,False,not_target,False,not_target,False,not_target,False
,,"8 Soudan St, Sydney, 2031",Exploren,1,AC,22 kW,-33.91899704,151.2418258,Randwick City Council,2031,Existing Destination Chargers,118,Sydney - Eastern Suburbs,New South Wales,ev_00723,,not_target,,,,,,,,,,,,,,,,,False,,,not_target,False,not_target,False,not_target,False,not_target,False
,,"8 Stanley St, Bathurst, 2795",NRMA,1,AC,22 kW,-33.4136517,149.5853904,Bathurst Regional Council,2795,Existing Destination Chargers,103,Central West,New South Wales,ev_00724,,not_target,,,,,,,,,,,,,,,,,False,,,not_target,False,not_target,False,not_target,False,not_target,False
,,"8 White Hart Dr, Sydney, 2155",Tesla,2,AC,13 kW,-33.69232237,150.9266517,The Hills Shire Council,2155,Existing Destination Chargers,115,Sydney - Baulkham Hills and Hawkesbury,New South Wales,ev_00725,,not_target,,,,,,,,,,,,,,,,,False,,,not_target,False,not_target,False,not_target,False,not_target,False
,,"8/24 Cross St, Wagga Wagga, NSW 2650",NRMA,2,DC,50 kW,-31.7223908,148.6571378,Wagga Wagga City Council,2827,TfNSW Regional,105,Far West and Orana,New South Wales,ev_00726,"-31.722391,148.657138",review_unresolved,,,,,,,,,,,,,,,,,False,,,unmatched,False,unmatched,False,unmatched,False,review_identity,False
,,"80 Little Barber St, Gunnedah, 2380",NRMA,2,DC,50 kW,-30.97803908,150.2508509,Gunnedah Shire Council,2380,Existing Fast Chargers,110,New England and North West,New South Wales,ev_00727,"-30.978039,150.250851",review_unresolved,,,,,,,,,,,,,,,,,False,,,unmatched,False,unmatched,False,review_identity,False,unmatched,False
,,"81 Eastern Rd, Sydney, 2766",Exploren,4,AC,22 kW,-33.7708529,150.8541522,Blacktown City Council,2766,Existing Destination Chargers,116,Sydney - Blacktown,New South Wales,ev_00728,,not_target,,,,,,,,,,,,,,,,,False,,,not_target,False,not_target,False,not_target,False,not_target,False
,,"81 Hickory St, Dorrigo, NSW 2453, Australia",NRMA,4,DC,75 kW,-30.9529988,148.3875852,Bellingen Shire Council,2829,TfNSW Regional,105,Far West and Orana,New South Wales,ev_00729,"-30.952999,148.387585",review_unresolved,,,,,,,,,,,,,,,,,False,,,unmatched,False,unmatched,False,unmatched,False,unmatched,False
,,"81 Meehan St, Yass NSW 2582, Australia",NRMA,2,DC,50 kW,-34.428348,150.9001506,Yass Valley Council,2500,TfNSW Regional,107,Illawarra,New South Wales,ev_00730,"-34.428348,150.900151",matched,8.32,nearby_identity,191177,Stewart Street Carpark [NRMA],"17 Stewart Street, Wollongong, 2500",NRMA,CCS (Type 2); CHAdeMO,FREE,Public,,2,Operational,2023-02-20T17:51:00Z,Open Charge Map Contributors,Licensed under Creative Commons Attribution 4.0 International (CC BY 4.0),https://openchargemap.org/site/poi/details/191177,True,ocm,ocm,unmatched,False,unmatched,False,matched,True,unmatched,False
,,"81 Merilba St, Tottenham, 2873",Exploren,2,AC,22 kW,-32.24494099,147.3564975,Lachlan Shire Council,2873,Existing Destination Chargers,103,Central West,New South Wales,ev_00731,,not_target,,,,,,,,,,,,,,,,,False,,,not_target,False,not_target,False,not_target,False,not_target,False
,,"8-10 Perkins St, Newcastle, 2300",Chargefox,3,AC,6 kW,-32.92698103,151.7787127,Newcastle City Council,2300,Existing Destination Chargers,111,Newcastle and Lake Macquarie,New South Wales,ev_00732,,not_target,,,,,,,,,,,,,,,,,False,,,not_target,False,not_target,False,not_target,False,not_target,False
,,"818-820 George St, Sydney , 2000",Exploren,2,AC,6 kW,-33.88426331,151.203022,"Sydney, Council of the City of",2000,Existing Destination Chargers,117,Sydney - City and Inner South,New South Wales,ev_00733,,not_target,,,,,,,,,,,,,,,,,False,,,not_target,False,not_target,False,not_target,False,not_target,False
,,"819-827 Anzac Pde, Sydney, 2035",JOLT,2,DC,25 kW,-33.94349854,151.2397227,Randwick City Council,2035,Existing Fast Chargers,118,Sydney - Eastern Suburbs,New South Wales,ev_00734,"-33.943499,151.239723",matched,7.83,nearby_identity,node/9290676154,,,Jolt,CCS Type 2; CHAdeMO,,yes,,,,,OpenStreetMap contributors,ODbL 1.0; https://www.openstreetmap.org/copyright,https://www.openstreetmap.org/node/9290676154,True,osm,osm,review_identity,False,unmatched,False,unmatched,False,matched,True
,,"82 Marsh St, Armidale, NSW 2350, Australia",NRMA,2,DC,50 kW,-34.4476103,147.5348555,Armidale Regional Council,2666,TfNSW Regional,113,Riverina,New South Wales,ev_00735,"-34.447610,147.534855",review_unresolved,,,,,,,,,,,,,,,,,False,,,unmatched,False,unmatched,False,review_identity,False,review_identity,False
,,"82A O'Connell St, Sydney, 2747",Evie,2,DC,50 kW,-33.76927632,150.7354595,Penrith City Council,2747,Existing Fast Chargers,124,Sydney - Outer West and Blue Mountains,New South Wales,ev_00736,"-33.769276,150.735459",matched,51.3,nearby_identity,191163,"Evie Caddens Corner, Kingswood.","82a O’Connell Street, Kinswoid",Evie,CCS (Type 2); CHAdeMO,DC $0.40/kWh AC $0.35/kWh,Public - Membership Required,,2,Operational,2023-07-15T13:55:00Z,Open Charge Map Contributors,Licensed under Creative Commons Attribution 4.0 International (CC BY 4.0),https://openchargemap.org/site/poi/details/191163,True,ocm,ocm,unmatched,False,unmatched,False,matched,True,unmatched,False
,,"83 Mulgoa Rd, Sydney, 2750",Exploren,4,AC,22 kW,-33.75706111,150.6853103,Penrith City Council,2750,Existing Destination Chargers,124,Sydney - Outer West and Blue Mountains,New South Wales,ev_00737,,not_target,,,,,,,,,,,,,,,,,False,,,not_target,False,not_target,False,not_target,False,not_target,False
,,"84 Market St, Mudgee, 2850",Tesla,2,AC,22 kW,-32.59012017,149.5852262,Mid-Western Regional Council,2850,Existing Destination Chargers,103,Central West,New South Wales,ev_00738,,not_target,,,,,,,,,,,,,,,,,False,,,not_target,False,not_target,False,not_target,False,not_target,False
,,"85/91 Commissioner St, Cooma , 2630",Tesla,8,DC,150 kW,-36.23552257,149.1267948,Snowy Monaro Regional Council,2630,Existing Fast Chargers,101,Capital Region,New South Wales,ev_00739,"-36.235523,149.126795",matched,0.1,nearby_identity,90199,Cooma Supercharger,"85-91 Commissioner Street, Cooma, NSW 2630",Tesla (Tesla-only charging),CCS (Type 2),AUD 0.42/kWh;other tariffs for older cars,Public - Membership Required,,4,Operational,2019-03-22T18:03:00Z,Open Charge Map Contributors,Licensed under Creative Commons Attribution 4.0 International (CC BY 4.0),https://openchargemap.org/site/poi/details/90199,True,ocm,ocm; osm,unmatched,False,unmatched,False,matched,True,matched,True
,,"86 Arncliffe St, Sydney, 2205",Exploren,1,AC,22 kW,-33.93058763,151.1537047,Bayside Council,2205,Existing Destination Chargers,119,Sydney - Inner South West,New South Wales,ev_00740,,not_target,,,,,,,,,,,,,,,,,False,,,not_target,False,not_target,False,not_target,False,not_target,False
,,"86 Meehan St, Yass, 2582",Tesla,3,AC,22 kW,-34.84183188,148.9125756,Yass Valley Council,2582,Existing Destination Chargers,101,Capital Region,New South Wales,ev_00741,,not_target,,,,,,,,,,,,,,,,,False,,,not_target,False,not_target,False,not_target,False,not_target,False
,,"86a Victoria Rd, Sydney, 2204",Exploren,2,AC,22 kW,-33.90573978,151.1683814,Inner West Council,2204,Existing Destination Chargers,117,Sydney - City and Inner South,New South Wales,ev_00742,,not_target,,,,,,,,,,,,,,,,,False,,,not_target,False,not_target,False,not_target,False,not_target,False
,,"87 De Vitre St, Newcastle, 2299",Chargefox,2,AC,22 kW,-32.91108013,151.7086046,Newcastle City Council,2299,Existing Destination Chargers,111,Newcastle and Lake Macquarie,New South Wales,ev_00743,,not_target,,,,,,,,,,,,,,,,,False,,,not_target,False,not_target,False,not_target,False,not_target,False
,,"87 Tallwood Ave, Mollymook Beach, 2539",Tesla,1,AC,22 kW,-35.3250561,150.4763784,Shoalhaven City Council,2539,Existing Destination Chargers,114,Southern Highlands and Shoalhaven,New South Wales,ev_00744,,not_target,,,,,,,,,,,,,,,,,False,,,not_target,False,not_target,False,not_target,False,not_target,False
,,"87 Winbourne Rd, Sydney, 2100",JOLT,2,DC,25 kW,-33.76207512,151.2724464,Northern Beaches Council,2100,Existing Fast Chargers,122,Sydney - Northern Beaches,New South Wales,ev_00745,"-33.762075,151.272446",review_unresolved,,,,,,,,,,,,,,,,,False,,,unmatched,False,unmatched,False,unmatched,False,unmatched,False
,,"872 Anzac Pde, Sydney, 2035",Evie,2,DC,75 kW,-33.94314819,151.2396466,Randwick City Council,2035,Existing Fast Chargers,118,Sydney - Eastern Suburbs,New South Wales,ev_00746,"-33.943148,151.239647",matched,14.04,nearby_identity,node/13206154678,,,Evie Networks,CCS Type 2,,,,,,,OpenStreetMap contributors,ODbL 1.0; https://www.openstreetmap.org/copyright,https://www.openstreetmap.org/node/13206154678,True,osm,osm,review_shared_external,False,unmatched,False,unmatched,False,matched,True
,,"875 Richmond Rd, Marsden Park, NSW, 2765",Ampol,2,DC,125 kW,-33.716109,150.8453094,Blacktown City Council,2765,ARENA - Driving the Nation,116,Sydney - Blacktown,New South Wales,ev_00747,"-33.716109,150.845309",matched,37.82,nearby_identity,0000022344,Ampol Foodary Marsden Park,875 Richmond Rd Marsden Park 2765,Ampol,CCS 2; CHAdeMO,,,2,,,,Ampol official station locator,Official website; no open-data licence asserted,https://ampcharge.ampol.com.au/find-a-charging-station,True,ampol,ampol,unmatched,False,matched,True,unmatched,False,review_identity,False
,,"87-91 Roberts Rd Cnr Moondo St, Greenacre, NSW, 2190",Ampol,2,DC,125 kW,-33.9047231,151.0645884,Strathfield Municipal Council,2190,ARENA - Driving the Nation,119,Sydney - Inner South West,New South Wales,ev_00748,"-33.904723,151.064588",matched,0.21,nearby_identity,0000022794,Ampol Foodary Greenacre,87-91 Roberts Rd Cnr Moondo St Greenacre 2190,Ampol,CCS 2,,,2,,,,Ampol official station locator,Official website; no open-data licence asserted,https://ampcharge.ampol.com.au/find-a-charging-station,True,ampol,ampol,unmatched,False,matched,True,unmatched,False,unmatched,False
,,"88 Broadway, Sydney, 2008",Tesla,3,AC,9 kW,-33.88482987,151.1986226,"Sydney, Council of the City of",2008,Existing Destination Chargers,117,Sydney - City and Inner South,New South Wales,ev_00749,,not_target,,,,,,,,,,,,,,,,,False,,,not_target,False,not_target,False,not_target,False,not_target,False
,,"88 Christie St, St Leonards NSW 2065",Evie,4,DC,50 kW,-33.82378797,151.1951941,North Sydney Council,2065,ARENA - Driving the Nation,121,Sydney - North Sydney and Hornsby,New South Wales,ev_00750,"-33.823788,151.195194",matched,6.92,nearby_identity,6819,Mall 88 – St Leonards,88 Christie St  St Leonards 2065,Evie Networks,CCS Type 2; CHAdeMO,0.60/kWh + 0.09/kWh (9:00 AM-9:00 PM),,,,,,Evie Networks official station map,Official website; no open-data licence asserted,https://evie.com.au/find-a-charger/,True,evie,evie; ocm,matched,True,unmatched,False,matched,True,review_identity,False
,,"88 Lockhart Rd, Tooleybuc, 2736",ChargeHub,2,AC,22 kW,-35.02261066,143.3372102,Murray River Council,2736,Existing Destination Chargers,109,Murray,New South Wales,ev_00751,,not_target,,,,,,,,,,,,,,,,,False,,,not_target,False,not_target,False,not_target,False,not_target,False
,,"88 Parker St, Sydney, 2747",Exploren,2,AC,22 kW,-33.75796501,150.7125445,Penrith City Council,2747,Existing Destination Chargers,124,Sydney - Outer West and Blue Mountains,New South Wales,ev_00752,,not_target,,,,,,,,,,,,,,,,,False,,,not_target,False,not_target,False,not_target,False,not_target,False
,,"888 Pittwater Rd, Sydney, 2099",Tesla,4,DC,250 kW,-33.75321026,151.2873604,Northern Beaches Council,2099,Existing Fast Chargers,122,Sydney - Northern Beaches,New South Wales,ev_00753,"-33.753210,151.287360",review_unresolved,,,,,,,,,,,,,,,,,False,,,review_identity,False,unmatched,False,unmatched,False,review_identity,False
,,"88-90 Houston Rd, Sydney, 2032",Evie,2,DC,50 kW,-33.92407212,151.2266947,Randwick City Council,2032,Existing Fast Chargers,118,Sydney - Eastern Suburbs,New South Wales,ev_00754,"-33.924072,151.226695",review_unresolved,,,,,,,,,,,,,,,,,False,,,review_shared_external,False,unmatched,False,unmatched,False,review_identity,False
,,"89 Barwan St, Narrabri, NSW 2390, Australia,",NRMA,4,DC,50 kW,-29.0572067,152.0186837,Narrabri Shire Council,2372,TfNSW Regional,110,New England and North West,New South Wales,ev_00755,"-29.057207,152.018684",review_unresolved,,,,,,,,,,,,,,,,,False,,,unmatched,False,unmatched,False,review_identity,False,review_identity,False
,,"89 Market St, Balranald, 2715",NRMA,2,DC,50 kW,-34.63954159,143.5647087,Balranald Shire Council,2715,Existing Fast Chargers,109,Murray,New South Wales,ev_00756,"-34.639542,143.564709",matched,20.86,nearby_identity,190671,Balranald [NRMA],"89 Market Street, Balranald, 2715",NRMA,CCS (Type 2); CHAdeMO,FREE,Public - Membership Required,,1,Operational,2021-12-17T02:52:00Z,Open Charge Map Contributors,Licensed under Creative Commons Attribution 4.0 International (CC BY 4.0),https://openchargemap.org/site/poi/details/190671,True,ocm,ocm; osm,unmatched,False,unmatched,False,matched,True,matched,True
,,"89 Williamson Rd, Sydney, 2565",BP,4,DC,150 kW,-33.98851456,150.8593694,Campbelltown City Council,2565,Existing Fast Chargers,123,Sydney - Outer South West,New South Wales,ev_00757,"-33.988515,150.859369",review_unresolved,,,,,,,,,,,,,,,,,False,,,unmatched,False,unmatched,False,unmatched,False,unmatched,False
,,"89-113 Kent St, Sydney, 2000",Tesla,3,AC,22 kW,-33.86050055,151.2036006,"Sydney, Council of the City of",2000,Existing Destination Chargers,117,Sydney - City and Inner South,New South Wales,ev_00758,,not_target,,,,,,,,,,,,,,,,,False,,,not_target,False,not_target,False,not_target,False,not_target,False
,,"895 South Dowling St, Sydney, 2017",Chargefox,3,DC,165 kW,-33.90701506,151.213019,"Sydney, Council of the City of",2017,Existing Fast Chargers,117,Sydney - City and Inner South,New South Wales,ev_00759,"-33.907015,151.213019",matched,15.67,nearby_identity,191062,Audi Centre Sydney,"895 South Dowling Street, Zetland, 2017",Chargefox,CCS (Type 2),$0.70/kWh,Public - Membership Required,,1,Operational,2023-07-13T10:51:00Z,Open Charge Map Contributors,Licensed under Creative Commons Attribution 4.0 International (CC BY 4.0),https://openchargemap.org/site/poi/details/191062,True,ocm,ocm,unmatched,False,review_identity,False,matched,True,unmatched,False
,,"8s South Steyne, Sydney, 2095",Exploren,2,AC,22 kW,-33.79987792,151.2894434,Northern Beaches Council,2095,Existing Destination Chargers,122,Sydney - Northern Beaches,New South Wales,ev_00760,,not_target,,,,,,,,,,,,,,,,,False,,,not_target,False,not_target,False,not_target,False,not_target,False
,,"9 Anzac Ave, Sydney, 2097",Exploren,1,AC,22 kW,-33.73860765,151.3041171,Northern Beaches Council,2097,Existing Destination Chargers,122,Sydney - Northern Beaches,New South Wales,ev_00761,,not_target,,,,,,,,,,,,,,,,,False,,,not_target,False,not_target,False,not_target,False,not_target,False
,,"9 Barracluff Ave, Sydney, 2026",Chargefox,2,AC,22 kW,-33.88954959,151.2665495,Waverley Council,2026,Existing Destination Chargers,118,Sydney - Eastern Suburbs,New South Wales,ev_00762,,not_target,,,,,,,,,,,,,,,,,False,,,not_target,False,not_target,False,not_target,False,not_target,False
,,"9 Chilvers Rd, Sydney, 2120",Exploren,2,AC,22 kW,-33.72340145,151.0824214,"Hornsby, The Council of the Shire of",2120,Existing Destination Chargers,121,Sydney - North Sydney and Hornsby,New South Wales,ev_00763,,not_target,,,,,,,,,,,,,,,,,False,,,not_target,False,not_target,False,not_target,False,not_target,False
,,"9 Eastern Valley Way, Northbridge NSW 2063",Evie,4,DC,50 kW,-33.809326,151.208848,North Sydney Council,2063,ARENA - Driving the Nation,121,Sydney - North Sydney and Hornsby,New South Wales,ev_00764,"-33.809326,151.208848",matched,1.53,nearby_identity,6770,Northbridge Plaza,9 Eastern Valley Way  Northbridge 2063,Evie Networks,CCS Type 2,0.62/kWh + 0.09/kWh (9:00 AM-9:00 PM),,,,,,Evie Networks official station map,Official website; no open-data licence asserted,https://evie.com.au/find-a-charger/,True,evie,evie; ocm,matched,True,unmatched,False,matched,True,unmatched,False
,,"9 Flinders St, Wollongong North, NSW, 2500",Ampol,2,DC,125 kW,-34.4151195,150.8931953,Wollongong City Council,2500,ARENA - Driving the Nation,107,Illawarra,New South Wales,ev_00765,"-34.415120,150.893195",matched,12.68,nearby_identity,0000022128,Ampol Foodary Wollongong North,9 Flinders St Wollongong North 2500,Ampol,CCS 2; CHAdeMO,,,2,,,,Ampol official station locator,Official website; no open-data licence asserted,https://ampcharge.ampol.com.au/find-a-charging-station,True,ampol,ampol,unmatched,False,matched,True,unmatched,False,unmatched,False
,,"9 Lagoon St, Sydney, 2101",JOLT,2,DC,25 kW,-33.7136587,151.2982913,Northern Beaches Council,2101,Existing Fast Chargers,122,Sydney - Northern Beaches,New South Wales,ev_00766,"-33.713659,151.298291",review_unresolved,,,,,,,,,,,,,,,,,False,,,unmatched,False,unmatched,False,unmatched,False,unmatched,False
,,"9 Oscar Pl, Sydney, 2036",Wevolt,6,AC,13 kW,-33.9430521,151.2253984,Bayside Council,2036,Existing Destination Chargers,117,Sydney - City and Inner South,New South Wales,ev_00767,,not_target,,,,,,,,,,,,,,,,,False,,,not_target,False,not_target,False,not_target,False,not_target,False
,,"9 Studio Dr, Sydney, 2036",Chargefox,1,AC,22 kW,-33.94074979,151.2258819,Bayside Council,2036,Existing Destination Chargers,117,Sydney - City and Inner South,New South Wales,ev_00768,,not_target,,,,,,,,,,,,,,,,,False,,,not_target,False,not_target,False,not_target,False,not_target,False
,,"9 Vickery Ave, Sydney, 2029",Evie,4,DC,75 kW,-33.87136141,151.2644124,Woollahra Municipal Council,2029,Existing Fast Chargers,118,Sydney - Eastern Suburbs,New South Wales,ev_00769,"-33.871361,151.264412",review_unresolved,,,,,,,,,,,,,,,,,False,,,review_shared_external,False,unmatched,False,unmatched,False,unmatched,False
,,"90 Sydney Ave, Central Coast, 2257",Chargefox,1,AC,22 kW,-33.52986291,151.3111231,Central Coast Council,2257,Existing Destination Chargers,102,Central Coast,New South Wales,ev_00770,,not_target,,,,,,,,,,,,,,,,,False,,,not_target,False,not_target,False,not_target,False,not_target,False
,,"91 Centennial Cct, Byron Bay, 2481",Tesla,1,AC,22 kW,-28.63683388,153.5803333,Byron Shire Council,2481,Existing Destination Chargers,112,Richmond - Tweed,New South Wales,ev_00771,,not_target,,,,,,,,,,,,,,,,,False,,,not_target,False,not_target,False,not_target,False,not_target,False
,,"91 Spring St, Sydney, 2022",Evie,4,DC,75 kW,-33.89264569,151.2481672,Waverley Council,2022,Existing Fast Chargers,118,Sydney - Eastern Suburbs,New South Wales,ev_00772,"-33.892646,151.248167",matched,0.1,nearby_identity,6699,Eastgate Bondi Junction,71/91 Spring St  Bondi Junction 2022,Evie Networks,CCS Type 2,0.62/kWh + 0.09/kWh (9:00 AM-9:00 PM),,,,,,Evie Networks official station map,Official website; no open-data licence asserted,https://evie.com.au/find-a-charger/,True,evie,evie; ocm,matched,True,unmatched,False,matched,True,unmatched,False
,,"9-13 Winbourne Rd, Sydney, 2100",Chargefox,1,AC,22 kW,-33.76461066,151.2773343,Northern Beaches Council,2100,Existing Destination Chargers,122,Sydney - Northern Beaches,New South Wales,ev_00773,,not_target,,,,,,,,,,,,,,,,,False,,,not_target,False,not_target,False,not_target,False,not_target,False
,,"917-923 Old Northern Rd, Dural, NSW, 2158",Ampol,2,DC,125 kW,-33.6828871,151.0284517,"Hornsby, The Council of the Shire of",2158,ARENA - Driving the Nation,115,Sydney - Baulkham Hills and Hawkesbury,New South Wales,ev_00774,"-33.682887,151.028452",matched,2.47,nearby_identity,0000028780,Ampol Foodary Dural,917-923 Old Northern Rd Dural 2158,Ampol,CCS 2; CHAdeMO,,,2,,,,Ampol official station locator,Official website; no open-data licence asserted,https://ampcharge.ampol.com.au/find-a-charging-station,True,ampol,ampol; osm,unmatched,False,matched,True,unmatched,False,matched,True
,,"92 Houston Rd
Kingsford NSW 2032
Australia",Evie Networks,2,DC,50 kW,-33.9242319,151.2266791,Randwick City Council,2032,Kerbside Charging R1,118,Sydney - Eastern Suburbs,New South Wales,ev_00775,"-33.924232,151.226679",review_unresolved,,,,,,,,,,,,,,,,,False,,,review_shared_external,False,unmatched,False,unmatched,False,review_identity,False
,Reflections Bonny Hills,"920 Ocean Dr
Bonny Hills NSW 2445
Australia",Non-networked,4,AC,AC,-31.5913436,152.8402533,Port Macquarie-Hastings Council,2445,Destination Charging R2,108,Mid North Coast,New South Wales,ev_00776,,not_target,,,,,,,,,,,,,,,,,False,,,not_target,False,not_target,False,not_target,False,not_target,False
,,"93 Byamee St, Dapto NSW 2530",Evie,4,DC,50 kW,-34.494604,150.795725,Wollongong City Council,2530,ARENA - Driving the Nation,107,Illawarra,New South Wales,ev_00777,"-34.494604,150.795725",matched,37.27,nearby_identity,6773,Dapto Mall,Moombara St  Dapto 2530,Evie Networks,CCS Type 2; CHAdeMO,0.60/kWh + 0.09/kWh (9:00 AM-9:00 PM),,,,,,Evie Networks official station map,Official website; no open-data licence asserted,https://evie.com.au/find-a-charger/,True,evie,evie; ocm,matched,True,unmatched,False,matched,True,unmatched,False
,,"93 Princes Hwy, Ulladulla, 2539",ChargeHub,2,DC,25 kW,-35.3576507,150.4733804,Shoalhaven City Council,2539,Existing Fast Chargers,114,Southern Highlands and Shoalhaven,New South Wales,ev_00778,"-35.357651,150.473380",review_unresolved,,,,,,,,,,,,,,,,,False,,,review_identity,False,unmatched,False,unmatched,False,review_identity,False
,,"930 Old Northern Rd, Glenorie NSW 2157",Evie,4,DC,75 kW,-33.60191393,151.0082442,The Hills Shire Council,2157,ARENA - Driving the Nation,115,Sydney - Baulkham Hills and Hawkesbury,New South Wales,ev_00779,"-33.601914,151.008244",matched,0.6,nearby_identity,7739,The Village Glenorie,930 Old Northern Road  Glenorie 2157,Evie Networks,CCS Type 2; CHAdeMO,0.62/kWh + 0.09/kWh (9:00 AM-9:00 PM),,,,,,Evie Networks official station map,Official website; no open-data licence asserted,https://evie.com.au/find-a-charger/,True,evie,evie,matched,True,unmatched,False,unmatched,False,unmatched,False
,,"94 Booner St, Hawks Nest, NSW 2324",EVX,2,AC,22 kW,-32.67343948,152.1826226,Mid-Coast Council,NSW 2324,Existing Destination Chargers,106,Hunter Valley exc Newcastle,New South Wales,ev_00780,,not_target,,,,,,,,,,,,,,,,,False,,,not_target,False,not_target,False,not_target,False,not_target,False
,,"94 Epsom Rd, Sydney, 2017",Chargefox,3,AC,6 kW,-33.91001906,151.208021,"Sydney, Council of the City of",2017,Existing Destination Chargers,117,Sydney - City and Inner South,New South Wales,ev_00781,,not_target,,,,,,,,,,,,,,,,,False,,,not_target,False,not_target,False,not_target,False,not_target,False
,,"94 Princes Hwy, Wollongong, 2500",Exploren,4,AC,6 kW,-34.42093898,150.8926356,Wollongong City Council,2500,Existing Destination Chargers,107,Illawarra,New South Wales,ev_00782,,not_target,,,,,,,,,,,,,,,,,False,,,not_target,False,not_target,False,not_target,False,not_target,False
,,"9-49 Chapel Rd, Bankstown NSW 2200",Evie,4,DC,50 kW,-33.931975,151.030127,Canterbury Bankstown Council,2200,ARENA - Driving the Nation,119,Sydney - Inner South West,New South Wales,ev_00783,"-33.931975,151.030127",matched,0.25,nearby_identity,6695,HomeCo – Bankstown,9-49 Chapel Road  Bankstown 2200,Evie Networks,CCS Type 2; CHAdeMO,0.60/kWh + 0.09/kWh (9:00 AM-9:00 PM),,,,,,Evie Networks official station map,Official website; no open-data licence asserted,https://evie.com.au/find-a-charger/,True,evie,evie; ocm; osm,matched,True,unmatched,False,matched,True,matched,True
,,"95-97 Grafton St, Sydney, 2022",Chargefox,3,AC,6 kW,-33.89092897,151.2491502,Waverley Council,2022,Existing Destination Chargers,118,Sydney - Eastern Suburbs,New South Wales,ev_00784,,not_target,,,,,,,,,,,,,,,,,False,,,not_target,False,not_target,False,not_target,False,not_target,False
,,"96 Mackay Ave, Yoogali, 2680",Chargefox,2,DC,50 kW,-34.29922127,146.0782252,Griffith City Council,2680,Existing Fast Chargers,113,Riverina,New South Wales,ev_00785,"-34.299221,146.078225",matched,7.27,nearby_identity,node/11963693701,,,Chargefox,CCS Type 2,,,,,,,OpenStreetMap contributors,ODbL 1.0; https://www.openstreetmap.org/copyright,https://www.openstreetmap.org/node/11963693701,True,osm,osm,unmatched,False,unmatched,False,review_identity,False,matched,True
,,"96 Ocean St, Dudley, 2290",Exploren,1,AC,22 kW,-32.98953658,151.7187928,Lake Macquarie City Council,2290,Existing Destination Chargers,111,Newcastle and Lake Macquarie,New South Wales,ev_00786,,not_target,,,,,,,,,,,,,,,,,False,,,not_target,False,not_target,False,not_target,False,not_target,False
,,"96-100 Centennial Cct, Byron Bay, 2481",Chargefox,1,DC,80 kW,-28.6372513,153.5806587,Byron Shire Council,2481,Existing Fast Chargers,112,Richmond - Tweed,New South Wales,ev_00787,"-28.637251,153.580659",review_unresolved,,,,,,,,,,,,,,,,,False,,,unmatched,False,unmatched,False,unmatched,False,unmatched,False
,,"97 Cobra St, Dubbo, 2830",Tesla,2,AC,22 kW,-32.25470475,148.6086486,Dubbo Regional Council,2830,Existing Destination Chargers,105,Far West and Orana,New South Wales,ev_00788,,not_target,,,,,,,,,,,,,,,,,False,,,not_target,False,not_target,False,not_target,False,not_target,False
,,"97 Glenayr Ave, Sydney, 2026",Chargefox,1,AC,6 kW,-33.88612717,151.273042,Waverley Council,2026,Existing Destination Chargers,118,Sydney - Eastern Suburbs,New South Wales,ev_00789,,not_target,,,,,,,,,,,,,,,,,False,,,not_target,False,not_target,False,not_target,False,not_target,False
,,"972 Hermitage Rd, Pokolbin, 2320",Exploren,2,AC,22 kW,-32.7347538,151.2585696,Singleton Council,2320,Existing Destination Chargers,106,Hunter Valley exc Newcastle,New South Wales,ev_00790,,not_target,,,,,,,,,,,,,,,,,False,,,not_target,False,not_target,False,not_target,False,not_target,False
,,"97R Brook St, Sydney, 2034",Chargefox,2,DC,42 kW,-33.91910615,151.2547838,Randwick City Council,2034,Existing Fast Chargers,118,Sydney - Eastern Suburbs,New South Wales,ev_00791,"-33.919106,151.254784",review_unresolved,,,,,,,,,,,,,,,,,False,,,unmatched,False,unmatched,False,unmatched,False,unmatched,False
,,"98-100 Windsor Rd Cnr Lombard Rd, Northmead, NSW, 2152",Ampol,2,DC,125 kW,-33.7878745,150.9946557,"Parramatta, Council of the City of",2152,ARENA - Driving the Nation,125,Sydney - Parramatta,New South Wales,ev_00792,"-33.787875,150.994656",matched,7.08,nearby_identity,0000022427,Ampol Foodary Northmead,98-100 Windsor Rd Cnr Lombard Rd Northmead 2152,Ampol,CCS 2; CHAdeMO,,,2,,,,Ampol official station locator,Official website; no open-data licence asserted,https://ampcharge.ampol.com.au/find-a-charging-station,True,ampol,ampol; osm,unmatched,False,matched,True,unmatched,False,matched,True
,,"9913 Kosciuszko Rd, Perisher Valley, 2624",Tesla,1,AC,22 kW,-36.40556461,148.4128078,Snowy Monaro Regional Council,2624,Existing Destination Chargers,101,Capital Region,New South Wales,ev_00793,,not_target,,,,,,,,,,,,,,,,,False,,,not_target,False,not_target,False,not_target,False,not_target,False
,,"997 Milbrodale Rd, Broke, 2330",Tesla,2,AC,22 kW,-32.74639844,151.0733924,Singleton Council,2330,Existing Destination Chargers,106,Hunter Valley exc Newcastle,New South Wales,ev_00794,,not_target,,,,,,,,,,,,,,,,,False,,,not_target,False,not_target,False,not_target,False,not_target,False
,,"9A Elizabeth Bay Rd, Sydney, 2011",Chargefox,3,AC,6 kW,-33.87324229,151.2260571,"Sydney, Council of the City of",2011,Existing Destination Chargers,117,Sydney - City and Inner South,New South Wales,ev_00795,,not_target,,,,,,,,,,,,,,,,,False,,,not_target,False,not_target,False,not_target,False,not_target,False
,,"A/2 Macquarie St, Sydney, 2150",Exploren,8,AC,22 kW,-33.81408613,150.9991782,"Parramatta, Council of the City of",2150,Existing Destination Chargers,125,Sydney - Parramatta,New South Wales,ev_00796,,not_target,,,,,,,,,,,,,,,,,False,,,not_target,False,not_target,False,not_target,False,not_target,False
,,"Albert Pde, Sydney, 2131",Exploren,4,AC,22 kW,-33.88281186,151.1232022,Inner West Council,2131,Existing Destination Chargers,120,Sydney - Inner West,New South Wales,ev_00797,,not_target,,,,,,,,,,,,,,,,,False,,,not_target,False,not_target,False,not_target,False,not_target,False
,,"Alford St, Currabubula, 2342",Exploren,2,AC,22 kW,-31.26079584,150.7369459,Liverpool Plains Shire Council,2342,Existing Destination Chargers,110,New England and North West,New South Wales,ev_00798,,not_target,,,,,,,,,,,,,,,,,False,,,not_target,False,not_target,False,not_target,False,not_target,False
,,"Alleyne St, Sydney, 2067",EVUp,1,AC,22 kW,-33.78754859,151.1983834,Willoughby City Council,2067,Existing Destination Chargers,121,Sydney - North Sydney and Hornsby,New South Wales,ev_00799,,not_target,,,,,,,,,,,,,,,,,False,,,not_target,False,not_target,False,not_target,False,not_target,False
,,"Alpha Street, Sydney, 2148",Exploren,2,AC,6 kW,-33.7714585,150.908034,Blacktown City Council,2148,Existing Destination Chargers,116,Sydney - Blacktown,New South Wales,ev_00800,,not_target,,,,,,,,,,,,,,,,,False,,,not_target,False,not_target,False,not_target,False,not_target,False
,,"Anderson St, Sydney, 2067",Exploren,2,DC,50 kW,-33.79641046,151.1836096,Willoughby City Council,2067,Existing Fast Chargers,121,Sydney - North Sydney and Hornsby,New South Wales,ev_00801,"-33.796410,151.183610",review_unresolved,,,,,,,,,,,,,,,,,False,,,unmatched,False,unmatched,False,review_identity,False,unmatched,False
,,"Arthur St, Moss Vale, 2577",Porsche Smart Mobility,1,AC,11 kW,-34.55724529,150.3719379,Wingecarribee Shire Council,2577,Existing Destination Chargers,114,Southern Highlands and Shoalhaven,New South Wales,ev_00802,,not_target,,,,,,,,,,,,,,,,,False,,,not_target,False,not_target,False,not_target,False,not_target,False
,,"Ascot St, Sydney, 2033",Exploren,4,AC,22 kW,-33.90838043,151.2263453,Randwick City Council,2033,Existing Destination Chargers,118,Sydney - Eastern Suburbs,New South Wales,ev_00803,,not_target,,,,,,,,,,,,,,,,,False,,,not_target,False,not_target,False,not_target,False,not_target,False
,,"Avenue Rd, Sydney, 2088",BP,2,DC,75 kW,-33.83197602,151.2373874,Mosman Municipal Council,2088,Existing Fast Chargers,121,Sydney - North Sydney and Hornsby,New South Wales,ev_00804,"-33.831976,151.237387",review_unresolved,,,,,,,,,,,,,,,,,False,,,unmatched,False,unmatched,False,unmatched,False,unmatched,False
,,"B640 Princes Hwy, Berry, 2535",Tesla,12,DC,130 kW,-34.80794299,150.637044,Shoalhaven City Council,2535,Existing Fast Chargers,114,Southern Highlands and Shoalhaven,New South Wales,ev_00805,"-34.807943,150.637044",matched,46.05,nearby_identity,128374,Berry Supercharger,"B640 Princes Highway, Berry",Tesla (including non-tesla),CCS (Type 2),AUD 0.42/kWh;other tariffs for older cars,Public - Membership Required,,6,Operational,2023-08-30T06:17:00Z,Open Charge Map Contributors,Licensed under Creative Commons Attribution 4.0 International (CC BY 4.0),https://openchargemap.org/site/poi/details/128374,True,ocm,ocm,unmatched,False,unmatched,False,matched,True,review_identity,False
,,"B640 Princes Hwy, Jaspers Brush, 2535",Tesla,2,AC,22 kW,-34.80908213,150.6371221,Shoalhaven City Council,2535,Existing Destination Chargers,114,Southern Highlands and Shoalhaven,New South Wales,ev_00806,,not_target,,,,,,,,,,,,,,,,,False,,,not_target,False,not_target,False,not_target,False,not_target,False
,,"Banyandah St, South Durras, 2536",Chargefox,4,AC,22 kW,-35.66760265,150.2992292,Eurobodalla Shire Council,2536,Existing Destination Chargers,101,Capital Region,New South Wales,ev_00807,,not_target,,,,,,,,,,,,,,,,,False,,,not_target,False,not_target,False,not_target,False,not_target,False
,,"Bay St, Sydney, 2007",Tesla,3,AC,22 kW,-33.88364169,151.1948789,"Sydney, Council of the City of",2007,Existing Destination Chargers,117,Sydney - City and Inner South,New South Wales,ev_00808,,not_target,,,,,,,,,,,,,,,,,False,,,not_target,False,not_target,False,not_target,False,not_target,False
,,"Beachside Dr, Caves Beach, 2281",Porsche Smart Mobility,4,AC,11 kW,-33.10472377,151.648005,Lake Macquarie City Council,2281,Existing Destination Chargers,111,Newcastle and Lake Macquarie,New South Wales,ev_00809,,not_target,,,,,,,,,,,,,,,,,False,,,not_target,False,not_target,False,not_target,False,not_target,False
,,"Bellambi Ln, Wollongong, 2518",Exploren,2,DC,120 kW,-34.36218023,150.907982,Wollongong City Council,2518,Existing Fast Chargers,107,Illawarra,New South Wales,ev_00810,"-34.362180,150.907982",review_unresolved,,,,,,,,,,,,,,,,,False,,,unmatched,False,unmatched,False,unmatched,False,unmatched,False
,,"Berowra Railway Station, Pacific Highway, Berowra, New South Wales 2081, Australia",JOLT,1,DC,25 kW,-33.623906,151.151802,"Hornsby, The Council of the Shire of",2081,TfNSW Commuter Car Parks,121,Sydney - North Sydney and Hornsby,New South Wales,ev_00811,"-33.623906,151.151802",review_unresolved,,,,,,,,,,,,,,,,,False,,,unmatched,False,unmatched,False,review_identity,False,review_identity,False
,,"Bradleys Head Road, Sydney, 2088",Chargefox,2,AC,22 kW,-33.84167072,151.2429499,Mosman Municipal Council,2088,Existing Destination Chargers,121,Sydney - North Sydney and Hornsby,New South Wales,ev_00812,,not_target,,,,,,,,,,,,,,,,,False,,,not_target,False,not_target,False,not_target,False,not_target,False
,,"Breese Pde, Forster, 2428",Chargefox,1,AC,6 kW,-32.20032137,152.5184084,Mid-Coast Council,2428,Existing Destination Chargers,108,Mid North Coast,New South Wales,ev_00813,,not_target,,,,,,,,,,,,,,,,,False,,,not_target,False,not_target,False,not_target,False,not_target,False
,,"Brunswick Ter, Brunswick Heads, 2483",Tesla,1,AC,6 kW,-28.53977782,153.5522432,Byron Shire Council,2483,Existing Destination Chargers,112,Richmond - Tweed,New South Wales,ev_00814,,not_target,,,,,,,,,,,,,,,,,False,,,not_target,False,not_target,False,not_target,False,not_target,False
,,"Bryant Dr, Central Coast, 2259",Tesla,12,DC,130 kW,-33.31010015,151.4206827,Central Coast Council,2259,Existing Fast Chargers,102,Central Coast,New South Wales,ev_00815,"-33.310100,151.420683",matched,0.07,nearby_identity,node/6517096170,Tesla Supercharger Tuggerah,,Tesla,CCS Type 2,,customers,,,,,OpenStreetMap contributors,ODbL 1.0; https://www.openstreetmap.org/copyright,https://www.openstreetmap.org/node/6517096170,True,osm,osm,unmatched,False,unmatched,False,review_identity,False,matched,True
,Kempsey Shire Council,"Buchanan Dr
South West Rocks NSW 2431
Australia",Exploren,2,AC,AC,-30.88653,153.0379572,Kempsey Shire Council,2431,Destination Charging R1,108,Mid North Coast,New South Wales,ev_00816,,not_target,,,,,,,,,,,,,,,,,False,,,not_target,False,not_target,False,not_target,False,not_target,False
,,"Bunnerong Rd, Sydney, 2036",Chargefox,2,DC,40 kW,-33.97296101,151.2365656,Randwick City Council,2036,Existing Fast Chargers,118,Sydney - Eastern Suburbs,New South Wales,ev_00817,"-33.972961,151.236566",review_unresolved,,,,,,,,,,,,,,,,,False,,,unmatched,False,unmatched,False,review_shared_external,False,unmatched,False
,,"Cabarita Rd, Bogangar, 2488",NRMA,1,AC,22 kW,-28.33169174,153.5641411,Tweed Shire Council,2488,Existing Destination Chargers,112,Richmond - Tweed,New South Wales,ev_00818,,not_target,,,,,,,,,,,,,,,,,False,,,not_target,False,not_target,False,not_target,False,not_target,False
,,"Camden Valley Way &, Somerset Ave, Narellan NSW 2567",Evie,4,DC,150 kW,-34.0397301,150.7385139,Camden Council,2022,ARENA - Driving the Nation,123,Sydney - Outer South West,New South Wales,ev_00819,"-34.039730,150.738514",review_unresolved,,,,,,,,,,,,,,,,,False,,,review_identity,False,review_identity,False,unmatched,False,review_identity,False
,,"Campbell St, Sydney, 2150",EVUp,1,AC,22 kW,-33.81783788,150.999956,"Parramatta, Council of the City of",2150,Existing Destination Chargers,125,Sydney - Parramatta,New South Wales,ev_00820,,not_target,,,,,,,,,,,,,,,,,False,,,not_target,False,not_target,False,not_target,False,not_target,False
,,"Car Park behind the Civic Centre, Orange, 2800",NRMA,2,DC,50 kW,-33.28142647,149.1027898,Orange City Council,2800,Existing Fast Chargers,103,Central West,New South Wales,ev_00821,"-33.281426,149.102790",matched,1.91,nearby_identity,191954,Orange Civic Theatre,"Orange Civic Theatre, Orange, 2800",NRMA,CCS (Type 2); CHAdeMO,FREE,Public - Membership Required,,1,Operational,2022-03-10T22:21:00Z,Open Charge Map Contributors,Licensed under Creative Commons Attribution 4.0 International (CC BY 4.0),https://openchargemap.org/site/poi/details/191954,True,ocm,ocm; osm,unmatched,False,unmatched,False,matched,True,matched,True
,,"Car park, 51 Evans St (Victoria Park), Inverell, NSW 2360, Australia",NRMA,2,DC,75 kW,-35.1086448,147.3732036,Inverell Shire Council,2650,TfNSW Regional,113,Riverina,New South Wales,ev_00822,"-35.108645,147.373204",review_unresolved,,,,,,,,,,,,,,,,,False,,,unmatched,False,unmatched,False,review_identity,False,review_identity,False
,,"Car park, Little Hoskins St, Temora, NSW 2666",NRMA,2,DC,50 kW,-30.9827002,151.5928644,Temora Shire Council,2354,TfNSW Regional,110,New England and North West,New South Wales,ev_00823,"-30.982700,151.592864",review_unresolved,,,,,,,,,,,,,,,,,False,,,unmatched,False,unmatched,False,review_identity,False,unmatched,False
,,"Carrington Pde, Sydney, 2096",EVUp,5,AC,22 kW,-33.77900205,151.2924134,Northern Beaches Council,2096,Existing Destination Chargers,122,Sydney - Northern Beaches,New South Wales,ev_00824,,not_target,,,,,,,,,,,,,,,,,False,,,not_target,False,not_target,False,not_target,False,not_target,False
,,"Castlereagh Rd, Sydney, 2750",Ampol,2,DC,150 kW,-33.74298103,150.69296,Penrith City Council,2750,Existing Fast Chargers,124,Sydney - Outer West and Blue Mountains,New South Wales,ev_00825,"-33.742981,150.692960",review_unresolved,,,,,,,,,,,,,,,,,False,,,unmatched,False,review_shared_external,False,review_shared_external,False,review_shared_external,False
,,"Central Ave 2, Sydney, 2015",Ampol,6,DC,150 kW,-33.89561066,151.1961411,"Sydney, Council of the City of",2015,Existing Fast Chargers,117,Sydney - City and Inner South,New South Wales,ev_00826,"-33.895611,151.196141",matched,39.66,nearby_identity,0000025106,AmpCharge South Eveleigh Shopping Centre,2 Central Ave Eveleigh 2015,Ampol,CCS 2,,,6,,,,Ampol official station locator,Official website; no open-data licence asserted,https://ampcharge.ampol.com.au/find-a-charging-station,True,ampol,ampol,unmatched,False,matched,True,review_identity,False,unmatched,False
,,"Church St, Glen Innes, 2370",EVUp,1,AC,22 kW,-29.73817122,151.7375185,Glen Innes Severn Council,2370,Existing Destination Chargers,110,New England and North West,New South Wales,ev_00827,,not_target,,,,,,,,,,,,,,,,,False,,,not_target,False,not_target,False,not_target,False,not_target,False
,,"Church St, Sydney, 2024",EVX,2,AC,22 kW,-33.89814219,151.2537778,Waverley Council,2024,Existing Destination Chargers,118,Sydney - Eastern Suburbs,New South Wales,ev_00828,,not_target,,,,,,,,,,,,,,,,,False,,,not_target,False,not_target,False,not_target,False,not_target,False
,,"Civic Dr, Sydney, 2099",ChargePoint,2,AC,6 kW,-33.75034339,151.2866637,Northern Beaches Council,2099,Existing Destination Chargers,122,Sydney - Northern Beaches,New South Wales,ev_00829,,not_target,,,,,,,,,,,,,,,,,False,,,not_target,False,not_target,False,not_target,False,not_target,False
,,"Cnr Beggs Road & Rooty Hill Road, Sydney, 2766",Chargefox,4,AC,6 kW,-33.7847568,150.8531011,Blacktown City Council,2766,Existing Destination Chargers,116,Sydney - Blacktown,New South Wales,ev_00830,,not_target,,,,,,,,,,,,,,,,,False,,,not_target,False,not_target,False,not_target,False,not_target,False
,,"Cnr Compton Drive & Cedar Cres, Ballina, 2478",Tesla,2,AC,22 kW,-28.86860365,153.5889309,Ballina Shire Council,2478,Existing Destination Chargers,112,Richmond - Tweed,New South Wales,ev_00831,,not_target,,,,,,,,,,,,,,,,,False,,,not_target,False,not_target,False,not_target,False,not_target,False
,,"Cnr Dunheved Rd & Henry Lawson Dr, Werrington, NSW, 2747",Ampol,2,DC,125 kW,-33.7463077,150.7413197,Penrith City Council,2747,ARENA - Driving the Nation,124,Sydney - Outer West and Blue Mountains,New South Wales,ev_00832,"-33.746308,150.741320",matched,53.47,nearby_identity,0000028569,Ampol Foodary Werrington,Cnr Dunheved Rd & Henry Lawson Dr Werrington 2747,Ampol,CCS 2; CHAdeMO,,,2,,,,Ampol official station locator,Official website; no open-data licence asserted,https://ampcharge.ampol.com.au/find-a-charging-station,True,ampol,ampol,unmatched,False,matched,True,unmatched,False,review_identity,False
,,"Cnr Elara Bvd &, Northbourne Dr, Sydney, 2765",Evie,4,DC,150 kW,-33.69514919,150.8213664,Blacktown City Council,2765,Existing Fast Chargers,116,Sydney - Blacktown,New South Wales,ev_00833,"-33.695149,150.821366",matched,0.06,nearby_identity,7299,Elara Village – Marsden Park,"Cnr Elara Bvd &, Northbourne Dr  Marsden Park` 2765",Evie Networks,CCS Type 2,0.71/kWh + 0.04/kWh (9:00 AM-9:00 PM),,,,,,Evie Networks official station map,Official website; no open-data licence asserted,https://evie.com.au/find-a-charger/,True,evie,evie,matched,True,unmatched,False,unmatched,False,unmatched,False
,,"Cnr Herring & Waterloo Rd, North Ryde NSW 2113",Evie,4,DC,50 kW,-33.776893,151.122247,"Ryde, Council of the City of",2113,ARENA - Driving the Nation,126,Sydney - Ryde,New South Wales,ev_00834,"-33.776893,151.122247",matched,137.13,nearby_identity,6614,Macquarie Centre – North Ryde,Cnr Herring Rd & Waterloo Rd  North Ryde 2113,Evie Networks,CCS Type 2,0.62/kWh + 0.09/kWh (9:00 AM-9:00 PM),,,,,,Evie Networks official station map,Official website; no open-data licence asserted,https://evie.com.au/find-a-charger/,True,evie,evie,matched,True,unmatched,False,review_identity,False,review_identity,False
,,"Cnr Herring Rd & Waterloo Rd, Sydney, 2113",Tesla,20,DC,130 kW,-33.77721726,151.1208809,"Ryde, Council of the City of",2113,Existing Fast Chargers,126,Sydney - Ryde,New South Wales,ev_00835,"-33.777217,151.120881",review_unresolved,,,,,,,,,,,,,,,,,False,,,review_identity,False,unmatched,False,review_identity,False,review_identity,False
,,"Cnr Miller & Amherst St, Cammeray NSW 2062",Evie,4,DC,75 kW,-33.82301829,151.2093468,North Sydney Council,2062,ARENA - Driving the Nation,121,Sydney - North Sydney and Hornsby,New South Wales,ev_00836,"-33.823018,151.209347",matched,0.93,nearby_identity,7756,Cammeray Square,Corner Miller St & Amherst St  Cammeray 2062,Evie Networks,CCS Type 2; CHAdeMO,0.60/kWh + 0.09/kWh (9:00 AM-9:00 PM),,,,,,Evie Networks official station map,Official website; no open-data licence asserted,https://evie.com.au/find-a-charger/,True,evie,evie,matched,True,unmatched,False,unmatched,False,unmatched,False
,,"Cnr Trafalgar St & Pembroke St, Sydney, 2024",Chargefox,2,DC,50 kW,-33.90722527,151.2647708,Waverley Council,2024,Existing Fast Chargers,118,Sydney - Eastern Suburbs,New South Wales,ev_00837,"-33.907225,151.264771",review_unresolved,,,,,,,,,,,,,,,,,False,,,unmatched,False,unmatched,False,unmatched,False,unmatched,False
,,"Commercial St, Walla Walla, 2659",NRMA,1,AC,22 kW,-35.76493698,146.901041,Greater Hume Shire Council,2659,Existing Destination Chargers,109,Murray,New South Wales,ev_00838,,not_target,,,,,,,,,,,,,,,,,False,,,not_target,False,not_target,False,not_target,False,not_target,False
,,"Corner of Snowy River Avenue and Kalkite St, Jindabyne, 2627",NRMA,4,DC,50 kW,-36.415952,148.6198038,Snowy Monaro Regional Council,2627,Existing Fast Chargers,101,Capital Region,New South Wales,ev_00839,"-36.415952,148.619804",matched,6.24,nearby_identity,190861,Snowy River Ave Car Park,"3 Snowy River Ave, Jindabyne, 2627",NRMA,CCS (Type 2); CHAdeMO,$0.64/kWh,Public,,2,Operational,2026-07-15T01:28:00Z,Open Charge Map Contributors,Licensed under Creative Commons Attribution 4.0 International (CC BY 4.0),https://openchargemap.org/site/poi/details/190861,True,ocm,ocm; osm,unmatched,False,unmatched,False,matched,True,matched,True
,,"Cowper Street, Warrawong, NSW 2502",EVUp,2,AC,22 kW,-34.4861592,150.8879279,Wollongong City Council,NSW 2502,Existing Destination Chargers,107,Illawarra,New South Wales,ev_00840,,not_target,,,,,,,,,,,,,,,,,False,,,not_target,False,not_target,False,not_target,False,not_target,False
,,"Cronulla Railway Station, Tonkin Street, Cronulla, New South Wales 2230, Australia",JOLT,1,DC,25 kW,-34.05771,151.151975,Sutherland Shire Council,2230,TfNSW Commuter Car Parks,128,Sydney - Sutherland,New South Wales,ev_00841,"-34.057710,151.151975",review_unresolved,,,,,,,,,,,,,,,,,False,,,unmatched,False,unmatched,False,unmatched,False,unmatched,False
,,"Cypress Dr, Pokolbin, 2320",Tesla,2,AC,6 kW,-32.78510015,151.2896006,Cessnock City Council,2320,Existing Destination Chargers,106,Hunter Valley exc Newcastle,New South Wales,ev_00842,,not_target,,,,,,,,,,,,,,,,,False,,,not_target,False,not_target,False,not_target,False,not_target,False
,,"Dalton St, Parkes, 2870",NRMA,2,DC,75 kW,-33.13720725,148.1726176,Parkes Shire Council,2870,Existing Fast Chargers,103,Central West,New South Wales,ev_00843,"-33.137207,148.172618",matched,23.08,nearby_identity,191956,NRMA Parkes,"Bogan Street, Parkes, 2870",NRMA,CCS (Type 2); CHAdeMO,FREE,Public - Membership Required,,1,Operational,2022-03-10T22:21:00Z,Open Charge Map Contributors,Licensed under Creative Commons Attribution 4.0 International (CC BY 4.0),https://openchargemap.org/site/poi/details/191956,True,ocm,ocm,unmatched,False,unmatched,False,matched,True,review_identity,False
,,"Darling Cswy, Mount Victoria, 2786",Non-networked,2,AC,22 kW,-33.58671976,150.2568799,Blue Mountains City Council,2786,Existing Destination Chargers,124,Sydney - Outer West and Blue Mountains,New South Wales,ev_00844,,not_target,,,,,,,,,,,,,,,,,False,,,not_target,False,not_target,False,not_target,False,not_target,False
,,"Darling Dr, Sydney, 2000",NRMA,20,AC,22 kW,-33.8751502,151.1995636,"Sydney, Council of the City of",2000,Existing Destination Chargers,117,Sydney - City and Inner South,New South Wales,ev_00845,,not_target,,,,,,,,,,,,,,,,,False,,,not_target,False,not_target,False,not_target,False,not_target,False
,,"Darling Dr, Sydney, 2000",NRMA,5,AC,22 kW,-33.8767518,151.20002,"Sydney, Council of the City of",2000,Existing Destination Chargers,117,Sydney - City and Inner South,New South Wales,ev_00846,,not_target,,,,,,,,,,,,,,,,,False,,,not_target,False,not_target,False,not_target,False,not_target,False
,,"Darwin St, Cessnock, 2325",Everty,3,AC,6 kW,-32.83657562,151.3539109,Cessnock City Council,2325,Existing Destination Chargers,106,Hunter Valley exc Newcastle,New South Wales,ev_00847,,not_target,,,,,,,,,,,,,,,,,False,,,not_target,False,not_target,False,not_target,False,not_target,False
,,"Date St, Newcastle, 2289",Chargefox,2,AC,22 kW,-32.93447852,151.7247487,Newcastle City Council,2289,Existing Destination Chargers,111,Newcastle and Lake Macquarie,New South Wales,ev_00848,,not_target,,,,,,,,,,,,,,,,,False,,,not_target,False,not_target,False,not_target,False,not_target,False
,,"Don Kendell Dr, Forest Hill, 2651",Tesla,1,AC,22 kW,-35.15820325,147.4594585,Wagga Wagga City Council,2651,Existing Destination Chargers,113,Riverina,New South Wales,ev_00849,,not_target,,,,,,,,,,,,,,,,,False,,,not_target,False,not_target,False,not_target,False,not_target,False
,,"Dorhauer Ln, Sydney, 2025",Evie,2,DC,75 kW,-33.88851356,151.2376316,Woollahra Municipal Council,2025,Existing Fast Chargers,118,Sydney - Eastern Suburbs,New South Wales,ev_00850,"-33.888514,151.237632",matched,4.94,nearby_identity,4719,107 Queen Street Parking – Woollahra,Dorhauer Lane  Woollahra 2025,Evie Networks,CCS Type 2,0.60/kWh + 0.09/kWh (9:00 AM-9:00 PM),,,,,,Evie Networks official station map,Official website; no open-data licence asserted,https://evie.com.au/find-a-charger/,True,evie,evie; ocm,matched,True,unmatched,False,matched,True,unmatched,False
,,"Eric Felton St, Sydney, 2154",Tesla,3,AC,22 kW,-33.72919824,151.0068078,The Hills Shire Council,2154,Existing Destination Chargers,115,Sydney - Baulkham Hills and Hawkesbury,New South Wales,ev_00851,,not_target,,,,,,,,,,,,,,,,,False,,,not_target,False,not_target,False,not_target,False,not_target,False
,,"Eskbank St, Lithgow, 2790",NRMA,4,DC,180 kW,-33.48123828,150.1588018,"Lithgow Council, City of",2790,Existing Fast Chargers,103,Central West,New South Wales,ev_00852,"-33.481238,150.158802",matched,2.93,nearby_identity,node/12661943299,Eskbank St Car Park,,NRMA,CCS Type 2; CHAdeMO,0.71c/kWh,yes,,,,,OpenStreetMap contributors,ODbL 1.0; https://www.openstreetmap.org/copyright,https://www.openstreetmap.org/node/12661943299,True,osm,osm,unmatched,False,unmatched,False,review_identity,False,matched,True
,,"f 419 Hinterland Wy, Knockrow , 2479",Tesla,12,DC,130 kW,-28.74953958,153.5347227,Ballina Shire Council,2479,Existing Fast Chargers,112,Richmond - Tweed,New South Wales,ev_00853,"-28.749540,153.534723",matched,0.09,nearby_identity,79243,Knockrow Supercharger,"419 Hinterland Way, Knockrow, 2479",Tesla (including non-tesla),CCS (Type 2),AUD 0.42/kWh;other tariffs for older cars,Public - Membership Required,,6,Operational,2023-08-30T06:20:00Z,Open Charge Map Contributors,Licensed under Creative Commons Attribution 4.0 International (CC BY 4.0),https://openchargemap.org/site/poi/details/79243,True,ocm,ocm; osm,unmatched,False,unmatched,False,matched,True,matched,True
,,"Ferguson Cres, Mittagong, 2575",Porsche Smart Mobility,1,AC,11 kW,-34.44740445,150.4612402,Wingecarribee Shire Council,2575,Existing Destination Chargers,114,Southern Highlands and Shoalhaven,New South Wales,ev_00854,,not_target,,,,,,,,,,,,,,,,,False,,,not_target,False,not_target,False,not_target,False,not_target,False
,,"First Ave, Gundagai, 2722",Porsche Smart Mobility,2,AC,11 kW,-35.06456061,148.1075155,Cootamundra-gundagai Regional Council,2722,Existing Destination Chargers,113,Riverina,New South Wales,ev_00855,,not_target,,,,,,,,,,,,,,,,,False,,,not_target,False,not_target,False,not_target,False,not_target,False
,,"Franklin St, Sydney, 2036",Evie,2,DC,75 kW,-33.96116721,151.2488509,Randwick City Council,2036,Existing Fast Chargers,118,Sydney - Eastern Suburbs,New South Wales,ev_00856,"-33.961167,151.248851",matched,0.14,nearby_identity,5855,Pioneers Park Sportsfields – Malabar,3 Franklin St  Malabar 2036,Evie Networks,CCS Type 2,0.62/kWh + 0.09/kWh (9:00 AM-9:00 PM),,,,,,Evie Networks official station map,Official website; no open-data licence asserted,https://evie.com.au/find-a-charger/,True,evie,evie,matched,True,unmatched,False,unmatched,False,unmatched,False
,,"Gallagher St, Byron Bay, 2481",Chargefox,2,AC,22 kW,-28.63008013,153.5810821,Byron Shire Council,2481,Existing Destination Chargers,112,Richmond - Tweed,New South Wales,ev_00857,,not_target,,,,,,,,,,,,,,,,,False,,,not_target,False,not_target,False,not_target,False,not_target,False
,,"Gardeners Rd, Sydney, 2020",JOLT,2,DC,25 kW,-33.92049354,151.1907497,"Sydney, Council of the City of",2020,Existing Fast Chargers,117,Sydney - City and Inner South,New South Wales,ev_00858,"-33.920494,151.190750",review_unresolved,,,,,,,,,,,,,,,,,False,,,unmatched,False,unmatched,False,unmatched,False,review_identity,False
,,"Gardeners Rd, Sydney, 2020",JOLT,2,DC,25 kW,-33.92059364,151.1914745,"Sydney, Council of the City of",2020,Existing Fast Chargers,117,Sydney - City and Inner South,New South Wales,ev_00859,"-33.920594,151.191474",review_unresolved,,,,,,,,,,,,,,,,,False,,,unmatched,False,unmatched,False,unmatched,False,review_identity,False
,,"Gasworks Ln, Molong, 2866",NRMA,1,AC,22 kW,-33.09089894,148.8704144,Cabonne Council,2866,Existing Destination Chargers,103,Central West,New South Wales,ev_00860,,not_target,,,,,,,,,,,,,,,,,False,,,not_target,False,not_target,False,not_target,False,not_target,False
,,"Gipps St, Bega, 2550",NRMA,2,DC,50 kW,-36.67324729,149.843047,Bega Valley Shire Council,2550,Existing Fast Chargers,101,Capital Region,New South Wales,ev_00861,"-36.673247,149.843047",matched,15.97,nearby_identity,node/6711862737,,,NRMA,CCS Type 2; CHAdeMO,,,,,,,OpenStreetMap contributors,ODbL 1.0; https://www.openstreetmap.org/copyright,https://www.openstreetmap.org/node/6711862737,True,osm,osm,unmatched,False,unmatched,False,review_identity,False,matched,True
,,"Goobarabah Ave, Central Coast, 2263",Chargefox,2,AC,22 kW,-33.24040245,151.5038719,Central Coast Council,2263,Existing Destination Chargers,102,Central Coast,New South Wales,ev_00862,,not_target,,,,,,,,,,,,,,,,,False,,,not_target,False,not_target,False,not_target,False,not_target,False
,,"Grandview Lane, Bowen Mountain, 2753",Porsche Destination Charging,1,AC,11 kW,-33.58239244,150.6335656,Hawkesbury City Council,2753,Existing Destination Chargers,115,Sydney - Baulkham Hills and Hawkesbury,New South Wales,ev_00863,,not_target,,,,,,,,,,,,,,,,,False,,,not_target,False,not_target,False,not_target,False,not_target,False
,,"Grenache Way, Murrumbateman, 2582",Porsche Smart Mobility,1,AC,11 kW,-34.97787592,149.0084344,Yass Valley Council,2582,Existing Destination Chargers,101,Capital Region,New South Wales,ev_00864,,not_target,,,,,,,,,,,,,,,,,False,,,not_target,False,not_target,False,not_target,False,not_target,False
,,"Griffith St, Tweed Heads, 2485",Chargefox,2,AC,22 kW,-28.16872577,153.5430551,Tweed Shire Council,2485,Existing Destination Chargers,112,Richmond - Tweed,New South Wales,ev_00865,,not_target,,,,,,,,,,,,,,,,,False,,,not_target,False,not_target,False,not_target,False,not_target,False
,,"Halls Rd, Pokolbin, 2320",Porsche Smart Mobility,2,AC,11 kW,-32.77742747,151.3148879,Cessnock City Council,2320,Existing Destination Chargers,106,Hunter Valley exc Newcastle,New South Wales,ev_00866,,not_target,,,,,,,,,,,,,,,,,False,,,not_target,False,not_target,False,not_target,False,not_target,False
,,"Harbour Boulevard, Shell Cove, 2529",Chargefox,2,DC,350 kW,-34.58859964,150.8661131,Shellharbour City Council,2529,Existing Fast Chargers,107,Illawarra,New South Wales,ev_00867,"-34.588600,150.866113",review_unresolved,,,,,,,,,,,,,,,,,False,,,unmatched,False,unmatched,False,review_identity,False,unmatched,False
,,"Hassall St, Sydney, 2142",BP,4,DC,150 kW,-33.81961366,151.0213463,"Parramatta, Council of the City of",2142,Existing Fast Chargers,125,Sydney - Parramatta,New South Wales,ev_00868,"-33.819614,151.021346",matched,76.2,nearby_identity,273428,bp pulse Rosehill,"Hassall Street, Rosehill, 2142",BP Pulse (AU),CCS (Type 2),55c/kWh,Public - Membership Required,,2,Operational,2023-08-09T12:02:00Z,Open Charge Map Contributors,Licensed under Creative Commons Attribution 4.0 International (CC BY 4.0),https://openchargemap.org/site/poi/details/273428,True,ocm,ocm,unmatched,False,unmatched,False,matched,True,review_shared_external,False
,,"Hassall Street & James Rouse Drive, Sydney, 2142",BP,4,DC,150 kW,-33.81968873,151.0213023,"Parramatta, Council of the City of",2142,Existing Fast Chargers,125,Sydney - Parramatta,New South Wales,ev_00869,"-33.819689,151.021302",review_unresolved,,,,,,,,,,,,,,,,,False,,,unmatched,False,unmatched,False,review_identity,False,review_shared_external,False
,,"Hastings St, Wauchope, 2446",NRMA,4,DC,60 kW,-31.4561542,152.7327227,Port Macquarie-Hastings Council,2446,Existing Fast Chargers,108,Mid North Coast,New South Wales,ev_00870,"-31.456154,152.732723",review_unresolved,,,,,,,,,,,,,,,,,False,,,unmatched,False,unmatched,False,unmatched,False,unmatched,False
,,"Havenview Rd, Central Coast, 2260",EVUp,2,AC,23 kW,-33.44133738,151.4392553,Central Coast Council,2260,Existing Destination Chargers,102,Central Coast,New South Wales,ev_00871,,not_target,,,,,,,,,,,,,,,,,False,,,not_target,False,not_target,False,not_target,False,not_target,False
,,"Headland Ave, Austinmer, 2515",EVX,2,AC,22 kW,-34.30089594,150.9396096,Wollongong City Council,2515,Existing Destination Chargers,107,Illawarra,New South Wales,ev_00872,,not_target,,,,,,,,,,,,,,,,,False,,,not_target,False,not_target,False,not_target,False,not_target,False
,,"Henderson Rd, Sydney, 2174",Chargefox,10,AC,6 kW,-33.9694585,150.8563874,Liverpool City Council,2174,Existing Destination Chargers,127,Sydney - South West,New South Wales,ev_00873,,not_target,,,,,,,,,,,,,,,,,False,,,not_target,False,not_target,False,not_target,False,not_target,False
,,"Herbert St, Tooleybuc, 2736",Non-networked,8,AC,22 kW,-35.02423528,143.3367067,Murray River Council,2736,Existing Destination Chargers,109,Murray,New South Wales,ev_00874,,not_target,,,,,,,,,,,,,,,,,False,,,not_target,False,not_target,False,not_target,False,not_target,False
,,"Hermitage Rd, Pokolbin, 2320",Tesla,2,AC,17 kW,-32.7277508,151.2606126,Singleton Council,2320,Existing Destination Chargers,106,Hunter Valley exc Newcastle,New South Wales,ev_00875,,not_target,,,,,,,,,,,,,,,,,False,,,not_target,False,not_target,False,not_target,False,not_target,False
,,"Hermitage Road, Pokolbin, 2320",Porsche Smart Mobility,1,AC,11 kW,-32.73467072,151.2624855,Singleton Council,2320,Existing Destination Chargers,106,Hunter Valley exc Newcastle,New South Wales,ev_00876,,not_target,,,,,,,,,,,,,,,,,False,,,not_target,False,not_target,False,not_target,False,not_target,False
,,"Holborn Ct, Sydney, 2557",Exploren,4,DC,150 kW,-34.02030235,150.7634565,Camden Council,2557,Existing Fast Chargers,127,Sydney - South West,New South Wales,ev_00877,"-34.020302,150.763456",review_unresolved,,,,,,,,,,,,,,,,,False,,,unmatched,False,unmatched,False,unmatched,False,review_identity,False
,,"Horderns Rd, Bowral, 2576",Porsche Smart Mobility,1,AC,11 kW,-34.49890695,150.4816156,Wingecarribee Shire Council,2576,Existing Destination Chargers,114,Southern Highlands and Shoalhaven,New South Wales,ev_00878,,not_target,,,,,,,,,,,,,,,,,False,,,not_target,False,not_target,False,not_target,False,not_target,False
,,"Innovation Way, Wollongong, 2500",Chargefox,3,DC,180 kW,-34.40008513,150.8996306,Wollongong City Council,2500,Existing Fast Chargers,107,Illawarra,New South Wales,ev_00879,"-34.400085,150.899631",matched,5.91,nearby_identity,131610,Innovation Campus - University of Wollongong,"Off Innovation Way, North Wollongong, 2500",Chargefox,CCS (Type 2),Free,Public,,2,Operational,2024-07-30T05:30:00Z,Open Charge Map Contributors,Licensed under Creative Commons Attribution 4.0 International (CC BY 4.0),https://openchargemap.org/site/poi/details/131610,True,ocm,ocm,unmatched,False,unmatched,False,matched,True,unmatched,False
,,"Jean Wailes Ave, Sydney, 2138",Chargefox,3,AC,22 kW,-33.83529434,151.0844314,"Canada Bay Council, City of",2138,Existing Destination Chargers,120,Sydney - Inner West,New South Wales,ev_00880,,not_target,,,,,,,,,,,,,,,,,False,,,not_target,False,not_target,False,not_target,False,not_target,False
,,"Jersey St, Sydney, 2077",BP,2,DC,75 kW,-33.68997402,151.1061692,"Hornsby, The Council of the Shire of",2077,Existing Fast Chargers,121,Sydney - North Sydney and Hornsby,New South Wales,ev_00881,"-33.689974,151.106169",matched,3.83,nearby_identity,node/10687053371,,,bp pulse,CCS Type 2,,,,,,,OpenStreetMap contributors,ODbL 1.0; https://www.openstreetmap.org/copyright,https://www.openstreetmap.org/node/10687053371,True,osm,osm,unmatched,False,unmatched,False,unmatched,False,matched,True
,,"Joadja Rd, Sydney, 2170",NRMA,6,AC,22 kW,-33.9302513,150.8756286,Liverpool City Council,2170,Existing Destination Chargers,127,Sydney - South West,New South Wales,ev_00882,,not_target,,,,,,,,,,,,,,,,,False,,,not_target,False,not_target,False,not_target,False,not_target,False
,,"John Renshaw Dr, Beresfield, 2322",BP,2,DC,75 kW,-32.81193998,151.6394685,Newcastle City Council,2322,Existing Fast Chargers,111,Newcastle and Lake Macquarie,New South Wales,ev_00883,"-32.811940,151.639468",review_unresolved,,,,,,,,,,,,,,,,,False,,,unmatched,False,unmatched,False,unmatched,False,unmatched,False
,,"Kable Ave, Tamworth, 2340",NRMA,2,DC,50 kW,-31.0903554,150.9274134,Tamworth Regional Council,2340,Existing Fast Chargers,110,New England and North West,New South Wales,ev_00884,"-31.090355,150.927413",review_unresolved,,,,,,,,,,,,,,,,,False,,,review_identity,False,unmatched,False,review_identity,False,unmatched,False
,,"Kiewa St, Albury, 2640",NRMA,2,DC,50 kW,-36.08379184,146.9148338,Albury City Council,2640,Existing Fast Chargers,109,Murray,New South Wales,ev_00885,"-36.083792,146.914834",matched,2.95,nearby_identity,node/7244697466,,,NRMA,CCS Type 2; CHAdeMO,,,,,,,OpenStreetMap contributors,ODbL 1.0; https://www.openstreetmap.org/copyright,https://www.openstreetmap.org/node/7244697466,True,osm,osm,unmatched,False,unmatched,False,unmatched,False,matched,True
,,"King St, Newcastle, 2300",Porsche Smart Mobility,2,AC,11 kW,-32.92746051,151.7790551,Newcastle City Council,2300,Existing Destination Chargers,111,Newcastle and Lake Macquarie,New South Wales,ev_00886,,not_target,,,,,,,,,,,,,,,,,False,,,not_target,False,not_target,False,not_target,False,not_target,False
,,"Kintore Headframe Car Park, 51 Bromide St, Broken Hill, NSW 2880, Australia",NRMA,2,DC,50 kW,-31.557857,143.3855021,Broken Hill City Council,2836,TfNSW Regional,105,Far West and Orana,New South Wales,ev_00887,"-31.557857,143.385502",review_unresolved,,,,,,,,,,,,,,,,,False,,,unmatched,False,unmatched,False,review_identity,False,unmatched,False
,,"Kokera St, Newcastle, 2287",Tesla,2,AC,22 kW,-32.90262967,151.6676206,Newcastle City Council,2287,Existing Destination Chargers,111,Newcastle and Lake Macquarie,New South Wales,ev_00888,,not_target,,,,,,,,,,,,,,,,,False,,,not_target,False,not_target,False,not_target,False,not_target,False
,,"Koonya Cct, Sydney, 2229",Exploren,2,DC,50 kW,-34.0278569,151.1217848,Sutherland Shire Council,2229,Existing Fast Chargers,128,Sydney - Sutherland,New South Wales,ev_00889,"-34.027857,151.121785",review_unresolved,,,,,,,,,,,,,,,,,False,,,review_identity,False,unmatched,False,unmatched,False,unmatched,False
,,"Kowara Cres, Merimbula, 2548",EVUp,2,AC,22 kW,-36.88414419,149.9032943,Bega Valley Shire Council,2548,Existing Destination Chargers,101,Capital Region,New South Wales,ev_00890,,not_target,,,,,,,,,,,,,,,,,False,,,not_target,False,not_target,False,not_target,False,not_target,False
,,"Lake Haven Dr, Lake Haven NSW 2263",Engie,2,DC,150 kW,-33.2445959,151.498974,Camden Council,2263,ARENA - Driving the Nation,102,Central Coast,New South Wales,ev_00891,"-33.244596,151.498974",review_unresolved,,,,,,,,,,,,,,,,,False,,,unmatched,False,unmatched,False,unmatched,False,unmatched,False
,,"Lampe St, Talbingo, 2720",Chargefox,4,AC,22 kW,-35.58062367,148.3003804,Snowy Valleys Council,2720,Existing Destination Chargers,113,Riverina,New South Wales,ev_00892,,not_target,,,,,,,,,,,,,,,,,False,,,not_target,False,not_target,False,not_target,False,not_target,False
,,"Larkin Ln, Lismore, 2480",Everty,3,AC,11 kW,-28.80843648,153.2793393,Lismore City Council,2480,Existing Destination Chargers,112,Richmond - Tweed,New South Wales,ev_00893,,not_target,,,,,,,,,,,,,,,,,False,,,not_target,False,not_target,False,not_target,False,not_target,False
,,"Lauder St, Tumbarumba, 2653",Chargefox,2,DC,100 kW,-35.7735596,148.0094114,Snowy Valleys Council,2653,Existing Fast Chargers,113,Riverina,New South Wales,ev_00894,"-35.773560,148.009411",matched,4.57,nearby_identity,node/12885318910,,,Chargefox,CCS Type 2,,,,,,,OpenStreetMap contributors,ODbL 1.0; https://www.openstreetmap.org/copyright,https://www.openstreetmap.org/node/12885318910,True,osm,osm,unmatched,False,unmatched,False,unmatched,False,matched,True
,,"Leisure Haven Caravan Pk, Woollamia, 2540",Exploren,2,AC,22 kW,-35.02311116,150.6615756,Shoalhaven City Council,2540,Existing Destination Chargers,114,Southern Highlands and Shoalhaven,New South Wales,ev_00895,,not_target,,,,,,,,,,,,,,,,,False,,,not_target,False,not_target,False,not_target,False,not_target,False
,,"Library Walk, Sydney, 2033",Chargefox,12,AC,6 kW,-33.91844849,151.2345085,Randwick City Council,2033,Existing Destination Chargers,118,Sydney - Eastern Suburbs,New South Wales,ev_00896,,not_target,,,,,,,,,,,,,,,,,False,,,not_target,False,not_target,False,not_target,False,not_target,False
,,"Link Road, Sydney, 2113",Chargefox,6,AC,22 kW,-33.77552657,151.1094585,"Ryde, Council of the City of",2113,Existing Destination Chargers,126,Sydney - Ryde,New South Wales,ev_00897,,not_target,,,,,,,,,,,,,,,,,False,,,not_target,False,not_target,False,not_target,False,not_target,False
,,"Lovedale Rd, Lovedale, 2325",Porsche Smart Mobility,2,AC,11 kW,-32.75337542,151.3714925,Cessnock City Council,2325,Existing Destination Chargers,106,Hunter Valley exc Newcastle,New South Wales,ev_00898,,not_target,,,,,,,,,,,,,,,,,False,,,not_target,False,not_target,False,not_target,False,not_target,False
,,"M4 Motorway Westbound, Sydney, 2766",Ampol,10,DC,400 kW,-33.80214519,150.8802132,Blacktown City Council,2766,Existing Fast Chargers,116,Sydney - Blacktown,New South Wales,ev_00899,"-33.802145,150.880213",matched,0.03,nearby_identity,0000028577,Ampol Foodary Eastern Creek Westbound,M4 Motorway Westbound Eastern Creek 2766,Ampol,CCS 2,,,10,,,,Ampol official station locator,Official website; no open-data licence asserted,https://ampcharge.ampol.com.au/find-a-charging-station,True,ampol,ampol,unmatched,False,matched,True,unmatched,False,review_identity,False
,,"Market St, Merimbula, 2548",Tesla,2,AC,6 kW,-36.89278383,149.9090891,Bega Valley Shire Council,2548,Existing Destination Chargers,101,Capital Region,New South Wales,ev_00900,,not_target,,,,,,,,,,,,,,,,,False,,,not_target,False,not_target,False,not_target,False,not_target,False
,,"McFarlane St, Sydney, 2160",Tesla,2,AC,22 kW,-33.83346051,150.9873373,Cumberland Council,2160,Existing Destination Chargers,125,Sydney - Parramatta,New South Wales,ev_00901,,not_target,,,,,,,,,,,,,,,,,False,,,not_target,False,not_target,False,not_target,False,not_target,False
,,"Megalong Rd, Megalong Valley, 2785",Chargefox,2,AC,22 kW,-33.69583588,150.2530601,Blue Mountains City Council,2785,Existing Destination Chargers,124,Sydney - Outer West and Blue Mountains,New South Wales,ev_00902,,not_target,,,,,,,,,,,,,,,,,False,,,not_target,False,not_target,False,not_target,False,not_target,False
,,"Melyra Street, Grenfell, 2810",Exploren,2,AC,22 kW,-33.89200405,148.1607778,Weddin Shire Council,2810,Existing Destination Chargers,103,Central West,New South Wales,ev_00903,,not_target,,,,,,,,,,,,,,,,,False,,,not_target,False,not_target,False,not_target,False,not_target,False
,,"Merewether St & Wharf Rd, Newcastle , 2300",Tesla,1,AC,6 kW,-32.92522927,151.7732092,Newcastle City Council,2300,Existing Destination Chargers,111,Newcastle and Lake Macquarie,New South Wales,ev_00904,,not_target,,,,,,,,,,,,,,,,,False,,,not_target,False,not_target,False,not_target,False,not_target,False
,,"Merry Beach Rd, Kioloa, 2539",Exploren,4,AC,6 kW,-35.56540945,150.371977,Shoalhaven City Council,2539,Existing Destination Chargers,114,Southern Highlands and Shoalhaven,New South Wales,ev_00905,,not_target,,,,,,,,,,,,,,,,,False,,,not_target,False,not_target,False,not_target,False,not_target,False
,,"Methul St N, Coolamon, 2701",Exploren,2,AC,22 kW,-34.81361066,147.2015485,Coolamon Shire Council,2701,Existing Destination Chargers,113,Riverina,New South Wales,ev_00906,,not_target,,,,,,,,,,,,,,,,,False,,,not_target,False,not_target,False,not_target,False,not_target,False
,,"Milbrodale Road 1100, Broke, 2330",ChargeHub,4,AC,22 kW,-32.75094099,151.0803403,Singleton Council,2330,Existing Destination Chargers,106,Hunter Valley exc Newcastle,New South Wales,ev_00907,,not_target,,,,,,,,,,,,,,,,,False,,,not_target,False,not_target,False,not_target,False,not_target,False
,,"Mitchell Pde, Mollymook Beach, 2539",Porsche Smart Mobility,3,AC,11 kW,-35.32252857,150.485036,Shoalhaven City Council,2539,Existing Destination Chargers,114,Southern Highlands and Shoalhaven,New South Wales,ev_00908,,not_target,,,,,,,,,,,,,,,,,False,,,not_target,False,not_target,False,not_target,False,not_target,False
,,"Moore St, Banksmeadow , 2019",EVUp,1,AC,22 kW,-33.9452573,151.2222232,Bayside Council,2019,Existing Destination Chargers,117,Sydney - City and Inner South,New South Wales,ev_00909,,not_target,,,,,,,,,,,,,,,,,False,,,not_target,False,not_target,False,not_target,False,not_target,False
,,"Mortimer St, Mudgee, 2850",NRMA,2,DC,50 kW,-32.59368073,149.5862633,Mid-Western Regional Council,2850,Existing Fast Chargers,103,Central West,New South Wales,ev_00910,"-32.593681,149.586263",matched,7.47,nearby_identity,191957,NRMA Mudgee,"Perry Street, Mudgee, 2850",NRMA,CCS (Type 2); CHAdeMO,60c / 54c for NRMA Members,Public,,1,Operational,2024-06-14T12:05:00Z,Open Charge Map Contributors,Licensed under Creative Commons Attribution 4.0 International (CC BY 4.0),https://openchargemap.org/site/poi/details/191957,True,ocm,ocm,unmatched,False,unmatched,False,matched,True,review_identity,False
,,"Mount View Rd, Mount View, 2325",Tesla,1,AC,6 kW,-32.83438043,151.2962412,Cessnock City Council,2325,Existing Destination Chargers,106,Hunter Valley exc Newcastle,New South Wales,ev_00911,,not_target,,,,,,,,,,,,,,,,,False,,,not_target,False,not_target,False,not_target,False,not_target,False
,,"Mowamba Pl, Thredbo, 2625",Tesla,1,AC,22 kW,-36.50483088,148.3046977,Snowy Monaro Regional Council,2625,Existing Destination Chargers,101,Capital Region,New South Wales,ev_00912,,not_target,,,,,,,,,,,,,,,,,False,,,not_target,False,not_target,False,not_target,False,not_target,False
,,"Muir St, Medowie, 2318",Chargefox,2,AC,6 kW,-32.73893898,151.8673493,Port Stephens Council,2318,Existing Destination Chargers,106,Hunter Valley exc Newcastle,New South Wales,ev_00913,,not_target,,,,,,,,,,,,,,,,,False,,,not_target,False,not_target,False,not_target,False,not_target,False
,,"Mulgoa Rd & Wolseley St, Sydney, 2750",Tesla,2,AC,22 kW,-33.76959064,150.6717908,Penrith City Council,2750,Existing Destination Chargers,124,Sydney - Outer West and Blue Mountains,New South Wales,ev_00914,,not_target,,,,,,,,,,,,,,,,,False,,,not_target,False,not_target,False,not_target,False,not_target,False
,,"Murray Rose Ave, Sydney, 2127",NRMA,2,DC,50 kW,-33.84603808,151.0698058,"Parramatta, Council of the City of",2127,Existing Fast Chargers,125,Sydney - Parramatta,New South Wales,ev_00915,"-33.846038,151.069806",matched,4.72,nearby_identity,191394,NRMA Olympic Park,"9 Murray Rose Ave, Sydney Olympic Park, 2127",NRMA,CCS (Type 2); CHAdeMO,Free,Public,,1,Operational,2022-02-09T13:05:00Z,Open Charge Map Contributors,Licensed under Creative Commons Attribution 4.0 International (CC BY 4.0),https://openchargemap.org/site/poi/details/191394,True,ocm,ocm; osm,unmatched,False,unmatched,False,matched,True,matched,True
,,"Napier St, Sydney, 2021",EVX,2,AC,22 kW,-33.88338043,151.220003,"Sydney, Council of the City of",2021,Existing Destination Chargers,118,Sydney - Eastern Suburbs,New South Wales,ev_00916,,not_target,,,,,,,,,,,,,,,,,False,,,not_target,False,not_target,False,not_target,False,not_target,False
,,"NARELLAN RD CNR MAXWELL PL, Sydney, 2567",Ampol,4,DC,150 kW,-34.04010015,150.7435405,Camden Council,2567,Existing Fast Chargers,123,Sydney - Outer South West,New South Wales,ev_00917,"-34.040100,150.743540",matched,49.75,nearby_identity,0000022761,Ampol Foodary Narellan,Narellan Rd Cnr Maxwell Pl Narellan 2567,Ampol,CCS 2,,,4,,,,Ampol official station locator,Official website; no open-data licence asserted,https://ampcharge.ampol.com.au/find-a-charging-station,True,ampol,ampol,unmatched,False,matched,True,unmatched,False,review_identity,False
,,"Newbridge Road 216, Sydney, 2170",Ampol,2,DC,150 kW,-33.92932037,150.9551001,Liverpool City Council,2170,Existing Fast Chargers,127,Sydney - South West,New South Wales,ev_00918,"-33.929320,150.955100",matched,14.41,nearby_identity,0000022397,Ampol Foodary Moorebank,216 Newbridge Rd Moorebank 2170,Ampol,CCS 2,,,2,,,,Ampol official station locator,Official website; no open-data licence asserted,https://ampcharge.ampol.com.au/find-a-charging-station,True,ampol,ampol,unmatched,False,matched,True,unmatched,False,review_identity,False
,,"North Ter, Sydney, 2200",Chargefox,4,DC,200 kW,-33.91649454,151.0402563,Canterbury Bankstown Council,2200,Existing Fast Chargers,119,Sydney - Inner South West,New South Wales,ev_00919,"-33.916495,151.040256",review_unresolved,,,,,,,,,,,,,,,,,False,,,unmatched,False,unmatched,False,unmatched,False,unmatched,False
,,"Nowra Rd, Moss Vale, 2577",Porsche Smart Mobility,2,AC,11 kW,-34.59692397,150.4412503,Wingecarribee Shire Council,2577,Existing Destination Chargers,114,Southern Highlands and Shoalhaven,New South Wales,ev_00920,,not_target,,,,,,,,,,,,,,,,,False,,,not_target,False,not_target,False,not_target,False,not_target,False
,,"Oatley Railway Station, Oatley Pde, Oatley, New South Wales 2223, Australia",JOLT,1,DC,25 kW,-33.981453,151.079434,Georges River Council,2223,TfNSW Commuter Car Parks,119,Sydney - Inner South West,New South Wales,ev_00921,"-33.981453,151.079434",review_unresolved,,,,,,,,,,,,,,,,,False,,,unmatched,False,unmatched,False,unmatched,False,unmatched,False
,,"Oberon St, Oberon, 2787",ChargeHub,4,AC,22 kW,-33.70452257,149.8638138,Oberon Council,2787,Existing Destination Chargers,103,Central West,New South Wales,ev_00922,,not_target,,,,,,,,,,,,,,,,,False,,,not_target,False,not_target,False,not_target,False,not_target,False
,,"Obley Road, Dubbo, 2830",Chargefox,12,AC,22 kW,-32.27382687,148.5880791,Dubbo Regional Council,2830,Existing Destination Chargers,105,Far West and Orana,New South Wales,ev_00923,,not_target,,,,,,,,,,,,,,,,,False,,,not_target,False,not_target,False,not_target,False,not_target,False
,,"Orchard Ct, Bathurst, 2795",Exploren,2,DC,120 kW,-33.42979584,149.560006,Bathurst Regional Council,2795,Existing Fast Chargers,103,Central West,New South Wales,ev_00924,"-33.429796,149.560006",review_unresolved,,,,,,,,,,,,,,,,,False,,,unmatched,False,unmatched,False,unmatched,False,unmatched,False
,,"Ordnance St, Newcastle, 2300",Chargefox,2,AC,22 kW,-32.93191396,151.7804224,Newcastle City Council,2300,Existing Destination Chargers,111,Newcastle and Lake Macquarie,New South Wales,ev_00925,,not_target,,,,,,,,,,,,,,,,,False,,,not_target,False,not_target,False,not_target,False,not_target,False
,,"Pacific Hwy Cnr, 13-15 Costa Ave, Charmhaven NSW 2263",Ampol,4,DC,125 kW,-33.2179895,151.5103011,Maitland City Council,2263,ARENA - Driving the Nation,102,Central Coast,New South Wales,ev_00926,"-33.217990,151.510301",review_unresolved,,,,,,,,,,,,,,,,,False,,,unmatched,False,review_identity,False,unmatched,False,unmatched,False
,,"Pacific Hwy, Boambee, 2450",Chargefox,2,DC,270 kW,-30.31793098,153.0897227,Coffs Harbour City Council,2450,Existing Fast Chargers,104,Coffs Harbour - Grafton,New South Wales,ev_00927,"-30.317931,153.089723",matched,15.5,nearby_identity,172852,Coffs Harbour [Chargefox],"Pacific Highway, North Boambee Valley, 2450",Chargefox,CCS (Type 2); CHAdeMO,$0.60/kWh,Public,,2,Operational,2023-07-13T22:16:00Z,Open Charge Map Contributors,Licensed under Creative Commons Attribution 4.0 International (CC BY 4.0),https://openchargemap.org/site/poi/details/172852,True,ocm,ocm; osm,unmatched,False,unmatched,False,matched,True,matched,True
,,"Parramatta Rd 214, Sydney, 2134",Everty,2,DC,60 kW,-33.86979084,151.1106677,Burwood Council,2134,Existing Fast Chargers,120,Sydney - Inner West,New South Wales,ev_00928,"-33.869791,151.110668",review_unresolved,,,,,,,,,,,,,,,,,False,,,unmatched,False,unmatched,False,unmatched,False,unmatched,False
,,"Penrith Railway Station, Jane St, Penrith, New South Wales 2750, Australia",JOLT,1,DC,25 kW,-33.750304,150.694089,Penrith City Council,2750,TfNSW Commuter Car Parks,124,Sydney - Outer West and Blue Mountains,New South Wales,ev_00929,"-33.750304,150.694089",review_unresolved,,,,,,,,,,,,,,,,,False,,,unmatched,False,unmatched,False,unmatched,False,unmatched,False
,,"Pine Tree Ln, Central Coast, 2260",Tesla,4,AC,22 kW,-33.44812317,151.4453053,Central Coast Council,2260,Existing Destination Chargers,102,Central Coast,New South Wales,ev_00930,,not_target,,,,,,,,,,,,,,,,,False,,,not_target,False,not_target,False,not_target,False,not_target,False
,,"Pittwater Road, Sydney, 2101",JOLT,2,DC,25 kW,-33.71376381,151.2971421,Northern Beaches Council,2101,Existing Fast Chargers,122,Sydney - Northern Beaches,New South Wales,ev_00931,"-33.713764,151.297142",review_unresolved,,,,,,,,,,,,,,,,,False,,,unmatched,False,unmatched,False,unmatched,False,unmatched,False
,,"Pole Ln, Sydney, 2065",Evie,4,DC,75 kW,-33.82462167,151.1997668,North Sydney Council,2065,Existing Fast Chargers,121,Sydney - North Sydney and Hornsby,New South Wales,ev_00932,"-33.824622,151.199767",matched,0.11,nearby_identity,5772,Hume Street Parking – Crows Nest,Pole Lane  Crows Nest 2065,Evie Networks,CCS Type 2,0.60/kWh + 0.09/kWh (9:00 AM-9:00 PM),,,,,,Evie Networks official station map,Official website; no open-data licence asserted,https://evie.com.au/find-a-charger/,True,evie,evie; osm,matched,True,unmatched,False,review_identity,False,matched,True
,,"Popran Rd, Glenworth Valley, 2250",Everty,4,AC,6 kW,-33.40322627,151.1925055,Central Coast Council,2250,Existing Destination Chargers,102,Central Coast,New South Wales,ev_00933,,not_target,,,,,,,,,,,,,,,,,False,,,not_target,False,not_target,False,not_target,False,not_target,False
,,"Prince of Wales Dr, Sydney, 2073",Exploren,2,DC,60 kW,-33.76357562,151.1336246,Ku-ring-gai Council,2073,Existing Fast Chargers,121,Sydney - North Sydney and Hornsby,New South Wales,ev_00934,"-33.763576,151.133625",review_unresolved,,,,,,,,,,,,,,,,,False,,,unmatched,False,unmatched,False,unmatched,False,unmatched,False
,,"Princes Highway, Gerringong, 2534",Porsche Smart Mobility,2,AC,11 kW,-34.72438543,150.8423113,"Kiama, The Council of the Municipality of",2534,Existing Destination Chargers,107,Illawarra,New South Wales,ev_00935,,not_target,,,,,,,,,,,,,,,,,False,,,not_target,False,not_target,False,not_target,False,not_target,False
,,"Princes Hwy, Ulladulla, 2539",Exploren,4,AC,22 kW,-35.36842147,150.4706086,Shoalhaven City Council,2539,Existing Destination Chargers,114,Southern Highlands and Shoalhaven,New South Wales,ev_00936,,not_target,,,,,,,,,,,,,,,,,False,,,not_target,False,not_target,False,not_target,False,not_target,False
,,"Prospect Hwy, Sydney, 2147",EVUp,1,AC,22 kW,-33.77580285,150.9335706,Blacktown City Council,2147,Existing Destination Chargers,116,Sydney - Blacktown,New South Wales,ev_00937,,not_target,,,,,,,,,,,,,,,,,False,,,not_target,False,not_target,False,not_target,False,not_target,False
,,"Prospect St, Holbrook, 2644",NRMA,2,DC,50 kW,-35.7181522,147.316019,Greater Hume Shire Council,2644,Existing Fast Chargers,109,Murray,New South Wales,ev_00938,"-35.718152,147.316019",review_unresolved,,,,,,,,,,,,,,,,,False,,,unmatched,False,unmatched,False,review_identity,False,review_identity,False
,,"Queen Elizabeth Dr, Sydney, 2026",Chargefox,6,AC,6 kW,-33.89078083,151.2763093,Waverley Council,2026,Existing Destination Chargers,118,Sydney - Eastern Suburbs,New South Wales,ev_00939,,not_target,,,,,,,,,,,,,,,,,False,,,not_target,False,not_target,False,not_target,False,not_target,False
,,"Railway St, Sydney, 2067",Chargefox,2,AC,6 kW,-33.79441046,151.1801622,Willoughby City Council,2067,Existing Destination Chargers,121,Sydney - North Sydney and Hornsby,New South Wales,ev_00940,,not_target,,,,,,,,,,,,,,,,,False,,,not_target,False,not_target,False,not_target,False,not_target,False
,,"Rankine St, Crescent Head, 2440",EVX,2,AC,22 kW,-31.18968373,152.9784444,Kempsey Shire Council,2440,Existing Destination Chargers,108,Mid North Coast,New South Wales,ev_00941,,not_target,,,,,,,,,,,,,,,,,False,,,not_target,False,not_target,False,not_target,False,not_target,False
,,"Ring Rd, Newcastle, 2308",Chargefox,4,AC,22 kW,-32.89188493,151.701979,Newcastle City Council,2308,Existing Destination Chargers,111,Newcastle and Lake Macquarie,New South Wales,ev_00942,,not_target,,,,,,,,,,,,,,,,,False,,,not_target,False,not_target,False,not_target,False,not_target,False
,,"Riverside Dr, Jugiong, 2726",NRMA,2,DC,50 kW,-34.82342947,148.3257027,Hilltops Council,2726,Existing Fast Chargers,101,Capital Region,New South Wales,ev_00943,"-34.823429,148.325703",matched,30.2,nearby_identity,190358,Jugiong [NRMA],"319 Riverside Drive, Jugiong",NRMA,CCS (Type 2),$0.70/kWh,Public,,1,Operational,2026-07-15T01:53:00Z,Open Charge Map Contributors,Licensed under Creative Commons Attribution 4.0 International (CC BY 4.0),https://openchargemap.org/site/poi/details/190358,True,ocm,ocm,unmatched,False,unmatched,False,matched,True,review_identity,False
,,"Robey St, Sydney, 2035",Chargefox,2,AC,7 kW,-33.95030735,151.2384284,Randwick City Council,2035,Existing Destination Chargers,118,Sydney - Eastern Suburbs,New South Wales,ev_00944,,not_target,,,,,,,,,,,,,,,,,False,,,not_target,False,not_target,False,not_target,False,not_target,False
,,"Robinsons Ln, Tenterfield, 2372",Tesla,2,AC,6 kW,-29.00038643,152.023976,Tenterfield Shire Council,2372,Existing Destination Chargers,110,New England and North West,New South Wales,ev_00945,,not_target,,,,,,,,,,,,,,,,,False,,,not_target,False,not_target,False,not_target,False,not_target,False
,,"Rogan Ln, Young, 2594",NRMA,2,DC,50 kW,-34.31177382,148.2950991,Hilltops Council,2594,Existing Fast Chargers,101,Capital Region,New South Wales,ev_00946,"-34.311774,148.295099",matched,10.79,nearby_identity,191958,NRMA Young,"88 Lovell Street, Young",NRMA,CCS (Type 2),$0.64/kWh,Public,,2,Operational,2026-07-15T02:03:00Z,Open Charge Map Contributors,Licensed under Creative Commons Attribution 4.0 International (CC BY 4.0),https://openchargemap.org/site/poi/details/191958,True,ocm,ocm; osm,unmatched,False,unmatched,False,matched,True,matched,True
,,"Rosevillle Railway Station, Hill Street, Roseville, New South Wales 2069, Australia",JOLT,1,DC,25 kW,-33.782904,151.175213,Ku-ring-gai Council,2069,TfNSW Commuter Car Parks,121,Sydney - North Sydney and Hornsby,New South Wales,ev_00947,"-33.782904,151.175213",review_unresolved,,,,,,,,,,,,,,,,,False,,,unmatched,False,unmatched,False,unmatched,False,unmatched,False
,,"Ross St, Goulburn, 2580",ChargePoint,1,AC,3 kW,-34.7302573,149.7424975,Goulburn Mulwaree Council,2580,Existing Destination Chargers,101,Capital Region,New South Wales,ev_00948,,not_target,,,,,,,,,,,,,,,,,False,,,not_target,False,not_target,False,not_target,False,not_target,False
,,"Salisbury Rd, Sydney, 2154",Porsche Smart Mobility,2,AC,11 kW,-33.73028233,150.9734114,The Hills Shire Council,2154,Existing Destination Chargers,115,Sydney - Baulkham Hills and Hawkesbury,New South Wales,ev_00949,,not_target,,,,,,,,,,,,,,,,,False,,,not_target,False,not_target,False,not_target,False,not_target,False
,,"Science Rd, Sydney, 2113",Chargefox,2,AC,22 kW,-33.77319124,151.116038,"Ryde, Council of the City of",2113,Existing Destination Chargers,126,Sydney - Ryde,New South Wales,ev_00950,,not_target,,,,,,,,,,,,,,,,,False,,,not_target,False,not_target,False,not_target,False,not_target,False
,,"Shiers Ave, Sydney, 2020",Tesla,2,AC,6 kW,-33.93278583,151.1802933,Bayside Council,2020,Existing Destination Chargers,117,Sydney - City and Inner South,New South Wales,ev_00951,,not_target,,,,,,,,,,,,,,,,,False,,,not_target,False,not_target,False,not_target,False,not_target,False
,,"Shire St, West Wyalong, 2671",NRMA,2,DC,50 kW,-33.92382187,147.2033794,Bland Shire Council,2671,Existing Fast Chargers,103,Central West,New South Wales,ev_00952,"-33.923822,147.203379",matched,34.06,nearby_identity,190669,West Wyalong [NRMA],"13-15 Shire St, West Wyalong NSW 2671, West Wyalong, 2671",NRMA,CCS (Type 2); CHAdeMO,$0.74/kWh,Public,,4,Operational,2026-07-15T02:13:00Z,Open Charge Map Contributors,Licensed under Creative Commons Attribution 4.0 International (CC BY 4.0),https://openchargemap.org/site/poi/details/190669,True,ocm,ocm; osm,unmatched,False,unmatched,False,matched,True,matched,True
,,"Shop 2140, Newcastle, 2289",Exploren,4,DC,60 kW,-32.94079384,151.7105495,Newcastle City Council,2289,Existing Fast Chargers,111,Newcastle and Lake Macquarie,New South Wales,ev_00953,"-32.940794,151.710550",review_unresolved,,,,,,,,,,,,,,,,,False,,,unmatched,False,unmatched,False,unmatched,False,unmatched,False
,,"Short St, Mudgee, 2850",NRMA,4,DC,125 kW,-32.58960965,149.5857578,Mid-Western Regional Council,2850,Existing Fast Chargers,103,Central West,New South Wales,ev_00954,"-32.589610,149.585758",matched,75.52,nearby_identity,274144,NRMA Short Street Car Park,"47 Short Street, Mudgee, 2850",NRMA,CCS (Type 2); CHAdeMO,60c / 54c for NRMA Members,Public,,4,Operational,2024-06-14T12:05:00Z,Open Charge Map Contributors,Licensed under Creative Commons Attribution 4.0 International (CC BY 4.0),https://openchargemap.org/site/poi/details/274144,True,ocm,ocm; osm,unmatched,False,unmatched,False,matched,True,matched,True
,,"Skillman's Lane, Coonamble, NSW 2829, Australia",NRMA,4,DC,50 kW,-34.8411047,148.912197,Coonamble Shire Council,2582,TfNSW Regional,101,Capital Region,New South Wales,ev_00955,"-34.841105,148.912197",matched,22.81,nearby_identity,190005,Banjo Paterson Park [NRMA],"81 Meehan Street, Yass, 2582",NRMA,CCS (Type 2); CHAdeMO,FREE,Public - Membership Required,,1,Operational,2021-12-19T02:14:00Z,Open Charge Map Contributors,Licensed under Creative Commons Attribution 4.0 International (CC BY 4.0),https://openchargemap.org/site/poi/details/190005,True,ocm,ocm; osm,unmatched,False,unmatched,False,matched,True,matched,True
,,"Smith St, Newcastle West, NSW 2303",Chargefox,4,AC,22 kW,-32.9301582,151.7606336,Newcastle City Council,NSW 2303,Existing Destination Chargers,111,Newcastle and Lake Macquarie,New South Wales,ev_00956,,not_target,,,,,,,,,,,,,,,,,False,,,not_target,False,not_target,False,not_target,False,not_target,False
,,"Soldiers Pde, Sydney, 2174",Chargefox,10,AC,22 kW,-33.96909714,150.8615696,Liverpool City Council,2174,Existing Destination Chargers,127,Sydney - South West,New South Wales,ev_00957,,not_target,,,,,,,,,,,,,,,,,False,,,not_target,False,not_target,False,not_target,False,not_target,False
,,"Soldiers Point Road, Soldiers Point, 2317",Porsche Smart Mobility,4,AC,11 kW,-32.71141446,152.0720931,Port Stephens Council,2317,Existing Destination Chargers,106,Hunter Valley exc Newcastle,New South Wales,ev_00958,,not_target,,,,,,,,,,,,,,,,,False,,,not_target,False,not_target,False,not_target,False,not_target,False
,,"Sommerlad Ln, Glen Innes, 2370",NRMA,2,DC,50 kW,-29.73846351,151.7363083,Glen Innes Severn Council,2370,Existing Fast Chargers,110,New England and North West,New South Wales,ev_00959,"-29.738464,151.736308",matched,0.55,nearby_identity,266499,NRMA Glen Innes,"Sommerlad Lane, Glen Innes, 2370",NRMA,CCS (Type 2); CHAdeMO,FREE,Public - Membership Required,,1,Operational,2023-06-08T03:24:00Z,Open Charge Map Contributors,Licensed under Creative Commons Attribution 4.0 International (CC BY 4.0),https://openchargemap.org/site/poi/details/266499,True,ocm,ocm,unmatched,False,unmatched,False,matched,True,unmatched,False
,,"Stuart St, Wagga Wagga, 2650",Everty,2,DC,25 kW,-35.12347852,147.3992282,Wagga Wagga City Council,2650,Existing Fast Chargers,113,Riverina,New South Wales,ev_00960,"-35.123479,147.399228",matched,18.58,nearby_identity,306016,Middy's Wagga East,"Stuart Road, East Wagga Wagga, 2650",Everty,CCS (Type 2); CHAdeMO,$0.35/kWh,Public - Membership Required,,1,Operational,2024-12-08T01:54:00Z,Open Charge Map Contributors,Licensed under Creative Commons Attribution 4.0 International (CC BY 4.0),https://openchargemap.org/site/poi/details/306016,True,ocm,ocm,unmatched,False,unmatched,False,matched,True,unmatched,False
,,"Sunset Blvd, Soldiers Point, 2317",Chargefox,2,DC,24 kW,-32.70138843,152.0626466,Port Stephens Council,2317,Existing Fast Chargers,106,Hunter Valley exc Newcastle,New South Wales,ev_00961,"-32.701388,152.062647",matched,10.75,nearby_identity,273225,Soldiers Point Marina,"Sunset Blvd, Soldiers Point, 2317",Chargefox,CCS (Type 2); CHAdeMO,$0.45 per kWh,Public - Membership Required,,1,Operational,2023-07-29T10:08:00Z,Open Charge Map Contributors,Licensed under Creative Commons Attribution 4.0 International (CC BY 4.0),https://openchargemap.org/site/poi/details/273225,True,ocm,ocm,unmatched,False,unmatched,False,matched,True,unmatched,False
,,"Sussex St, Sydney, 2000",Everty,1,AC,22 kW,-33.87052257,151.2038458,"Sydney, Council of the City of",2000,Existing Destination Chargers,117,Sydney - City and Inner South,New South Wales,ev_00962,,not_target,,,,,,,,,,,,,,,,,False,,,not_target,False,not_target,False,not_target,False,not_target,False
,,"Tathra Bermagui Rd, Tathra, 2550",Chargefox,2,AC,22 kW,-36.71254459,149.976018,Bega Valley Shire Council,2550,Existing Destination Chargers,101,Capital Region,New South Wales,ev_00963,,not_target,,,,,,,,,,,,,,,,,False,,,not_target,False,not_target,False,not_target,False,not_target,False
,,"The Boulevarde, Sydney, 2216",Exploren,1,AC,22 kW,-33.9612503,151.154957,Bayside Council,2216,Existing Destination Chargers,119,Sydney - Inner South West,New South Wales,ev_00964,,not_target,,,,,,,,,,,,,,,,,False,,,not_target,False,not_target,False,not_target,False,not_target,False
,,"Unicentre Ln, Wollongong, 2500",Chargefox,2,AC,22 kW,-34.40769974,150.8806396,Wollongong City Council,2500,Existing Destination Chargers,107,Illawarra,New South Wales,ev_00965,,not_target,,,,,,,,,,,,,,,,,False,,,not_target,False,not_target,False,not_target,False,not_target,False
,,"Unit 10/1A Mitchell, Mollymook , 2539",Tesla,1,AC,6 kW,-35.33529034,150.4724404,Shoalhaven City Council,2539,Existing Destination Chargers,114,Southern Highlands and Shoalhaven,New South Wales,ev_00966,,not_target,,,,,,,,,,,,,,,,,False,,,not_target,False,not_target,False,not_target,False,not_target,False
,,"University Dr, Newcastle, 2308",Chargefox,6,AC,22 kW,-32.89554259,151.703996,Newcastle City Council,2308,Existing Destination Chargers,111,Newcastle and Lake Macquarie,New South Wales,ev_00967,,not_target,,,,,,,,,,,,,,,,,False,,,not_target,False,not_target,False,not_target,False,not_target,False
,,"University of Wollongong, Northfields Avenue, Wollongong NSW 2522, Australia",Chargefox,6,DC,175 kW,-34.4079569,150.877135,Wollongong City Council,2522,Fast Charging R2,107,Illawarra,New South Wales,ev_00968,"-34.407957,150.877135",review_unresolved,,,,,,,,,,,,,,,,,False,,,unmatched,False,unmatched,False,unmatched,False,unmatched,False
,,"Valder Way, Charles Sturt University, 2678",Exploren,2,DC,120 kW,-35.05693398,147.3512593,Wagga Wagga City Council,2678,Existing Fast Chargers,113,Riverina,New South Wales,ev_00969,"-35.056934,147.351259",review_unresolved,,,,,,,,,,,,,,,,,False,,,unmatched,False,unmatched,False,unmatched,False,review_identity,False
,,"Vesper St, Batemans Bay, 2536",NRMA,4,DC,75 kW,-35.7095526,150.173983,Eurobodalla Shire Council,2536,Existing Fast Chargers,101,Capital Region,New South Wales,ev_00970,"-35.709553,150.173983",matched,100.19,nearby_identity,209950,Batemans Bay Regional Arts Aquatic & Leisure Centre [NRMA],"12 Vesper Street, Batemans Bay, 2536",NRMA,CCS (Type 2); CHAdeMO,FREE,Public - Membership Required,,2,Operational,2022-11-16T10:13:00Z,Open Charge Map Contributors,Licensed under Creative Commons Attribution 4.0 International (CC BY 4.0),https://openchargemap.org/site/poi/details/209950,True,ocm,ocm; osm,review_identity,False,unmatched,False,matched,True,matched,True
,,"Victoria Hill Rd, Adelong, 2729",Chargefox,2,AC,22 kW,-35.3062553,148.0642933,Snowy Valleys Council,2729,Existing Destination Chargers,113,Riverina,New South Wales,ev_00971,,not_target,,,,,,,,,,,,,,,,,False,,,not_target,False,not_target,False,not_target,False,not_target,False
,,"Waddells Ave, Singleton, 2330",Everty,2,DC,50 kW,-32.57698603,151.1842142,Singleton Council,2330,Existing Fast Chargers,106,Hunter Valley exc Newcastle,New South Wales,ev_00972,"-32.576986,151.184214",review_unresolved,,,,,,,,,,,,,,,,,False,,,unmatched,False,unmatched,False,unmatched,False,unmatched,False
,,"Wallace Lane, Canobolas, 2800",Porsche Smart Mobility,1,AC,11 kW,-33.33368373,149.0435355,Orange City Council,2800,Existing Destination Chargers,103,Central West,New South Wales,ev_00973,,not_target,,,,,,,,,,,,,,,,,False,,,not_target,False,not_target,False,not_target,False,not_target,False
,,"Walton Ln, Picton, 2571",NRMA,2,DC,50 kW,-34.16828833,150.6109429,Wollondilly Shire Council,2571,Existing Fast Chargers,123,Sydney - Outer South West,New South Wales,ev_00974,"-34.168288,150.610943",matched,9.27,nearby_identity,161843,Picton [NRMA],"5 Walton Lane, Picton, 2571",NRMA,CCS (Type 2); CHAdeMO,Currently free but will be fee at some point,Public,,1,Operational,2021-12-19T02:10:00Z,Open Charge Map Contributors,Licensed under Creative Commons Attribution 4.0 International (CC BY 4.0),https://openchargemap.org/site/poi/details/161843,True,ocm,ocm,unmatched,False,unmatched,False,matched,True,unmatched,False
,,"Western Motorway, Sydney, 2766",Ampol,15,DC,240 kW,-33.80154859,150.886,Blacktown City Council,2766,Existing Fast Chargers,116,Sydney - Blacktown,New South Wales,ev_00975,"-33.801549,150.886000",matched,14.61,nearby_identity,0000028576,Ampol Foodary Eastern Creek Eastbound,M4 Motorway Eastbound Eastern Creek 2766,Ampol,CCS 2; CHAdeMO,,,10,,,,Ampol official station locator,Official website; no open-data licence asserted,https://ampcharge.ampol.com.au/find-a-charging-station,True,ampol,ampol,unmatched,False,matched,True,unmatched,False,review_identity,False
,,"William St, Sydney, 2046",Evie,2,DC,75 kW,-33.86864269,151.1185836,"Canada Bay Council, City of",2046,Existing Fast Chargers,120,Sydney - Inner West,New South Wales,ev_00976,"-33.868643,151.118584",matched,0.1,nearby_identity,5947,Five Dock Leisure Centre,William St  Five Dock 2046,Evie Networks,CCS Type 2,0.60/kWh + 0.09/kWh (9:00 AM-9:00 PM),,,,,,Evie Networks official station map,Official website; no open-data licence asserted,https://evie.com.au/find-a-charger/,True,evie,evie; osm,matched,True,unmatched,False,unmatched,False,matched,True
,,"Wingewarra St, Dubbo, 2830",NRMA,2,DC,50 kW,-32.24936341,148.6091872,Dubbo Regional Council,2830,Existing Fast Chargers,105,Far West and Orana,New South Wales,ev_00977,"-32.249363,148.609187",matched,15.76,nearby_identity,191955,NRMA Dubbo,"Wingewarra Street, Dubbo",NRMA,CCS (Type 2); CHAdeMO,FREE,Public - Membership Required,,1,Operational,2022-03-10T22:21:00Z,Open Charge Map Contributors,Licensed under Creative Commons Attribution 4.0 International (CC BY 4.0),https://openchargemap.org/site/poi/details/191955,True,ocm,ocm; osm,unmatched,False,unmatched,False,matched,True,matched,True
,,"Wolgan Rd, Wolgan Valley, 2790",Porsche Destination Charging,1,AC,11 kW,-33.2273524,150.1924444,"Lithgow Council, City of",2790,Existing Destination Chargers,103,Central West,New South Wales,ev_00978,,not_target,,,,,,,,,,,,,,,,,False,,,not_target,False,not_target,False,not_target,False,not_target,False
,,"Wordsworth St, Byron Bay, NSW 2481",EVX,2,AC,22 kW,-28.6420511,153.6097528,Byron Shire Council,NSW 2481,Existing Destination Chargers,112,Richmond - Tweed,New South Wales,ev_00979,,not_target,,,,,,,,,,,,,,,,,False,,,not_target,False,not_target,False,not_target,False,not_target,False
,,"Wyong Rd, Central Coast, 2261",BP,2,DC,75 kW,-33.36284489,151.4442893,Central Coast Council,2261,Existing Fast Chargers,102,Central Coast,New South Wales,ev_00980,"-33.362845,151.444289",matched,17.42,nearby_identity,266767,BP Pulse,"Cnr Mingara Dr & Wyong Rd, Tumbi Umbi, 2261",BP Pulse (AU),CCS (Type 2); CHAdeMO,$0.55/kwh,Public,,2,Operational,2023-08-09T11:36:00Z,Open Charge Map Contributors,Licensed under Creative Commons Attribution 4.0 International (CC BY 4.0),https://openchargemap.org/site/poi/details/266767,True,ocm,ocm,unmatched,False,unmatched,False,matched,True,unmatched,False
,Jac & Jones Wines Hunter Valley,"771 Hermitage Rd, Pokolbin NSW 2320",Non-networked,1,AC,AC,-32.7165581,151.2572876,Cessnock City Council,2320,Existing Destination Chargers,106,Hunter Valley exc Newcastle,New South Wales,ev_00981,,not_target,,,,,,,,,,,,,,,,,False,,,not_target,False,not_target,False,not_target,False,not_target,False
,Narara Ecovillage,"33 Gugandi Rd, Narara NSW 2250",Non-networked,1,AC,AC,-33.3931163,151.3286306,Central Coast Council,2250,Existing Destination Chargers,102,Central Coast,New South Wales,ev_00982,,not_target,,,,,,,,,,,,,,,,,False,,,not_target,False,not_target,False,not_target,False,not_target,False
,Quest Griffith,"53 Railway St, Griffith NSW 2680",Non-networked,2,AC,AC,-34.2866312,146.0445254,Griffith City Council,2680,Existing Destination Chargers,113,Riverina,New South Wales,ev_00983,,not_target,,,,,,,,,,,,,,,,,False,,,not_target,False,not_target,False,not_target,False,not_target,False
11.0,,"422 Pacific Hwy, Artarmon NSW 2064, Australia",BP Australia,4,Upcoming,2x350kW & 2x175kW,-33.8114193,151.1756084,,,,121,Sydney - North Sydney and Hornsby,New South Wales,ev_00984,,not_target,,,,,,,,,,,,,,,,,False,,,not_target,False,not_target,False,not_target,False,not_target,False
18.0,,129 Pacific Hwy Ourimbah NSW 2258 Australia,NRMA Electric,4,Upcoming,2x350kW & 2x175kW,-33.3531977,151.3690265,,,,102,Central Coast,New South Wales,ev_00985,,not_target,,,,,,,,,,,,,,,,,False,,,not_target,False,not_target,False,not_target,False,not_target,False
22.0,,"4974 Pacific Hwy, Halfway Creek NSW 2460, Australia",Viva Energy A,4,Upcoming,2x350kW & 2x175kW,-29.9348834,153.0947952,,,,104,Coffs Harbour - Grafton,New South Wales,ev_00986,,not_target,,,,,,,,,,,,,,,,,False,,,not_target,False,not_target,False,not_target,False,not_target,False
33.0,,"Stoney Creek Road Car Park, 497 Forest Rd, Bexley, 2207, NSW",Fast Cities A,4,Upcoming,2x350kW & 2x175kW,-33.9493369,151.1163356,,,,119,Sydney - Inner South West,New South Wales,ev_00987,,not_target,,,,,,,,,,,,,,,,,False,,,not_target,False,not_target,False,not_target,False,not_target,False
42.0,,"491 Masonite Rd, Heatherbrae NSW 2324, Australia",Tesla Motors,10,Upcoming,2x350kW & 6x175kW,-32.7830573,151.737598,,,,106,Hunter Valley exc Newcastle,New South Wales,ev_00988,,not_target,,,,,,,,,,,,,,,,,False,,,not_target,False,not_target,False,not_target,False,not_target,False
55.0,,Ross Smith Ave Mascot NSW 2020 Australia,Tesla Motors,6,Upcoming,2x350kW & 2x175kW,-33.9380083,151.1924793,,,,117,Sydney - City and Inner South,New South Wales,ev_00989,,not_target,,,,,,,,,,,,,,,,,False,,,not_target,False,not_target,False,not_target,False,not_target,False
68.0,,88 Smithfield Rd Smithfield NSW 2164 Australia,NRMA Electric,4,Upcoming,2x350kW & 2x175kW,-33.8556807,150.9371884,,,,127,Sydney - South West,New South Wales,ev_00990,,not_target,,,,,,,,,,,,,,,,,False,,,not_target,False,not_target,False,not_target,False,not_target,False
69.0,,"3 Carlton Cres, Summer Hill, NSW, 2130, Australia",BP Australia,4,Upcoming,2x350kW & 2x175kW,-33.8923484,151.1431188,,,,120,Sydney - Inner West,New South Wales,ev_00991,,not_target,,,,,,,,,,,,,,,,,False,,,not_target,False,not_target,False,not_target,False,not_target,False
72.0,,"135 Fairfield Rd, Guildford West 2161, NSW",Fast Cities A,8,Upcoming,2x350kW & 6x175kW,-33.8509905,150.9597807,,,,125,Sydney - Parramatta,New South Wales,ev_00992,,not_target,,,,,,,,,,,,,,,,,False,,,not_target,False,not_target,False,not_target,False,not_target,False
90.0,,"Campbell Pde
Bondi Beach NSW 2026
Australia",Fast Cities A,8,Upcoming,2x350kW & 6x175kW,-33.8897295,151.2797592,,,,118,Sydney - Eastern Suburbs,New South Wales,ev_00993,,not_target,,,,,,,,,,,,,,,,,False,,,not_target,False,not_target,False,not_target,False,not_target,False
106.0,,"Ewingsdale Rd, Byron Bay NSW 2481, Australia",Tesla Motors,10,Upcoming,2x350kW & 2x175kW,-28.6380154,153.5859269,,,,112,Richmond - Tweed,New South Wales,ev_00994,,not_target,,,,,,,,,,,,,,,,,False,,,not_target,False,not_target,False,not_target,False,not_target,False
110.0,,16 Cooper St Macksville NSW 2447 Australia,NRMA Electric,4,Upcoming,2x350kW & 2x175kW,-30.7084608,152.9200674,,,,108,Mid North Coast,New South Wales,ev_00995,,not_target,,,,,,,,,,,,,,,,,False,,,not_target,False,not_target,False,not_target,False,not_target,False
111.0,,100 Pacific Hwy Tuggerah NSW 2259 Australia,BP Australia,6,Upcoming,2x350kW & 2x175kW,-33.3058764,151.419746,,,,102,Central Coast,New South Wales,ev_00996,,not_target,,,,,,,,,,,,,,,,,False,,,not_target,False,not_target,False,not_target,False,not_target,False
114.0,,50 Pitt St Singleton NSW 2330 Australia,NRMA Electric,4,Upcoming,2x350kW & 2x175kW,-32.5651168,151.1744586,,,,106,Hunter Valley exc Newcastle,New South Wales,ev_00997,,not_target,,,,,,,,,,,,,,,,,False,,,not_target,False,not_target,False,not_target,False,not_target,False
129.0,,"Charter Hall Lake Macquarie, 46 Wilson Road, Mount Hutton NSW 2290, Australia",BP Australia,8,Upcoming,2x350kW & 2x175kW,-32.9847608,151.6724345,,,,111,Newcastle and Lake Macquarie,New South Wales,ev_00998,,not_target,,,,,,,,,,,,,,,,,False,,,not_target,False,not_target,False,not_target,False,not_target,False
134.0,,"37-39 Bong Bong Street,, Dapto NSW 2023, Australia",NRMA Electric,4,Upcoming,2x350kW & 2x175kW,-34.4940356,150.7915413,,,,107,Illawarra,New South Wales,ev_00999,,not_target,,,,,,,,,,,,,,,,,False,,,not_target,False,not_target,False,not_target,False,not_target,False
136.0,EVE Australia,"52 Pembroke St, Ashfield NSW 2131, Australia",EVE Australia,2,AC,22,-33.8853908,151.1322384,,,,120,Sydney - Inner West,New South Wales,ev_01000,,not_target,,,,,,,,,,,,,,,,,False,,,not_target,False,not_target,False,not_target,False,not_target,False
143.0,,19-21 Tennyson Rd Breakfast Point NSW 2137 Australia,Tesla Motors,6,Upcoming,2x350kW & 2x175kW,-33.8421503,151.1081903,,,,120,Sydney - Inner West,New South Wales,ev_01001,,not_target,,,,,,,,,,,,,,,,,False,,,not_target,False,not_target,False,not_target,False,not_target,False
154.0,,"82 Mulgoa Rd, Jamisontown NSW 2750, Australia",NRMA,4,Upcoming,2x350kW & 2x175kW,-33.7650763,150.6816643,,,,124,Sydney - Outer West and Blue Mountains,New South Wales,ev_01002,,not_target,,,,,,,,,,,,,,,,,False,,,not_target,False,not_target,False,not_target,False,not_target,False
166.0,,3A Cowell Cowell St Gladesville NSW 2111 Australia,NRMA Electric,4,Upcoming,2x350kW & 2x175kW,-33.8325832,151.1280159,,,,126,Sydney - Ryde,New South Wales,ev_01003,,not_target,,,,,,,,,,,,,,,,,False,,,not_target,False,not_target,False,not_target,False,not_target,False
167.0,,107 Erskine St Dubbo NSW 2830 Australia,BP Australia,6,Upcoming,2x350kW & 2x175kW,-32.2444498,148.6113542,,,,105,Far West and Orana,New South Wales,ev_01004,,not_target,,,,,,,,,,,,,,,,,False,,,not_target,False,not_target,False,not_target,False,not_target,False
173.0,,478 Pacific Hwy Killara NSW 2071 Australia,BP Australia,12,Upcoming,2x350kW & 2x175kW,-33.7719283,151.1613759,,,,121,Sydney - North Sydney and Hornsby,New South Wales,ev_01005,,not_target,,,,,,,,,,,,,,,,,False,,,not_target,False,not_target,False,not_target,False,not_target,False
184.0,,1/3 Brady St Mosman NSW 2088 Australia,Tesla Motors,8,Upcoming,2x350kW & 6x175kW,-33.823985,151.2403914,,,,121,Sydney - North Sydney and Hornsby,New South Wales,ev_01006,,not_target,,,,,,,,,,,,,,,,,False,,,not_target,False,not_target,False,not_target,False,not_target,False
187.0,,"214 Sydney Rd, Kelso NSW 2795, Australia",BP Australia,6,Upcoming,2x350kW & 2x175kW,-33.4191251,149.6220049,,,,103,Central West,New South Wales,ev_01007,,not_target,,,,,,,,,,,,,,,,,False,,,not_target,False,not_target,False,not_target,False,not_target,False
188.0,,"89 Darley St, Mona Vale, NSW, 2103, Australia",Fast Cities A,4,Upcoming,2x350kW & 2x175kW,-33.6753877,151.3048385,,,,122,Sydney - Northern Beaches,New South Wales,ev_01008,,not_target,,,,,,,,,,,,,,,,,False,,,not_target,False,not_target,False,not_target,False,not_target,False
189.0,,"Bp Young, Cnr Zouch and Edward Streets, Young NSW 2594, Australia",BP Australia,4,Upcoming,2x350kW & 2x175kW,-34.3134008,148.2979356,,,,101,Capital Region,New South Wales,ev_01009,,not_target,,,,,,,,,,,,,,,,,False,,,not_target,False,not_target,False,not_target,False,not_target,False
196.0,,57 Manchester Rd Gymea NSW 2227 Australia,NRMA Electric,4,Upcoming,2x350kW & 2x175kW,-34.032498,151.0881117,,,,128,Sydney - Sutherland,New South Wales,ev_01010,,not_target,,,,,,,,,,,,,,,,,False,,,not_target,False,not_target,False,not_target,False,not_target,False
200.0,Kempsey Shire Council,"Buchanan Dr, South West Rocks NSW 2431, Australia",Exploren,2,AC,22,-30.88653,153.0379572,,,,108,Mid North Coast,New South Wales,ev_01011,,not_target,,,,,,,,,,,,,,,,,False,,,not_target,False,not_target,False,not_target,False,not_target,False
203.0,,"16 Terminus St, Castle Hill, 2154, NSW",Fast Cities A,4,Upcoming,2x350kW & 2x175kW,-33.7331773,151.0058503,,,,115,Sydney - Baulkham Hills and Hawkesbury,New South Wales,ev_01012,,not_target,,,,,,,,,,,,,,,,,False,,,not_target,False,not_target,False,not_target,False,not_target,False
206.0,,"180 Stacey Street & Stanley Street, Bankstown, NSW 2200, Australia",Energy Austra,4,Upcoming,2x350kW & 2x175kW,-33.9209876,151.0389481,,,,119,Sydney - Inner South West,New South Wales,ev_01013,,not_target,,,,,,,,,,,,,,,,,False,,,not_target,False,not_target,False,not_target,False,not_target,False
238.0,,"28 Blue Gum Rd, Jesmond NSW 2299, Australia",Fast Cities A,4,Upcoming,2x350kW & 2x175kW,-32.9024593,151.6897872,,,,111,Newcastle and Lake Macquarie,New South Wales,ev_01014,,not_target,,,,,,,,,,,,,,,,,False,,,not_target,False,not_target,False,not_target,False,not_target,False
256.0,,4 Carter St Lidcombe NSW 2141 Australia,PLUS ES Manag,5,Upcoming,2x350kW & 2x175kW,-33.8534728,151.0615424,,,,125,Sydney - Parramatta,New South Wales,ev_01015,,not_target,,,,,,,,,,,,,,,,,False,,,not_target,False,not_target,False,not_target,False,not_target,False
263.0,,"2 Macquarie Pl, Haywards Bay NSW 2530, Australia",Viva Energy A,4,Upcoming,2x350kW & 2x175kW,-34.5412251,150.7855766,,,,107,Illawarra,New South Wales,ev_01016,,not_target,,,,,,,,,,,,,,,,,False,,,not_target,False,not_target,False,not_target,False,not_target,False
266.0,,"West Ryde Marketplace
14 Anthony Rd, West Ryde NSW 2114",Fast Cities A,4,Upcoming,2x350kW & 2x175kW,-33.8064638,151.0883017,,,,126,Sydney - Ryde,New South Wales,ev_01017,,not_target,,,,,,,,,,,,,,,,,False,,,not_target,False,not_target,False,not_target,False,not_target,False
268.0,,"273 Fowler Rd, Illawong NSW 2234, Australia",Fast Cities A,4,Upcoming,2x350kW & 2x175kW,-33.9971362,151.042223,,,,128,Sydney - Sutherland,New South Wales,ev_01018,,not_target,,,,,,,,,,,,,,,,,False,,,not_target,False,not_target,False,not_target,False,not_target,False
269.0,Albury City Council,"526 Smollett St, Albury NSW 2640, Australia",Exploren,2,AC,7,-36.08195,146.9168911,,,,109,Murray,New South Wales,ev_01019,,not_target,,,,,,,,,,,,,,,,,False,,,not_target,False,not_target,False,not_target,False,not_target,False
279.0,,3-5 Underwood Rd Homebush NSW 2140 Australia,Tesla Motors,8,Upcoming,2x350kW & 6x175kW,-33.8556219,151.0767955,,,,120,Sydney - Inner West,New South Wales,ev_01020,,not_target,,,,,,,,,,,,,,,,,False,,,not_target,False,not_target,False,not_target,False,not_target,False
293.0,,"Ozone St, Chinderah NSW 2487, Australia",Tesla Motors,10,Upcoming,2x350kW & 2x175kW,-28.2444054,153.5574467,,,,112,Richmond - Tweed,New South Wales,ev_01021,,not_target,,,,,,,,,,,,,,,,,False,,,not_target,False,not_target,False,not_target,False,not_target,False
297.0,,131 Monaro St Queanbeyan NSW 2620 Australia,BP Australia,8,Upcoming,2x350kW & 2x175kW,-35.3519519,149.2350132,,,,101,Capital Region,New South Wales,ev_01022,,not_target,,,,,,,,,,,,,,,,,False,,,not_target,False,not_target,False,not_target,False,not_target,False
305.0,,Butler Rd Mascot NSW 2020 Australia,BP Australia,6,Upcoming,2x350kW & 2x175kW,-33.9440348,151.1855682,,,,117,Sydney - City and Inner South,New South Wales,ev_01023,,not_target,,,,,,,,,,,,,,,,,False,,,not_target,False,not_target,False,not_target,False,not_target,False
312.0,,13 Boundary St Macksville NSW 2447 Australia,Tesla Motors,6,Upcoming,2x350kW & 2x175kW,-30.7126435,152.9218789,,,,108,Mid North Coast,New South Wales,ev_01024,,not_target,,,,,,,,,,,,,,,,,False,,,not_target,False,not_target,False,not_target,False,not_target,False
322.0,Adelong Motel,"351 Pacific Hwy, Coffs Harbour NSW 2450, Australia",Non-Networked,4,Upcoming,22,-30.2746956,153.1338197,,,,104,Coffs Harbour - Grafton,New South Wales,ev_01025,,not_target,,,,,,,,,,,,,,,,,False,,,not_target,False,not_target,False,not_target,False,not_target,False
326.0,,"9-11 Roberts Rd, Greenacre NSW 2190, Australia",Viva Energy A,4,Upcoming,2x350kW & 2x175kW,-33.8944869,151.0666959,,,,119,Sydney - Inner South West,New South Wales,ev_01026,,not_target,,,,,,,,,,,,,,,,,False,,,not_target,False,not_target,False,not_target,False,not_target,False
332.0,,"238-262 Bunnerong Rd, Hillsdale NSW 2036, Australia",Fast Cities A,4,Upcoming,2x350kW & 2x175kW,-33.9519798,151.231009,,,,117,Sydney - City and Inner South,New South Wales,ev_01027,,not_target,,,,,,,,,,,,,,,,,False,,,not_target,False,not_target,False,not_target,False,not_target,False
339.0,,203 Holt Rd Taren Point NSW 2229 Australia,NRMA Electric,4,Upcoming,2x350kW & 2x175kW,-34.0202686,151.1170958,,,,128,Sydney - Sutherland,New South Wales,ev_01028,,not_target,,,,,,,,,,,,,,,,,False,,,not_target,False,not_target,False,not_target,False,not_target,False
360.0,,6 Ferdinand Ln Jerrabomberra NSW 2619 Australia,Tesla Motors,6,Upcoming,2x350kW & 2x175kW,-35.3806357,149.1966832,,,,101,Capital Region,New South Wales,ev_01029,,not_target,,,,,,,,,,,,,,,,,False,,,not_target,False,not_target,False,not_target,False,not_target,False
362.0,,"797 Pacific Hwy, Belmont South NSW 2280, Australia",Viva Energy A,4,Upcoming,2x350kW & 2x175kW,-33.0509619,151.6552182,,,,111,Newcastle and Lake Macquarie,New South Wales,ev_01030,,not_target,,,,,,,,,,,,,,,,,False,,,not_target,False,not_target,False,not_target,False,not_target,False
370.0,,"Alexander St
Crows Nest NSW 2065
Australia",NRMA Electric,8,Upcoming,2x350kW & 6x175kW,-33.8254711,151.2024328,,,,121,Sydney - North Sydney and Hornsby,New South Wales,ev_01031,,not_target,,,,,,,,,,,,,,,,,False,,,not_target,False,not_target,False,not_target,False,not_target,False
376.0,,"450 Quakers Hill Pkwy, Quakers Hill NSW 2763",BP Australia,4,Upcoming,2x350kW & 2x175kW,-33.7299642,150.9022838,,,,116,Sydney - Blacktown,New South Wales,ev_01032,,not_target,,,,,,,,,,,,,,,,,False,,,not_target,False,not_target,False,not_target,False,not_target,False
383.0,,"205 Old Hume Hwy, Mittagong NSW 2575, Australia",Fast Cities A,4,Upcoming,2x350kW & 2x175kW,-34.4470632,150.4368729,,,,114,Southern Highlands and Shoalhaven,New South Wales,ev_01033,,not_target,,,,,,,,,,,,,,,,,False,,,not_target,False,not_target,False,not_target,False,not_target,False
398.0,Bells at Killcare,"107 The Scenic Rd, Killcare Heights NSW 2257, Australia",Non-networked,2,AC,22,-33.5210313,151.3746409,,,,102,Central Coast,New South Wales,ev_01034,,not_target,,,,,,,,,,,,,,,,,False,,,not_target,False,not_target,False,not_target,False,not_target,False
403.0,,"52–58 Gardeners Rd, Kingsford NSW 2032",Viva Energy A,4,Upcoming,2x350kW & 2x175kW,-33.9250367,151.2257445,,,,118,Sydney - Eastern Suburbs,New South Wales,ev_01035,,not_target,,,,,,,,,,,,,,,,,False,,,not_target,False,not_target,False,not_target,False,not_target,False
411.0,Evie Networks,"92 Houston Rd, Kingsford NSW 2032, Australia",Evie Networks,2,DC,50,-33.9242319,151.2266791,,,,118,Sydney - Eastern Suburbs,New South Wales,ev_01036,"-33.924232,151.226679",review_unresolved,,,,,,,,,,,,,,,,,False,,,review_shared_external,False,unmatched,False,unmatched,False,review_identity,False
413.0,,260A Liverpool Rd Ashfield NSW 2131 Australia,Tesla Motors,8,Upcoming,2x350kW & 6x175kW,-33.8894371,151.1241176,,,,120,Sydney - Inner West,New South Wales,ev_01037,,not_target,,,,,,,,,,,,,,,,,False,,,not_target,False,not_target,False,not_target,False,not_target,False
414.0,,79/113 Sailors Bay Rd Northbridge NSW 2063 Australia,Tesla Motors,6,Upcoming,2x350kW & 2x175kW,-33.8101145,151.2088161,,,,121,Sydney - North Sydney and Hornsby,New South Wales,ev_01038,,not_target,,,,,,,,,,,,,,,,,False,,,not_target,False,not_target,False,not_target,False,not_target,False
420.0,,"29 Church St, Maitland NSW 2320, Australia",NRMA Electric,4,Upcoming,2x350kW & 2x175kW,-32.732981,151.5535599,,,,106,Hunter Valley exc Newcastle,New South Wales,ev_01039,,not_target,,,,,,,,,,,,,,,,,False,,,not_target,False,not_target,False,not_target,False,not_target,False
427.0,,15 Crawford St Jindabyne NSW 2627 Australia,Tesla Motors,6,Upcoming,2x350kW & 2x175kW,-36.4372503,148.6013552,,,,101,Capital Region,New South Wales,ev_01040,,not_target,,,,,,,,,,,,,,,,,False,,,not_target,False,not_target,False,not_target,False,not_target,False
432.0,,King St Warrawong NSW 2502 Australia,BP Australia,8,Upcoming,2x350kW & 2x175kW,-34.4881789,150.8880738,,,,107,Illawarra,New South Wales,ev_01041,,not_target,,,,,,,,,,,,,,,,,False,,,not_target,False,not_target,False,not_target,False,not_target,False
436.0,,528 Kent St Sydney NSW 2000 Australia,Tesla Motors,6,Upcoming,2x350kW & 2x175kW,-33.8758825,151.2057916,,,,117,Sydney - City and Inner South,New South Wales,ev_01042,,not_target,,,,,,,,,,,,,,,,,False,,,not_target,False,not_target,False,not_target,False,not_target,False
439.0,Serenity Diamond Beach,"3 Government Rd, Nelson Bay NSW 2315, Australia",Non-Networked,2,Upcoming,7,-32.7211118,152.1728405,,,,106,Hunter Valley exc Newcastle,New South Wales,ev_01043,,not_target,,,,,,,,,,,,,,,,,False,,,not_target,False,not_target,False,not_target,False,not_target,False
445.0,,"658 Terrigal Dr, Erina NSW 2250, Australia",Fast Cities A,4,Upcoming,2x350kW & 2x175kW,-33.4366058,151.3925412,,,,102,Central Coast,New South Wales,ev_01044,,not_target,,,,,,,,,,,,,,,,,False,,,not_target,False,not_target,False,not_target,False,not_target,False
450.0,,"712 Pennant Hills Rd, Carlingford NSW 2118, Australia",BP Australia,4,Upcoming,2x350kW & 2x175kW,-33.7636448,151.0474084,,,,125,Sydney - Parramatta,New South Wales,ev_01045,,not_target,,,,,,,,,,,,,,,,,False,,,not_target,False,not_target,False,not_target,False,not_target,False
459.0,,"Bp Kennedy Drive, CNR KENNEDY DVE & DUCAT ST, Tweed Heads NSW 2485, Australia",BP Australia,4,Upcoming,2x350kW & 2x175kW,-28.1859,153.5259866,,,,112,Richmond - Tweed,New South Wales,ev_01046,,not_target,,,,,,,,,,,,,,,,,False,,,not_target,False,not_target,False,not_target,False,not_target,False
463.0,,1 Kiaora Lane Double Bay NSW 2028,Fast Cities A,4,Upcoming,2x350kW & 2x175kW,-33.878037,151.2439559,,,,118,Sydney - Eastern Suburbs,New South Wales,ev_01047,,not_target,,,,,,,,,,,,,,,,,False,,,not_target,False,not_target,False,not_target,False,not_target,False
469.0,,"1 Frederick St, Artarmon, NSW, 2064, Australia",Fast Cities A,8,Upcoming,2x350kW & 6x175kW,-33.817079,151.1889358,,,,121,Sydney - North Sydney and Hornsby,New South Wales,ev_01048,,not_target,,,,,,,,,,,,,,,,,False,,,not_target,False,not_target,False,not_target,False,not_target,False
484.0,Elizabeth Motor Inn Adamstown,"Mitchell Ave, Khancoban NSW 2642, Australia",Non-Networked,4,Upcoming,22,-36.2140735,148.1324093,,,,113,Riverina,New South Wales,ev_01049,,not_target,,,,,,,,,,,,,,,,,False,,,not_target,False,not_target,False,not_target,False,not_target,False
488.0,,197-215 Condamine St Balgowlah NSW 2093 Australia,Tesla Motors,6,DC,2x350kW & 2x175kW,-33.7929122,151.2645298,,,,122,Sydney - Northern Beaches,New South Wales,ev_01050,"-33.792912,151.264530",review_unresolved,,,,,,,,,,,,,,,,,False,,,unmatched,False,unmatched,False,unmatched,False,review_identity,False
493.0,EVX,"60 Frenchs Rd, Willoughby NSW 2068, Australia",EVX,2,AC,22,-33.8073934,151.200067,,,,121,Sydney - North Sydney and Hornsby,New South Wales,ev_01051,,not_target,,,,,,,,,,,,,,,,,False,,,not_target,False,not_target,False,not_target,False,not_target,False
496.0,,"190 Princes Hwy, South Nowra, NSW, 2541",Tesla Motors,10,Upcoming,2x350kW & 6x175kW,-34.9158556,150.6042297,,,,114,Southern Highlands and Shoalhaven,New South Wales,ev_01052,,not_target,,,,,,,,,,,,,,,,,False,,,not_target,False,not_target,False,not_target,False,not_target,False
501.0,,"Bp Rozelle, Cnr VIC Rd & Evans St, Rozelle NSW 2039, Australia",BP Australia,4,Upcoming,2x350kW & 2x175kW,-33.8653,151.1716,,,,120,Sydney - Inner West,New South Wales,ev_01053,,not_target,,,,,,,,,,,,,,,,,False,,,not_target,False,not_target,False,not_target,False,not_target,False
512.0,,"Bp Marsden Park, 851 Richmond Road, Marsden Park NSW 2765, Australia",BP Australia,4,Upcoming,2x350kW & 2x175kW,-33.7195232,150.8449177,,,,116,Sydney - Blacktown,New South Wales,ev_01054,,not_target,,,,,,,,,,,,,,,,,False,,,not_target,False,not_target,False,not_target,False,not_target,False
518.0,,16/20 New England Hwy Willow Tree NSW 2339 Australia,Tesla Motors,6,Upcoming,2x350kW & 2x175kW,-31.6491378,150.7266298,,,,110,New England and North West,New South Wales,ev_01055,,not_target,,,,,,,,,,,,,,,,,False,,,not_target,False,not_target,False,not_target,False,not_target,False
521.0,EVE Australia,1A Keith St Dulwich Hill NSW,EVE Australia,2,AC,22,-33.9098594,151.141688,,,,120,Sydney - Inner West,New South Wales,ev_01056,,not_target,,,,,,,,,,,,,,,,,False,,,not_target,False,not_target,False,not_target,False,not_target,False
531.0,,88 Mortimer St Mudgee NSW 2850 Australia,Tesla Motors,6,Upcoming,2x350kW & 2x175kW,-32.5926744,149.5869726,,,,103,Central West,New South Wales,ev_01057,,not_target,,,,,,,,,,,,,,,,,False,,,not_target,False,not_target,False,not_target,False,not_target,False
538.0,,33 Village Cct Gregory Hills NSW 2557 Australia,NRMA Electric,4,Upcoming,2x350kW & 2x175kW,-34.0262581,150.777729,,,,127,Sydney - South West,New South Wales,ev_01058,,not_target,,,,,,,,,,,,,,,,,False,,,not_target,False,not_target,False,not_target,False,not_target,False
539.0,,"Bp Dundas, 256 Kissing Point Rd, Dundas Valley NSW 2117, Australia",BP Australia,4,Upcoming,2x350kW & 2x175kW,-33.7989253,151.0543765,,,,125,Sydney - Parramatta,New South Wales,ev_01059,,not_target,,,,,,,,,,,,,,,,,False,,,not_target,False,not_target,False,not_target,False,not_target,False
542.0,EVX,"3 Hilltop Cres, Fairlight NSW 2094, Australia",EVX,2,AC,22,-33.7964448,151.2754491,,,,122,Sydney - Northern Beaches,New South Wales,ev_01060,,not_target,,,,,,,,,,,,,,,,,False,,,not_target,False,not_target,False,not_target,False,not_target,False
550.0,,"Charter Hall Rutherford Marketplace, 1 Hillview St, Rutherford NSW 2320, Australia",BP Australia,8,Upcoming,2x350kW & 2x175kW,-32.7156085,151.5265817,,,,106,Hunter Valley exc Newcastle,New South Wales,ev_01061,,not_target,,,,,,,,,,,,,,,,,False,,,not_target,False,not_target,False,not_target,False,not_target,False
552.0,,"University of Wollongong, Northfields Avenue, Wollongong NSW 2522, Australia",University of,6,DC,2x350kW & 2x175kW,-34.4079569,150.877135,,,,107,Illawarra,New South Wales,ev_01062,"-34.407957,150.877135",review_unresolved,,,,,,,,,,,,,,,,,False,,,unmatched,False,unmatched,False,unmatched,False,unmatched,False
554.0,,25 Anglo Rd Campsie NSW 2194 Australia,NRMA Electric,4,Upcoming,2x350kW & 2x175kW,-33.9112009,151.1014558,,,,119,Sydney - Inner South West,New South Wales,ev_01063,,not_target,,,,,,,,,,,,,,,,,False,,,not_target,False,not_target,False,not_target,False,not_target,False
555.0,,"Cnr Swallow & Peppertree Drive, Erskine Park NSW 2759, Australia",Fast Cities A,4,Upcoming,2x350kW & 2x175kW,-33.8041175,150.7988975,,,,124,Sydney - Outer West and Blue Mountains,New South Wales,ev_01064,,not_target,,,,,,,,,,,,,,,,,False,,,not_target,False,not_target,False,not_target,False,not_target,False
563.0,Talbingo Tourist Park,"7-11 Lawrence Hargrave Dr, Helensburgh NSW 2508, Australia",Non-Networked,4,AC,22,-34.2055705,150.9689186,,,,107,Illawarra,New South Wales,ev_01065,,not_target,,,,,,,,,,,,,,,,,False,,,not_target,False,not_target,False,not_target,False,not_target,False
566.0,,1-5 Hill Rd Sydney Olympic Park NSW 2127 Australia,NRMA Electric,8,Upcoming,2x350kW & 6x175kW,-33.846599,151.0567307,,,,125,Sydney - Parramatta,New South Wales,ev_01066,,not_target,,,,,,,,,,,,,,,,,False,,,not_target,False,not_target,False,not_target,False,not_target,False
572.0,Hillston Township - Library Carpark,"14 Macauley St, Denman NSW 2328, Australia",Non-Networked,2,AC,7,-32.3941764,150.6844874,,,,106,Hunter Valley exc Newcastle,New South Wales,ev_01067,,not_target,,,,,,,,,,,,,,,,,False,,,not_target,False,not_target,False,not_target,False,not_target,False
573.0,,Hill St Picton NSW 2571 Australia,BP Australia,6,Upcoming,2x350kW & 2x175kW,-34.1880903,150.6070342,,,,123,Sydney - Outer South West,New South Wales,ev_01068,,not_target,,,,,,,,,,,,,,,,,False,,,not_target,False,not_target,False,not_target,False,not_target,False
575.0,,"Bp Mortdale, 21 Boundary Rd, Mortdale NSW 2223, Australia",BP Australia,4,Upcoming,2x350kW & 2x175kW,-33.970669,151.073689,,,,119,Sydney - Inner South West,New South Wales,ev_01069,,not_target,,,,,,,,,,,,,,,,,False,,,not_target,False,not_target,False,not_target,False,not_target,False
576.0,Allegiance Wines,"74 Maitland St, Bingara NSW 2404, Australia",Non-Networked,2,AC,22,-29.869128,150.5714344,,,,110,New England and North West,New South Wales,ev_01070,,not_target,,,,,,,,,,,,,,,,,False,,,not_target,False,not_target,False,not_target,False,not_target,False
591.0,,4/6 Niangala Clos Belrose NSW 2085 Australia,Tesla Motors,6,Upcoming,2x350kW & 2x175kW,-33.7034771,151.2131487,,,,122,Sydney - Northern Beaches,New South Wales,ev_01071,,not_target,,,,,,,,,,,,,,,,,False,,,not_target,False,not_target,False,not_target,False,not_target,False
597.0,,Auckland St Bega NSW 2550 Australia,Tesla Motors,6,Upcoming,2x350kW & 2x175kW,-36.6784759,149.8397774,,,,101,Capital Region,New South Wales,ev_01072,,not_target,,,,,,,,,,,,,,,,,False,,,not_target,False,not_target,False,not_target,False,not_target,False
602.0,,"Grafton St, Coffs Harbour NSW 2450, Australia",Tesla Motors,15,Upcoming,2x350kW & 2x175kW,-30.2955876,153.1146281,,,,104,Coffs Harbour - Grafton,New South Wales,ev_01073,,not_target,,,,,,,,,,,,,,,,,False,,,not_target,False,not_target,False,not_target,False,not_target,False
603.0,Hay Shire Council,"406 Moppett St, Hay NSW 2711, Australia",Exploren,2,AC,22,-34.5089561,144.8428431,,,,109,Murray,New South Wales,ev_01074,,not_target,,,,,,,,,,,,,,,,,False,,,not_target,False,not_target,False,not_target,False,not_target,False
605.0,EVX,"251 Edgecliff Rd, Woollahra NSW 2025, Australia",EVX,2,AC,22,-33.8885736,151.2444096,,,,118,Sydney - Eastern Suburbs,New South Wales,ev_01075,,not_target,,,,,,,,,,,,,,,,,False,,,not_target,False,not_target,False,not_target,False,not_target,False
620.0,,20-22 Camden Rd Campbelltown NSW 2560 Australia,Tesla Motors,12,DC,2x350kW & 2x175kW,-34.0722029,150.8068155,,,,123,Sydney - Outer South West,New South Wales,ev_01076,"-34.072203,150.806815",review_unresolved,,,,,,,,,,,,,,,,,False,,,review_identity,False,unmatched,False,review_shared_external,False,review_identity,False
622.0,Boorowa Ex-services and Citizens Club Ltd,"55-59 Pudman St, Boorowa NSW 2586, Australia",Elanga,2,AC,22,-34.4366892,148.7234235,,,,101,Capital Region,New South Wales,ev_01077,,not_target,,,,,,,,,,,,,,,,,False,,,not_target,False,not_target,False,not_target,False,not_target,False
632.0,,347 Great Western Hwy South Wentworthville NSW 2145 Australia,BP Australia,6,Upcoming,2x350kW & 2x175kW,-33.8158382,150.9687572,,,,125,Sydney - Parramatta,New South Wales,ev_01078,,not_target,,,,,,,,,,,,,,,,,False,,,not_target,False,not_target,False,not_target,False,not_target,False
633.0,,11 The Boulevarde Strathfield NSW 2135 Australia,Tesla Motors,8,Upcoming,2x350kW & 6x175kW,-33.8732249,151.0931072,,,,120,Sydney - Inner West,New South Wales,ev_01079,,not_target,,,,,,,,,,,,,,,,,False,,,not_target,False,not_target,False,not_target,False,not_target,False
645.0,,"Bp Rydalmere, 265 Victoria Rd, Rydalmere, NSW, 2116, Australia",BP Australia,4,Upcoming,2x350kW & 2x175kW,-33.8118926,151.0947271,,,,126,Sydney - Ryde,New South Wales,ev_01080,,not_target,,,,,,,,,,,,,,,,,False,,,not_target,False,not_target,False,not_target,False,not_target,False
665.0,,"Charter Hall Carnes Hill Marketplace, Corner Cowpasture & Kurrajong Roads, Horningsea Park NSW 2171, Australia",BP Australia,8,Upcoming,2x350kW & 2x175kW,-33.9360579,150.8450408,,,,127,Sydney - South West,New South Wales,ev_01081,,not_target,,,,,,,,,,,,,,,,,False,,,not_target,False,not_target,False,not_target,False,not_target,False
673.0,Cargo Road Wines,"East St, Harden NSW 2587, Australia",Non-Networked,4,Upcoming,22,-34.5624066,148.3641064,,,,101,Capital Region,New South Wales,ev_01082,,not_target,,,,,,,,,,,,,,,,,False,,,not_target,False,not_target,False,not_target,False,not_target,False
674.0,,"Bp Bonnyrigg, CNR COWPASTURE & NTH LIVERPOOL RDS, Bonnyrigg NSW 2177, Australia",BP Australia,4,Upcoming,2x350kW & 2x175kW,-33.8942808,150.8579509,,,,127,Sydney - South West,New South Wales,ev_01083,,not_target,,,,,,,,,,,,,,,,,False,,,not_target,False,not_target,False,not_target,False,not_target,False
678.0,,"Bp Moorebank, 226/228 Newbridge Rd, Moorebank NSW 2170",BP Australia,4,Upcoming,2x350kW & 2x175kW,-33.9293332,150.9532015,,,,127,Sydney - South West,New South Wales,ev_01084,,not_target,,,,,,,,,,,,,,,,,False,,,not_target,False,not_target,False,not_target,False,not_target,False
682.0,,"Bp Potts Hill Truckstop, 155-157 Rockwood Road, Yagoona NSW 2199, Australia",BP Australia,4,Upcoming,2x350kW & 2x175kW,-33.8933986,151.0389026,,,,119,Sydney - Inner South West,New South Wales,ev_01085,,not_target,,,,,,,,,,,,,,,,,False,,,not_target,False,not_target,False,not_target,False,not_target,False
684.0,,2 Macquarie St Parramatta NSW 2150 Australia,NRMA Electric,4,Upcoming,2x350kW & 2x175kW,-33.8138396,150.9995065,,,,125,Sydney - Parramatta,New South Wales,ev_01086,,not_target,,,,,,,,,,,,,,,,,False,,,not_target,False,not_target,False,not_target,False,not_target,False
693.0,,"241 Waterworth Dr, Mount Annan NSW 2567, Australia",Viva Energy A,4,DC,2x350kW & 2x175kW,-34.0495366,150.7601125,,,,123,Sydney - Outer South West,New South Wales,ev_01087,"-34.049537,150.760112",review_unresolved,,,,,,,,,,,,,,,,,False,,,unmatched,False,unmatched,False,unmatched,False,review_identity,False
696.0,Albury City Council,"520 David St, Albury NSW 2640, Australia",Exploren,2,AC,7,-36.0806351,146.9216087,,,,109,Murray,New South Wales,ev_01088,,not_target,,,,,,,,,,,,,,,,,False,,,not_target,False,not_target,False,not_target,False,not_target,False
706.0,,"19 Princes Hwy, Figtree NSW 2525, Australia",Tesla Motors,6,DC,2x350kW & 2x175kW,-34.4366153,150.8632982,,,,107,Illawarra,New South Wales,ev_01089,"-34.436615,150.863298",review_unresolved,,,,,,,,,,,,,,,,,False,,,unmatched,False,unmatched,False,review_identity,False,review_identity,False
712.0,,2 Orchard Ave Singleton NSW 2330 Australia,PLUS ES Manag,5,Upcoming,2x350kW & 2x175kW,-32.56947,151.179984,,,,106,Hunter Valley exc Newcastle,New South Wales,ev_01090,,not_target,,,,,,,,,,,,,,,,,False,,,not_target,False,not_target,False,not_target,False,not_target,False
717.0,,"245/259 Pittwater Rd, Manly NSW 2095, Australia",Fast Cities A,4,Upcoming,2x350kW & 2x175kW,-33.787031,151.2812746,,,,122,Sydney - Northern Beaches,New South Wales,ev_01091,,not_target,,,,,,,,,,,,,,,,,False,,,not_target,False,not_target,False,not_target,False,not_target,False
723.0,,"Bp Normanhurst, 155 Pennant Hills Rd, Normanhurst NSW 2076, Australia",BP Australia,4,Upcoming,2x350kW & 2x175kW,-33.7245,151.0901,,,,121,Sydney - North Sydney and Hornsby,New South Wales,ev_01092,,not_target,,,,,,,,,,,,,,,,,False,,,not_target,False,not_target,False,not_target,False,not_target,False
740.0,,"Avenue of Europe, Newington NSW 2127, Australia",Fast Cities A,4,Upcoming,2x350kW & 2x175kW,-33.8342986,151.0564365,,,,125,Sydney - Parramatta,New South Wales,ev_01093,,not_target,,,,,,,,,,,,,,,,,False,,,not_target,False,not_target,False,not_target,False,not_target,False
741.0,,55 Norton St Leichhardt NSW 2040 Australia,Tesla Motors,8,Upcoming,2x350kW & 6x175kW,-33.8859319,151.1579799,,,,120,Sydney - Inner West,New South Wales,ev_01094,,not_target,,,,,,,,,,,,,,,,,False,,,not_target,False,not_target,False,not_target,False,not_target,False
747.0,PLUS ES,"180 Darling St, Balmain NSW 2041, Australia",PLUS ES,1,AC,7,-33.8584276,151.186886,,,,120,Sydney - Inner West,New South Wales,ev_01095,,not_target,,,,,,,,,,,,,,,,,False,,,not_target,False,not_target,False,not_target,False,not_target,False
755.0,,"240 Hillsborough Rd, Warners Bay NSW 2282, Australia",Fast Cities A,4,Upcoming,2x350kW & 2x175kW,-32.9637983,151.662073,,,,111,Newcastle and Lake Macquarie,New South Wales,ev_01096,,not_target,,,,,,,,,,,,,,,,,False,,,not_target,False,not_target,False,not_target,False,not_target,False
768.0,,"386 Pennant Hills Rd, Pennant Hills NSW 2120, Australia",Viva Energy A,4,Upcoming,2x350kW & 2x175kW,-33.7393138,151.0679697,,,,126,Sydney - Ryde,New South Wales,ev_01097,,not_target,,,,,,,,,,,,,,,,,False,,,not_target,False,not_target,False,not_target,False,not_target,False
791.0,,"14 Anzac Ave
Fairfield NSW 2165
Australia",Tesla Motors,12,Upcoming,2x350kW & 6x175kW,-33.8729153,150.9587919,,,,127,Sydney - South West,New South Wales,ev_01098,,not_target,,,,,,,,,,,,,,,,,False,,,not_target,False,not_target,False,not_target,False,not_target,False
795.0,,"Clarence St, Moss Vale NSW 2577, Australia",NRMA Electric,4,Upcoming,2x350kW & 2x175kW,-34.5484218,150.3735673,,,,114,Southern Highlands and Shoalhaven,New South Wales,ev_01099,,not_target,,,,,,,,,,,,,,,,,False,,,not_target,False,not_target,False,not_target,False,not_target,False
813.0,Chargefox,"44 Station St, Wickham NSW 2293, Australia",Chargefox,2,AC,22,-32.9230228,151.7572335,,,,111,Newcastle and Lake Macquarie,New South Wales,ev_01100,,not_target,,,,,,,,,,,,,,,,,False,,,not_target,False,not_target,False,not_target,False,not_target,False
846.0,,"134 Seven Hills Rd, Baulkham Hills NSW 2153, Australia",BP Australia,4,Upcoming,2x350kW & 2x175kW,-33.7615731,150.9737579,,,,115,Sydney - Baulkham Hills and Hawkesbury,New South Wales,ev_01101,,not_target,,,,,,,,,,,,,,,,,False,,,not_target,False,not_target,False,not_target,False,not_target,False
874.0,D.G BENYON & D.M BENYON & The Trustee for Benyon Family Trust,"119 Borella Rd, East Albury NSW 2640, Australia",EVUp,4,AC,22,-36.0777139,146.9437845,,,,109,Murray,New South Wales,ev_01102,,not_target,,,,,,,,,,,,,,,,,False,,,not_target,False,not_target,False,not_target,False,not_target,False
877.0,,19A Evans Evans Ave Eastlakes NSW 2018 Australia,Tesla Motors,8,Upcoming,2x350kW & 6x175kW,-33.9243791,151.2103938,,,,117,Sydney - City and Inner South,New South Wales,ev_01103,,not_target,,,,,,,,,,,,,,,,,False,,,not_target,False,not_target,False,not_target,False,not_target,False
878.0,,215 Anzac Pde Kensington NSW 2033 Australia,Tesla Motors,6,Upcoming,2x350kW & 2x175kW,-33.9168297,151.2253621,,,,118,Sydney - Eastern Suburbs,New South Wales,ev_01104,,not_target,,,,,,,,,,,,,,,,,False,,,not_target,False,not_target,False,not_target,False,not_target,False
,Tropical Fruit World,"29 Duranbah Rd, Duranbah NSW 2487",Non-networked,2,AC,AC,-28.2855694,153.5252895,Tweed Shire Council,2487,Existing Destination Chargers,112,Richmond - Tweed,New South Wales,ev_01105,,not_target,,,,,,,,,,,,,,,,,False,,,not_target,False,not_target,False,not_target,False,not_target,False
,Pacific Garage,"17 Piper Dr, Ballina NSW 2478",Non-networked,1,AC,AC,-28.8468559,153.5551836,Ballina Shire Council,2478,Existing Destination Chargers,112,Richmond - Tweed,New South Wales,ev_01106,,not_target,,,,,,,,,,,,,,,,,False,,,not_target,False,not_target,False,not_target,False,not_target,False
,Daleys Fruit Tree Nursery,"36 Daleys Ln
Geneva NSW 2474
Australia",Non-networked,3,AC,AC,-28.615544,152.9901087,Kyogle Council,2474,Destination Charging R2,112,Richmond - Tweed,New South Wales,ev_01107,,not_target,,,,,,,,,,,,,,,,,False,,,not_target,False,not_target,False,not_target,False,not_target,False
,Rainbow Power Company,"1 Alternative Way, Nimbin NSW 2480",Non-networked,2,AC,AC,-28.5953327,153.226753,Lismore City Council,2480,Existing Destination Chargers,112,Richmond - Tweed,New South Wales,ev_01108,,not_target,,,,,,,,,,,,,,,,,False,,,not_target,False,not_target,False,not_target,False,not_target,False
,Elements of Byron,"144 Bayshore Dr, Byron Bay NSW 2481",Non-networked,2,AC,AC,-28.6258868,153.587066,Byron Shire Council,2481,Existing Destination Chargers,112,Richmond - Tweed,New South Wales,ev_01109,,not_target,,,,,,,,,,,,,,,,,False,,,not_target,False,not_target,False,not_target,False,not_target,False
,Big 4 Holiday Park,"282 O'Keefes Ln, Palmers Island NSW 2463",Non-networked,2,AC,AC,-29.3948401,153.3121179,Clarence Valley Council,2463,Existing Destination Chargers,104,Coffs Harbour - Grafton,New South Wales,ev_01110,,not_target,,,,,,,,,,,,,,,,,False,,,not_target,False,not_target,False,not_target,False,not_target,False
,Barrons Tyre & Mechanical,"74/76 Dalgarno St, Coonabarabran NSW 2357",Non-networked,1,AC,AC,-31.2731036,149.2792177,Warrumbungle Shire Council,2357,Existing Destination Chargers,105,Far West and Orana,New South Wales,ev_01111,,not_target,,,,,,,,,,,,,,,,,False,,,not_target,False,not_target,False,not_target,False,not_target,False
,Narrabri & District Citizens Boys Club,65A Barwan Street Narrabri NSW,Non-networked,1,AC,AC,-30.3278608,149.785666,Gwydir Shire Council,2390,Existing Destination Chargers,110,New England and North West,New South Wales,ev_01112,,not_target,,,,,,,,,,,,,,,,,False,,,not_target,False,not_target,False,not_target,False,not_target,False
,Quest Tamworth,"337 Armidale Rd, Tamworth NSW 2340",Non-networked,1,AC,AC,-31.1001019,150.9407339,Tamworth Regional Council,2340,Existing Destination Chargers,110,New England and North West,New South Wales,ev_01113,,not_target,,,,,,,,,,,,,,,,,False,,,not_target,False,not_target,False,not_target,False,not_target,False
,Forster Community Charger,"2/19 Boundary St, Forster NSW 2428",Non-networked,1,AC,AC,-32.1868894,152.5279036,Mid-Coast Council,2428,Existing Destination Chargers,108,Mid North Coast,New South Wales,ev_01114,,not_target,,,,,,,,,,,,,,,,,False,,,not_target,False,not_target,False,not_target,False,not_target,False
,Mid Coast Council,"2 Pulteney St, Taree NSW 2430",Non-networked,2,AC,AC,-31.9150148,152.4599834,Mid-Coast Council,2430,Existing Destination Chargers,108,Mid North Coast,New South Wales,ev_01115,,not_target,,,,,,,,,,,,,,,,,False,,,not_target,False,not_target,False,not_target,False,not_target,False
,Peak Coffee Brew Lab & Roastery.,"30 Jambali Rd
Port Macquarie NSW 2444
Australia",Non-networked,3,AC,AC,-31.4512795,152.8861637,Port Macquarie-Hastings Council,2444,Destination Charging R2,108,Mid North Coast,New South Wales,ev_01116,,not_target,,,,,,,,,,,,,,,,,False,,,not_target,False,not_target,False,not_target,False,not_target,False
,Upper Hunter Automotive,"15-17 Rutherford Rd, Muswellbrook NSW 2333",Non-networked,1,AC,AC,-32.2836184,150.8952856,Muswellbrook Shire Council,2333,Existing Destination Chargers,106,Hunter Valley exc Newcastle,New South Wales,ev_01117,,not_target,,,,,,,,,,,,,,,,,False,,,not_target,False,not_target,False,not_target,False,not_target,False
,Flynns on Surf Beach Villas,"25 Surf St, Port Macquarie NSW 2444",Non-networked,6,AC,AC,-31.4431677,152.923258,Port Macquarie-Hastings Council,2444,Existing Destination Chargers,108,Mid North Coast,New South Wales,ev_01118,,not_target,,,,,,,,,,,,,,,,,False,,,not_target,False,not_target,False,not_target,False,not_target,False
,Mid Coast Council,"1 Biripi Wy, Taree South NSW 2430",Non-networked,2,AC,AC,-31.9341846,152.4649828,Mid-Coast Council,2430,Existing Destination Chargers,108,Mid North Coast,New South Wales,ev_01119,,not_target,,,,,,,,,,,,,,,,,False,,,not_target,False,not_target,False,not_target,False,not_target,False
,Skimstone Wines,"1307 Castlereagh Hwy, Apple Tree Flat NSW 2850",Non-networked,2,AC,AC,-32.6811112,149.7051024,Mid-Western Regional Council,2850,Existing Destination Chargers,103,Central West,New South Wales,ev_01120,,not_target,,,,,,,,,,,,,,,,,False,,,not_target,False,not_target,False,not_target,False,not_target,False
,Mudgee Meat,"82 Depot Rd
Mudgee NSW 2850
Australia",Non-networked,2,AC,AC,-32.6122194,149.5958673,Mid-Western Regional Council,2850,Destination Charging R2,103,Central West,New South Wales,ev_01121,,not_target,,,,,,,,,,,,,,,,,False,,,not_target,False,not_target,False,not_target,False,not_target,False
,ThumbPrint Wines,"491 Ulan Rd
Eurunderee NSW 2850
Australia",Non-networked,1,AC,AC,-32.5608395,149.6246799,Mid-Western Regional Council,2850,Destination Charging R2,103,Central West,New South Wales,ev_01122,,not_target,,,,,,,,,,,,,,,,,False,,,not_target,False,not_target,False,not_target,False,not_target,False
,SPS Solar Pumping Solutions,"28 B55, Mudgee NSW 2850",Non-networked,1,AC,AC,-32.6064384,149.5987968,Mid-Western Regional Council,2850,Existing Destination Chargers,103,Central West,New South Wales,ev_01123,,not_target,,,,,,,,,,,,,,,,,False,,,not_target,False,not_target,False,not_target,False,not_target,False
,Coles Huntlee,"22 Empire St, Branxton NSW 2335",Non-networked,2,AC,AC,-32.6698934,151.3507552,Cessnock City Council,2335,Existing Destination Chargers,106,Hunter Valley exc Newcastle,New South Wales,ev_01124,,not_target,,,,,,,,,,,,,,,,,False,,,not_target,False,not_target,False,not_target,False,not_target,False
,McCaffrey's Estate Winery,"614 Hermitage Rd
Pokolbin NSW 2320
Australia",Non-networked,4,AC,AC,-32.7026979,151.2582555,Singleton Council,2320,Destination Charging R2,106,Hunter Valley exc Newcastle,New South Wales,ev_01125,,not_target,,,,,,,,,,,,,,,,,False,,,not_target,False,not_target,False,not_target,False,not_target,False
,Hunter Gleann - Hunter Valley Farm Stay Accommodation,"545 Hermitage Rd
Pokolbin NSW 2320
Australia",Non-networked,1,AC,AC,-32.6937456,151.2623294,Singleton Council,2320,Destination Charging R2,106,Hunter Valley exc Newcastle,New South Wales,ev_01126,,not_target,,,,,,,,,,,,,,,,,False,,,not_target,False,not_target,False,not_target,False,not_target,False
,Albatross Marina,"44 Cook Parade, Lemon Tree Passage NSW 2319",Non-networked,2,AC,AC,-32.7310234,152.0398771,Port Stephens Council,2319,Existing Destination Chargers,106,Hunter Valley exc Newcastle,New South Wales,ev_01127,,not_target,,,,,,,,,,,,,,,,,False,,,not_target,False,not_target,False,not_target,False,not_target,False
,HIES Electrical Services,"22-24 Almond St, Denman NSW 2328",Non-networked,3,AC,AC,-32.3831889,150.6818803,Muswellbrook Shire Council,2328,Existing Destination Chargers,106,Hunter Valley exc Newcastle,New South Wales,ev_01128,,not_target,,,,,,,,,,,,,,,,,False,,,not_target,False,not_target,False,not_target,False,not_target,False
,Zig Zag Railway,"840 Chifley Rd, Clarence NSW 2790",Non-networked,2,AC,AC,-33.4773043,150.2210313,"Lithgow Council, City of",2790,Existing Destination Chargers,103,Central West,New South Wales,ev_01129,,not_target,,,,,,,,,,,,,,,,,False,,,not_target,False,not_target,False,not_target,False,not_target,False
,The Remington Orange,"1517 Forest Rd, Orange NSW 2800",Non-networked,6,AC,AC,-33.315586,149.0901336,Cabonne Council,2800,Existing Destination Chargers,103,Central West,New South Wales,ev_01130,,not_target,,,,,,,,,,,,,,,,,False,,,not_target,False,not_target,False,not_target,False,not_target,False
,Angullong Wines,"37 Victoria St, Millthorpe NSW 2798",Non-networked,1,AC,AC,-33.4457664,149.1845894,Blayney Shire Council,2798,Existing Destination Chargers,103,Central West,New South Wales,ev_01131,,not_target,,,,,,,,,,,,,,,,,False,,,not_target,False,not_target,False,not_target,False,not_target,False
,Landcare & Sustainable Living Centre,"110 York St, Booragul NSW 2284",Non-networked,2,AC,AC,-32.9683375,151.6061284,Lake Macquarie City Council,2284,Existing Destination Chargers,111,Newcastle and Lake Macquarie,New South Wales,ev_01132,,not_target,,,,,,,,,,,,,,,,,False,,,not_target,False,not_target,False,not_target,False,not_target,False
,Trading Post Laguna,"3718 Great N Rd, Laguna NSW 2325",Non-networked,1,AC,AC,-32.9904306,151.1307057,Cessnock City Council,2325,Existing Destination Chargers,106,Hunter Valley exc Newcastle,New South Wales,ev_01133,,not_target,,,,,,,,,,,,,,,,,False,,,not_target,False,not_target,False,not_target,False,not_target,False
,Hunter Wetlands Centre Australia,"1 Wetlands Pl, Shortland NSW 2307",Non-networked,2,AC,AC,-32.8763468,151.6966329,Newcastle City Council,2307,Existing Destination Chargers,111,Newcastle and Lake Macquarie,New South Wales,ev_01134,,not_target,,,,,,,,,,,,,,,,,False,,,not_target,False,not_target,False,not_target,False,not_target,False
,Kinda Kapers,"200 Pacific Hwy, Belmont North NSW 2280",Non-networked,2,AC,AC,-33.0101433,151.6726865,Lake Macquarie City Council,2280,Existing Destination Chargers,111,Newcastle and Lake Macquarie,New South Wales,ev_01135,,not_target,,,,,,,,,,,,,,,,,False,,,not_target,False,not_target,False,not_target,False,not_target,False
,Caves Coastal Bar and Bungalows,"27 Mawson Cl, Caves Beach NSW 2281",Non-networked,4,AC,AC,-33.1047207,151.6476497,Lake Macquarie City Council,2281,Existing Destination Chargers,111,Newcastle and Lake Macquarie,New South Wales,ev_01136,,not_target,,,,,,,,,,,,,,,,,False,,,not_target,False,not_target,False,not_target,False,not_target,False
,Fenwick's Marina,"31-33 Brooklyn Rd, Brooklyn NSW 2083",Non-networked,1,AC,AC,-33.5493918,151.2016162,"Hornsby, The Council of the Shire of",2083,Existing Destination Chargers,121,Sydney - North Sydney and Hornsby,New South Wales,ev_01137,,not_target,,,,,,,,,,,,,,,,,False,,,not_target,False,not_target,False,not_target,False,not_target,False
,,"1190 Tunnel Rd
Talmalmo NSW 2640
Australia",Non-networked,1,AC,AC,-35.9151139,147.3226129,Greater Hume Shire Council,2640,Destination Charging R1,109,Murray,New South Wales,ev_01138,,not_target,,,,,,,,,,,,,,,,,False,,,not_target,False,not_target,False,not_target,False,not_target,False
,Mount Airlie,"34 Woodstock Rd, Woodstock NSW 2538",Non-networked,1,AC,AC,-35.3343561,150.416016,Shoalhaven City Council,2538,Existing Destination Chargers,114,Southern Highlands and Shoalhaven,New South Wales,ev_01139,,not_target,,,,,,,,,,,,,,,,,False,,,not_target,False,not_target,False,not_target,False,not_target,False
,Queanbeyan Performing Arts Centre,"253 Crawford St, Queanbeyan NSW 2620",Non-networked,20,AC,AC,-35.3547552,149.2339358,Queanbeyan-Palerang Regional Council,2620,Existing Destination Chargers,101,Capital Region,New South Wales,ev_01140,,not_target,,,,,,,,,,,,,,,,,False,,,not_target,False,not_target,False,not_target,False,not_target,False
,Broulee Brewhouse,"71 Coronation Dr
Broulee NSW 2537
Australia",Non-networked,2,AC,AC,-35.8483145,150.1758246,Eurobodalla Shire Council,2537,Destination Charging R1,101,Capital Region,New South Wales,ev_01141,,not_target,,,,,,,,,,,,,,,,,False,,,not_target,False,not_target,False,not_target,False,not_target,False
,Mollymook Caravan Park,"32 Ilett St, Mollymook NSW 2539",Non-networked,1,AC,AC,-35.3412985,150.4649884,Shoalhaven City Council,2539,Existing Destination Chargers,114,Southern Highlands and Shoalhaven,New South Wales,ev_01142,,not_target,,,,,,,,,,,,,,,,,False,,,not_target,False,not_target,False,not_target,False,not_target,False
,Next Tech Group Albury,"3/314 Kiewa St, South Albury NSW 2640",Non-networked,1,AC,AC,-36.090319,146.914596,Albury City Council,2640,Existing Destination Chargers,109,Murray,New South Wales,ev_01143,,not_target,,,,,,,,,,,,,,,,,False,,,not_target,False,not_target,False,not_target,False,not_target,False
,Talbingo Caravan Park,"24 Whitty St, Talbingo NSW 2720",Non-networked,1,AC,AC,-35.5834847,148.2966413,Snowy Valleys Council,2720,Existing Destination Chargers,113,Riverina,New South Wales,ev_01144,,not_target,,,,,,,,,,,,,,,,,False,,,not_target,False,not_target,False,not_target,False,not_target,False
,Rainer Kwast Building & Design,"1211 Oallen Rd
Oallen NSW 2622
Australia",Non-networked,1,AC,AC,-35.163405,149.9581796,Queanbeyan-Palerang Regional Council,2622,Destination Charging R2,101,Capital Region,New South Wales,ev_01145,,not_target,,,,,,,,,,,,,,,,,False,,,not_target,False,not_target,False,not_target,False,not_target,False
,Penrose Village General Store,"901 Penrose Rd, Penrose NSW 2579",Non-networked,1,AC,AC,-34.6727199,150.2123981,Wingecarribee Shire Council,2579,Existing Destination Chargers,114,Southern Highlands and Shoalhaven,New South Wales,ev_01146,,not_target,,,,,,,,,,,,,,,,,False,,,not_target,False,not_target,False,not_target,False,not_target,False
,Kiama Community Charger,"19 Farmer St, Kiama NSW 2533",Non-networked,2,AC,AC,-34.6773742,150.849718,"Kiama, The Council of the Municipality of",2533,Existing Destination Chargers,107,Illawarra,New South Wales,ev_01147,,not_target,,,,,,,,,,,,,,,,,False,,,not_target,False,not_target,False,not_target,False,not_target,False
,Top Shops Kiama,"162 Manning St, Kiama NSW 2533",Non-networked,1,AC,AC,-34.6808237,150.8494085,"Kiama, The Council of the Municipality of",2533,Existing Destination Chargers,107,Illawarra,New South Wales,ev_01148,,not_target,,,,,,,,,,,,,,,,,False,,,not_target,False,not_target,False,not_target,False,not_target,False
,Southern Highlands Visitor Information Centre,"62-70 Main St, Mittagong NSW 2575",Non-networked,1,AC,AC,-34.4499592,150.451961,Wingecarribee Shire Council,2575,Existing Destination Chargers,114,Southern Highlands and Shoalhaven,New South Wales,ev_01149,,not_target,,,,,,,,,,,,,,,,,False,,,not_target,False,not_target,False,not_target,False,not_target,False
,The Argyle Inn,"80 Orchard St
Taralga NSW 2580
Australia",Non-networked,2,AC,AC,-34.3987498,149.8194565,Upper Lachlan Shire Council,2580,Destination Charging R2,101,Capital Region,New South Wales,ev_01150,,not_target,,,,,,,,,,,,,,,,,False,,,not_target,False,not_target,False,not_target,False,not_target,False
,Figtree Grove Shopping Centre,"19 Princes Hwy, Figtree NSW 2525",Non-networked,2,AC,AC,-34.4366153,150.8632982,Wollongong City Council,2525,Existing Destination Chargers,107,Illawarra,New South Wales,ev_01151,,not_target,,,,,,,,,,,,,,,,,False,,,not_target,False,not_target,False,not_target,False,not_target,False
,Woolworths Tahmoor,"117 Remembrance Driveway, Tahmoor NSW 2573",Non-networked,3,AC,AC,-34.2232308,150.5930417,Wollondilly Shire Council,2573,Existing Destination Chargers,123,Sydney - Outer South West,New South Wales,ev_01152,,not_target,,,,,,,,,,,,,,,,,False,,,not_target,False,not_target,False,not_target,False,not_target,False
,Bay Central,"453A Captain Cook Dr, Woolooware NSW 2230",Non-networked,4,AC,AC,-34.0384451,151.1429673,Sutherland Shire Council,2230,Existing Destination Chargers,128,Sydney - Sutherland,New South Wales,ev_01153,,not_target,,,,,,,,,,,,,,,,,False,,,not_target,False,not_target,False,not_target,False,not_target,False
,Royal Motor Yacht Club Port Hacking,"228-232 Woolooware Rd, Burraneer NSW 2230",Non-networked,2,AC,AC,-34.0624042,151.1405166,Sutherland Shire Council,2230,Existing Destination Chargers,128,Sydney - Sutherland,New South Wales,ev_01154,,not_target,,,,,,,,,,,,,,,,,False,,,not_target,False,not_target,False,not_target,False,not_target,False
,Emerald Hills Shopping Village,"5 Emerald Hills Blvd, Leppington NSW 2179",Non-networked,2,AC,AC,-33.9964797,150.7924412,Camden Council,2179,Existing Destination Chargers,127,Sydney - South West,New South Wales,ev_01155,,not_target,,,,,,,,,,,,,,,,,False,,,not_target,False,not_target,False,not_target,False,not_target,False
,,"25A Rowley St, Brighton-Le-Sands NSW 2216",Non-networked,1,AC,AC,-33.953397,151.157943,Bayside Council,2216,Existing Destination Chargers,119,Sydney - Inner South West,New South Wales,ev_01156,,not_target,,,,,,,,,,,,,,,,,False,,,not_target,False,not_target,False,not_target,False,not_target,False
,Bombay Bloomers,"49 St Pauls St, Randwick NSW 2031",Non-networked,2,AC,AC,-33.9201206,151.2437903,Randwick City Council,2031,Existing Destination Chargers,118,Sydney - Eastern Suburbs,New South Wales,ev_01157,,not_target,,,,,,,,,,,,,,,,,False,,,not_target,False,not_target,False,not_target,False,not_target,False
,St Kilda Street,"1A St Kilda St, Bexley North NSW 2207",Non-networked,1,AC,AC,-33.9412753,151.1096638,Canterbury Bankstown Council,2207,Existing Destination Chargers,119,Sydney - Inner South West,New South Wales,ev_01158,,not_target,,,,,,,,,,,,,,,,,False,,,not_target,False,not_target,False,not_target,False,not_target,False
,Dutton Plaza,"8 Dutton Ln, Cabramatta NSW 2166",Non-networked,4,AC,AC,-33.8940119,150.9348248,Fairfield City Council,2166,Existing Destination Chargers,127,Sydney - South West,New South Wales,ev_01159,,not_target,,,,,,,,,,,,,,,,,False,,,not_target,False,not_target,False,not_target,False,not_target,False
,Beauty by Jackie,"118 Mountview Ave, Narwee NSW 2209",Non-networked,1,AC,AC,-33.9494015,151.0682085,Georges River Council,2209,Existing Destination Chargers,119,Sydney - Inner South West,New South Wales,ev_01160,,not_target,,,,,,,,,,,,,,,,,False,,,not_target,False,not_target,False,not_target,False,not_target,False
,InterPark Thomas Street,"25 Thomas St, Ultimo NSW 2007",Non-networked,2,AC,AC,-33.8832473,151.1986734,"Sydney, Council of the City of",2007,Existing Destination Chargers,117,Sydney - City and Inner South,New South Wales,ev_01161,,not_target,,,,,,,,,,,,,,,,,False,,,not_target,False,not_target,False,not_target,False,not_target,False
,Strathfield Square,"5 Churchill Ave, Strathfield NSW 2135",Non-networked,1,AC,AC,-33.8721979,151.0934226,Strathfield Municipal Council,2135,Existing Destination Chargers,120,Sydney - Inner West,New South Wales,ev_01162,,not_target,,,,,,,,,,,,,,,,,False,,,not_target,False,not_target,False,not_target,False,not_target,False
,Bressington Park Dog Park,"Bressington Park, Underwood Rd, Homebush NSW 2140",Non-networked,1,AC,AC,-33.8528942,151.0801923,Strathfield Municipal Council,2140,Existing Destination Chargers,120,Sydney - Inner West,New South Wales,ev_01163,,not_target,,,,,,,,,,,,,,,,,False,,,not_target,False,not_target,False,not_target,False,not_target,False
,CIRCA 1928 Art Hotel,"588 Dean St
Albury NSW 2640
Australia",Non-networked,1,AC,AC,-36.0802119,146.914813,Albury City Council,2640,Destination Charging R2,109,Murray,New South Wales,ev_01164,,not_target,,,,,,,,,,,,,,,,,False,,,not_target,False,not_target,False,not_target,False,not_target,False
,Lake Albert Picnic Area,"29 Lake St, Lake Albert NSW 2650",Non-networked,2,AC,AC,-35.1711683,147.3792851,Wagga Wagga City Council,2650,Existing Destination Chargers,113,Riverina,New South Wales,ev_01165,,not_target,,,,,,,,,,,,,,,,,False,,,not_target,False,not_target,False,not_target,False,not_target,False
,Bridges on Meninya,"38 Meninya St
Moama NSW 2731
Australia",Non-networked,2,AC,AC,-36.1127529,144.7549308,Murray River Council,2731,Destination Charging R2,109,Murray,New South Wales,ev_01166,,not_target,,,,,,,,,,,,,,,,,False,,,not_target,False,not_target,False,not_target,False,not_target,False
,Eddy’s of Canowindra,"13 Tilga St, Canowindra NSW 2804",Non-networked,1,AC,AC,-33.5655268,148.6639309,Cabonne Council,2804,Existing Destination Chargers,103,Central West,New South Wales,ev_01167,,not_target,,,,,,,,,,,,,,,,,False,,,not_target,False,not_target,False,not_target,False,not_target,False
,Transgrid Discovery Hub,"27 Kincaid St, Wagga Wagga NSW 2650",Non-networked,2,AC,AC,-35.1036746,147.3675741,Wagga Wagga City Council,2650,Existing Destination Chargers,113,Riverina,New South Wales,ev_01168,,not_target,,,,,,,,,,,,,,,,,False,,,not_target,False,not_target,False,not_target,False,not_target,False
,Royal Hotel,"14 Olive St, Mandurama NSW 2792",Non-networked,1,AC,AC,-33.6483157,149.0750884,Blayney Shire Council,2792,Existing Destination Chargers,103,Central West,New South Wales,ev_01169,,not_target,,,,,,,,,,,,,,,,,False,,,not_target,False,not_target,False,not_target,False,not_target,False
,GT Tooling,"34 Railway Rd S, Mulgrave NSW 2756",Non-networked,4,AC,AC,-33.6281673,150.8326267,Hawkesbury City Council,2756,Existing Destination Chargers,115,Sydney - Baulkham Hills and Hawkesbury,New South Wales,ev_01170,,not_target,,,,,,,,,,,,,,,,,False,,,not_target,False,not_target,False,not_target,False,not_target,False
,Blacktown Animal Rehoming Centre,"20 Owen St, Glendenning NSW 2761",Non-networked,2,AC,AC,-33.7519596,150.8578778,Penrith City Council,2761,Existing Destination Chargers,116,Sydney - Blacktown,New South Wales,ev_01171,,not_target,,,,,,,,,,,,,,,,,False,,,not_target,False,not_target,False,not_target,False,not_target,False
,Granville Place,"38 Cowper St, Granville NSW 2142",Non-networked,3,AC,AC,-33.8321169,151.0129863,Cumberland Council,2142,Existing Destination Chargers,125,Sydney - Parramatta,New South Wales,ev_01172,,not_target,,,,,,,,,,,,,,,,,False,,,not_target,False,not_target,False,not_target,False,not_target,False
,Tallawong Village Retail,2 Conferta Ave Tallawong NSW 2762,Non-networked,35,AC,AC,-33.6923531,150.9070683,Penrith City Council,2762,Existing Destination Chargers,116,Sydney - Blacktown,New South Wales,ev_01173,,not_target,,,,,,,,,,,,,,,,,False,,,not_target,False,not_target,False,not_target,False,not_target,False
,Wenty Leagues,"50 Smith St, Wentworthville NSW 2145",Non-networked,3,AC,AC,-33.8123942,150.9629175,Cumberland Council,2145,Existing Destination Chargers,125,Sydney - Parramatta,New South Wales,ev_01174,,not_target,,,,,,,,,,,,,,,,,False,,,not_target,False,not_target,False,not_target,False,not_target,False
,Hartley Green Power,"22 Coxs River Rd, Little Hartley NSW 2790",Non-networked,3,AC,AC,-33.5671094,150.203535,"Lithgow Council, City of",2790,Existing Destination Chargers,103,Central West,New South Wales,ev_01175,,not_target,,,,,,,,,,,,,,,,,False,,,not_target,False,not_target,False,not_target,False,not_target,False
,Eastern Creek Quarter XL,"181 Rooty Hill Rd S, Eastern Creek NSW 2766",Non-networked,3,AC,AC,-33.7861419,150.8540986,Penrith City Council,2766,Existing Destination Chargers,116,Sydney - Blacktown,New South Wales,ev_01176,,not_target,,,,,,,,,,,,,,,,,False,,,not_target,False,not_target,False,not_target,False,not_target,False
,Parramatta Station Car Park,"17 Wentworth St, Parramatta NSW 2150",Non-networked,3,AC,AC,-33.8191009,151.0045604,"Parramatta, Council of the City of",2150,Existing Destination Chargers,125,Sydney - Parramatta,New South Wales,ev_01177,,not_target,,,,,,,,,,,,,,,,,False,,,not_target,False,not_target,False,not_target,False,not_target,False
,The Quays Marina,"1856 Pittwater Rd, Church Point NSW 2105",Non-networked,2,AC,AC,-33.6510249,151.2891304,Northern Beaches Council,2105,Existing Destination Chargers,122,Sydney - Northern Beaches,New South Wales,ev_01178,,not_target,,,,,,,,,,,,,,,,,False,,,not_target,False,not_target,False,not_target,False,not_target,False
,Collaroy Park and Ride,"1068 Pittwater Rd, Collaroy NSW 2097",Non-networked,2,AC,AC,-33.7307257,151.3010644,Northern Beaches Council,2097,Existing Destination Chargers,122,Sydney - Northern Beaches,New South Wales,ev_01179,,not_target,,,,,,,,,,,,,,,,,False,,,not_target,False,not_target,False,not_target,False,not_target,False
,Alchemy Charge,"230 Harbord Rd, Brookvale NSW 2100",Non-networked,1,AC,AC,-33.7605156,151.2798579,Northern Beaches Council,2100,Existing Destination Chargers,122,Sydney - Northern Beaches,New South Wales,ev_01180,,not_target,,,,,,,,,,,,,,,,,False,,,not_target,False,not_target,False,not_target,False,not_target,False
,Blackmores Campus,"20 Jubilee Ave, Warriewood NSW 2102",Non-networked,2,AC,AC,-33.6774528,151.2909109,Northern Beaches Council,2102,Existing Destination Chargers,122,Sydney - Northern Beaches,New South Wales,ev_01181,,not_target,,,,,,,,,,,,,,,,,False,,,not_target,False,not_target,False,not_target,False,not_target,False
,KFC Frenchs Forest,"20 Frenchs Forest Rd E, Frenchs Forest NSW 2086",Non-networked,1,AC,AC,-33.7515351,151.2441705,Northern Beaches Council,2086,Existing Destination Chargers,122,Sydney - Northern Beaches,New South Wales,ev_01182,,not_target,,,,,,,,,,,,,,,,,False,,,not_target,False,not_target,False,not_target,False,not_target,False
,Col Crawford BMW,"485 Pittwater Rd, Brookvale NSW 2100",Non-networked,2,AC,AC,-33.7645609,151.2705731,Northern Beaches Council,2100,Existing Destination Chargers,122,Sydney - Northern Beaches,New South Wales,ev_01183,,not_target,,,,,,,,,,,,,,,,,False,,,not_target,False,not_target,False,not_target,False,not_target,False
,Pullman Sydney Airport,"191 O'Riordan St, Mascot NSW 2020",Non-networked,2,AC,AC,-33.9274779,151.1869668,Bayside Council,2020,Existing Destination Chargers,117,Sydney - City and Inner South,New South Wales,ev_01184,,not_target,,,,,,,,,,,,,,,,,False,,,not_target,False,not_target,False,not_target,False,not_target,False
,TLE Electrical - Artarmon,"C/65 Reserve Rd, St Leonards NSW 2065",Non-networked,2,AC,AC,-33.8185641,151.1894192,North Sydney Council,2065,Existing Destination Chargers,121,Sydney - North Sydney and Hornsby,New South Wales,ev_01185,,not_target,,,,,,,,,,,,,,,,,False,,,not_target,False,not_target,False,not_target,False,not_target,False
,,"19 Nicholson St, Wollstonecraft, NSW 2065",Non-networked,2,AC,AC,-33.8269304,151.1991019,North Sydney Council,2065,Existing Destination Chargers,121,Sydney - North Sydney and Hornsby,New South Wales,ev_01186,,not_target,,,,,,,,,,,,,,,,,False,,,not_target,False,not_target,False,not_target,False,not_target,False
,Top Ryde City Shopping Centre,"129 Blaxland Rd, Ryde NSW 2112",Non-networked,2,AC,AC,-33.8123057,151.1059282,"Ryde, Council of the City of",2112,Existing Destination Chargers,126,Sydney - Ryde,New South Wales,ev_01187,,not_target,,,,,,,,,,,,,,,,,False,,,not_target,False,not_target,False,not_target,False,not_target,False
,Hume Street Park,"44 Hume St, Crows Nest NSW 2065",Non-networked,2,AC,AC,-33.8244404,151.1998787,North Sydney Council,2065,Existing Destination Chargers,121,Sydney - North Sydney and Hornsby,New South Wales,ev_01188,,not_target,,,,,,,,,,,,,,,,,False,,,not_target,False,not_target,False,not_target,False,not_target,False
,Chatswood Place,"260 Victoria Ave, Chatswood NSW 2067",Non-networked,2,AC,AC,-33.7949453,151.188291,North Sydney Council,2067,Existing Destination Chargers,121,Sydney - North Sydney and Hornsby,New South Wales,ev_01189,,not_target,,,,,,,,,,,,,,,,,False,,,not_target,False,not_target,False,not_target,False,not_target,False
,Sub Base Platypus,"120 High St, North Sydney NSW 2060",Non-networked,4,AC,AC,-33.8432089,151.2170592,North Sydney Council,2060,Existing Destination Chargers,121,Sydney - North Sydney and Hornsby,New South Wales,ev_01190,,not_target,,,,,,,,,,,,,,,,,False,,,not_target,False,not_target,False,not_target,False,not_target,False
,Sydney Opera House,"2A Macquarie St, Sydney NSW 2000",Non-networked,2,AC,AC,-33.8593398,151.2135232,"Sydney, Council of the City of",2000,Existing Destination Chargers,117,Sydney - City and Inner South,New South Wales,ev_01191,,not_target,,,,,,,,,,,,,,,,,False,,,not_target,False,not_target,False,not_target,False,not_target,False
,Darling Square Car Park,"35 Tumbalong Bvd, Haymarket NSW 2000",Non-networked,2,AC,AC,-33.8782742,151.2025947,"Sydney, Council of the City of",2000,Existing Destination Chargers,117,Sydney - City and Inner South,New South Wales,ev_01192,,not_target,,,,,,,,,,,,,,,,,False,,,not_target,False,not_target,False,not_target,False,not_target,False
,Four Points by Sheraton Sydney,"4 Central Park Ave, Chippendale NSW 2008",Non-networked,3,AC,AC,-33.8847132,151.1990103,"Sydney, Council of the City of",2008,Existing Destination Chargers,117,Sydney - City and Inner South,New South Wales,ev_01193,,not_target,,,,,,,,,,,,,,,,,False,,,not_target,False,not_target,False,not_target,False,not_target,False
,Willows Motel Goulburn and Cultural Holiday Park,"1 Day St
Goulburn NSW 2580
Australia",Non-networked,2,AC,AC,-34.747564,149.7437857,Goulburn Mulwaree Council,2580,Destination Charging R1,101,Capital Region,New South Wales,ev_01194,,not_target,,,,,,,,,,,,,,,,,False,,,not_target,False,not_target,False,not_target,False,not_target,False
,Zane Gray Caravan Park,"1 Lamont St
Bermagui NSW 2546
Australia",Non-networked,2,AC,AC,-36.4263368,150.0812421,Bega Valley Shire Council,2546,Destination Charging R2,101,Capital Region,New South Wales,ev_01195,,not_target,,,,,,,,,,,,,,,,,False,,,not_target,False,not_target,False,not_target,False,not_target,False
,Gundagai Tourist Park,"1 Nangus Rd
Gundagai NSW 2722
Australia",Non-networked,2,AC,AC,-35.06431,148.097832,Cootamundra-gundagai Regional Council,2722,Destination Charging R2,113,Riverina,New South Wales,ev_01196,,not_target,,,,,,,,,,,,,,,,,False,,,not_target,False,not_target,False,not_target,False,not_target,False
,Stone & Wood Brewery Byron Bay,"100 Centennial Cirt
Byron Bay NSW 2481
Australia",Non-networked,4,AC,AC,-28.6373442,153.5806246,Byron Shire Council,2481,Destination Charging R1,112,Richmond - Tweed,New South Wales,ev_01197,,not_target,,,,,,,,,,,,,,,,,False,,,not_target,False,not_target,False,not_target,False,not_target,False
,Garden Motor Inn,"101 West St
Gundagai NSW 2722
Australia",Non-networked,4,AC,AC,-35.0542257,148.1044927,Cootamundra-gundagai Regional Council,2722,Destination Charging R2,113,Riverina,New South Wales,ev_01198,,not_target,,,,,,,,,,,,,,,,,False,,,not_target,False,not_target,False,not_target,False,not_target,False
,Valley House,"10A Whiffens Ln
Central Tilba NSW 2546
Australia",Non-networked,1,AC,AC,-36.3120498,150.0765107,Eurobodalla Shire Council,2546,Destination Charging R2,101,Capital Region,New South Wales,ev_01199,,not_target,,,,,,,,,,,,,,,,,False,,,not_target,False,not_target,False,not_target,False,not_target,False
,Sandbar Restaurant & Bar,"11 Hawke St
Huskisson NSW 2540
Australia",Non-networked,1,AC,AC,-35.0399182,150.6720389,Shoalhaven City Council,2540,Destination Charging R2,114,Southern Highlands and Shoalhaven,New South Wales,ev_01200,,not_target,,,,,,,,,,,,,,,,,False,,,not_target,False,not_target,False,not_target,False,not_target,False
,Waterview Motel,"121 River St
Maclean NSW 2463
Australia",Non-networked,4,AC,AC,-29.4501292,153.2005031,Clarence Valley Council,2463,Destination Charging R2,104,Coffs Harbour - Grafton,New South Wales,ev_01201,,not_target,,,,,,,,,,,,,,,,,False,,,not_target,False,not_target,False,not_target,False,not_target,False
,"Rosby Wines, Gallery & Sculpture Garden","122 Strikes Ln
Eurunderee NSW 2850
Australia",Non-networked,1,AC,AC,-32.5271932,149.6240234,Mid-Western Regional Council,2850,Destination Charging R2,103,Central West,New South Wales,ev_01202,,not_target,,,,,,,,,,,,,,,,,False,,,not_target,False,not_target,False,not_target,False,not_target,False
,Reflections Coffs Harbour - Holiday Park,"123 Pacific Hwy
Coffs Harbour NSW 2450
Australia",Non-networked,4,AC,AC,-30.2926107,153.1183866,Coffs Harbour City Council,2450,Destination Charging R2,104,Coffs Harbour - Grafton,New South Wales,ev_01203,,not_target,,,,,,,,,,,,,,,,,False,,,not_target,False,not_target,False,not_target,False,not_target,False
,,"13 Glasford Cres
Kioloa NSW 2539
Australia",Non-networked,1,AC,AC,-35.5640227,150.368081,Shoalhaven City Council,2539,Destination Charging R2,114,Southern Highlands and Shoalhaven,New South Wales,ev_01204,,not_target,,,,,,,,,,,,,,,,,False,,,not_target,False,not_target,False,not_target,False,not_target,False
,Kyah Hotel,"13-17 Brightlands Ave
Blackheath NSW 2785
Australia",Non-networked,4,AC,AC,-33.6494257,150.287268,Blue Mountains City Council,2785,Destination Charging R1,124,Sydney - Outer West and Blue Mountains,New South Wales,ev_01205,,not_target,,,,,,,,,,,,,,,,,False,,,not_target,False,not_target,False,not_target,False,not_target,False
,Pet Medical,"14 Aberdeen St
Muswellbrook NSW 2333
Australia",Non-networked,4,AC,AC,-32.2517419,150.8910133,Muswellbrook Shire Council,2333,Destination Charging R2,106,Hunter Valley exc Newcastle,New South Wales,ev_01206,,not_target,,,,,,,,,,,,,,,,,False,,,not_target,False,not_target,False,not_target,False,not_target,False
,Nimmitavel Motel,"15 Stanton St
Nimmitabel NSW 2631
Australia",Non-networked,2,AC,AC,-36.505705,149.2846518,Snowy Monaro Regional Council,2631,Destination Charging R2,101,Capital Region,New South Wales,ev_01207,,not_target,,,,,,,,,,,,,,,,,False,,,not_target,False,not_target,False,not_target,False,not_target,False
,Nicholas Royal Motel,"152 Lachlan St
Hay NSW 2711
Australia",Non-networked,2,AC,AC,-34.5078372,144.84319,Hay Shire Council,2711,Destination Charging R2,109,Murray,New South Wales,ev_01208,,not_target,,,,,,,,,,,,,,,,,False,,,not_target,False,not_target,False,not_target,False,not_target,False
,Newell Motor Inn,"16294 Newell Hwy
Gillenbah NSW 2700
Australia",Non-networked,2,AC,AC,-34.763256,146.537421,Narrandera Shire Council,2700,Destination Charging R2,113,Riverina,New South Wales,ev_01209,,not_target,,,,,,,,,,,,,,,,,False,,,not_target,False,not_target,False,not_target,False,not_target,False
,Palm View,"17 Babs Rd
Killcare Heights NSW 2257
Australia",Non-networked,1,AC,AC,-33.5242952,151.3751624,Central Coast Council,2257,Destination Charging R2,102,Central Coast,New South Wales,ev_01210,,not_target,,,,,,,,,,,,,,,,,False,,,not_target,False,not_target,False,not_target,False,not_target,False
,Hobby Sheep Farm,"170 Fernleigh Clos
Windellama NSW 2580
Australia",Non-networked,1,AC,AC,-35.02389,149.8294783,Goulburn Mulwaree Council,2580,Destination Charging R2,101,Capital Region,New South Wales,ev_01211,,not_target,,,,,,,,,,,,,,,,,False,,,not_target,False,not_target,False,not_target,False,not_target,False
,Heritage House Motel,"178 Imlay St
Eden NSW 2551
Australia",Non-networked,2,AC,AC,-37.0677683,149.9080465,Bega Valley Shire Council,2551,Destination Charging R1,101,Capital Region,New South Wales,ev_01212,,not_target,,,,,,,,,,,,,,,,,False,,,not_target,False,not_target,False,not_target,False,not_target,False
,Reflections Evans Head - Holiday Park,"18 Park St
Evans Head NSW 2473
Australia",Non-networked,4,AC,AC,-29.1153168,153.4332473,Richmond Valley Council,2473,Destination Charging R2,112,Richmond - Tweed,New South Wales,ev_01213,,not_target,,,,,,,,,,,,,,,,,False,,,not_target,False,not_target,False,not_target,False,not_target,False
,Sapphire Palms,"180 The Entrance Rd
The Entrance NSW 2261
Australia",Non-networked,2,AC,AC,-33.3502847,151.4927751,Central Coast Council,2261,Destination Charging R1,102,Central Coast,New South Wales,ev_01214,,not_target,,,,,,,,,,,,,,,,,False,,,not_target,False,not_target,False,not_target,False,not_target,False
,Acacia Rose Motor Inn,"18-20 Thule St
Barham NSW 2732
Australia",Non-networked,2,AC,AC,-35.6274657,144.1251391,Murray River Council,2732,Destination Charging R2,109,Murray,New South Wales,ev_01215,,not_target,,,,,,,,,,,,,,,,,False,,,not_target,False,not_target,False,not_target,False,not_target,False
,Hunter Valley Lodge,"188 Lomas Ln
Nulkaba NSW 2325
Australia",Non-networked,1,AC,AC,-32.7972575,151.3682454,Cessnock City Council,2325,Destination Charging R2,106,Hunter Valley exc Newcastle,New South Wales,ev_01216,,not_target,,,,,,,,,,,,,,,,,False,,,not_target,False,not_target,False,not_target,False,not_target,False
,Twin Swans Motel,"189 Glen Innes Rd
Inverell NSW 2360
Australia",Non-networked,2,AC,AC,-29.7816016,151.1323681,Inverell Shire Council,2360,Destination Charging R2,110,New England and North West,New South Wales,ev_01217,,not_target,,,,,,,,,,,,,,,,,False,,,not_target,False,not_target,False,not_target,False,not_target,False
,Bega Motel,"191 Newtown Rd
Bega NSW 2550
Australia",Non-networked,3,AC,AC,-36.6823645,149.839409,Bega Valley Shire Council,2550,Destination Charging R2,101,Capital Region,New South Wales,ev_01218,,not_target,,,,,,,,,,,,,,,,,False,,,not_target,False,not_target,False,not_target,False,not_target,False
,,"193 Great Western Hwy
Blackheath NSW 2785
Australia",Non-networked,4,AC,AC,-33.6404429,150.2856976,Blue Mountains City Council,2785,Destination Charging R2,124,Sydney - Outer West and Blue Mountains,New South Wales,ev_01219,,not_target,,,,,,,,,,,,,,,,,False,,,not_target,False,not_target,False,not_target,False,not_target,False
,Club McLean,"1A McLachlan St
Maclean NSW 2463
Australia",Non-networked,2,AC,AC,-29.4568701,153.1988112,Clarence Valley Council,2463,Destination Charging R2,104,Coffs Harbour - Grafton,New South Wales,ev_01220,,not_target,,,,,,,,,,,,,,,,,False,,,not_target,False,not_target,False,not_target,False,not_target,False
,Jervis Bay Mariners,"21 Beach St
Huskisson NSW 2540
Australia",Non-networked,1,AC,AC,-35.0484614,150.6747375,Shoalhaven City Council,2540,Destination Charging R2,114,Southern Highlands and Shoalhaven,New South Wales,ev_01221,,not_target,,,,,,,,,,,,,,,,,False,,,not_target,False,not_target,False,not_target,False,not_target,False
,Palmers Lane Estate Hunter Valley,"212 Palmers Ln
Pokolbin NSW 2320
Australia",Non-networked,4,AC,AC,-32.7531513,151.3190671,Cessnock City Council,2320,Destination Charging R2,106,Hunter Valley exc Newcastle,New South Wales,ev_01222,,not_target,,,,,,,,,,,,,,,,,False,,,not_target,False,not_target,False,not_target,False,not_target,False
,Quest Dubbo,"22 Bultje St
Dubbo NSW 2830
Australia",Non-networked,2,AC,AC,-32.2509092,148.6014178,Dubbo Regional Council,2830,Destination Charging R2,105,Far West and Orana,New South Wales,ev_01223,,not_target,,,,,,,,,,,,,,,,,False,,,not_target,False,not_target,False,not_target,False,not_target,False
,Griffith Golf Club,"22 Lloyd Prest Dr
Griffith NSW 2680
Australia",Non-networked,2,AC,AC,-34.266839,146.0620464,Griffith City Council,2680,Destination Charging R2,113,Riverina,New South Wales,ev_01224,,not_target,,,,,,,,,,,,,,,,,False,,,not_target,False,not_target,False,not_target,False,not_target,False
,Blackheath BnB,"22 Murri St
Blackheath NSW 2785
Australia",Non-networked,1,AC,AC,-33.6325307,150.2816709,Blue Mountains City Council,2785,Destination Charging R2,124,Sydney - Outer West and Blue Mountains,New South Wales,ev_01225,,not_target,,,,,,,,,,,,,,,,,False,,,not_target,False,not_target,False,not_target,False,not_target,False
,Bay Escapes | Echoes @ Fingal Bay,"23 Bent St
Fingal Bay NSW 2315
Australia",Non-networked,1,AC,AC,-32.7507927,152.1687614,Port Stephens Council,2315,Destination Charging R2,106,Hunter Valley exc Newcastle,New South Wales,ev_01226,,not_target,,,,,,,,,,,,,,,,,False,,,not_target,False,not_target,False,not_target,False,not_target,False
,Darlington Point Motel,"23 Demamiel St
Darlington Point NSW 2706
Australia",Non-networked,2,AC,AC,-34.5735734,145.9926239,Murrumbidgee Council,2706,Destination Charging R2,113,Riverina,New South Wales,ev_01227,,not_target,,,,,,,,,,,,,,,,,False,,,not_target,False,not_target,False,not_target,False,not_target,False
,Endeavour Restaurant,"233 Newcastle Rd
East Maitland NSW 2323
Australia",Non-networked,4,AC,AC,-32.7534644,151.5867019,Maitland City Council,2323,Destination Charging R2,106,Hunter Valley exc Newcastle,New South Wales,ev_01228,,not_target,,,,,,,,,,,,,,,,,False,,,not_target,False,not_target,False,not_target,False,not_target,False
,Elbourne Wines,"236 Marrowbone Rd
Pokolbin NSW 2320
Australia",Non-networked,4,AC,AC,-32.8207908,151.297099,Cessnock City Council,2320,Destination Charging R2,106,Hunter Valley exc Newcastle,New South Wales,ev_01229,,not_target,,,,,,,,,,,,,,,,,False,,,not_target,False,not_target,False,not_target,False,not_target,False
,"Holiday Rental, Hyams Beach","24 Hyam Rd
Hyams Beach NSW 2540
Australia",Non-networked,1,AC,AC,-35.1003849,150.6898881,Shoalhaven City Council,2540,Destination Charging R2,114,Southern Highlands and Shoalhaven,New South Wales,ev_01230,,not_target,,,,,,,,,,,,,,,,,False,,,not_target,False,not_target,False,not_target,False,not_target,False
,Summerhill Motor Inn,"24-26 Merimbula Dr
Merimbula NSW 2548
Australia",Non-networked,2,AC,AC,-36.8882532,149.9077513,Bega Valley Shire Council,2548,Destination Charging R1,101,Capital Region,New South Wales,ev_01231,,not_target,,,,,,,,,,,,,,,,,False,,,not_target,False,not_target,False,not_target,False,not_target,False
,Brewarrina RSL,"25 Bourke St
Brewarrina NSW 2839
Australia",Non-networked,1,AC,AC,-29.9624024,146.8568241,Brewarrina Shire Council,2839,Destination Charging R2,105,Far West and Orana,New South Wales,ev_01232,,not_target,,,,,,,,,,,,,,,,,False,,,not_target,False,not_target,False,not_target,False,not_target,False
,Pacific Palms,"26 Windsor St
Tarbuck Bay NSW 2428
Australia",Non-networked,1,AC,AC,-32.3688356,152.4814771,Mid-Coast Council,2428,Destination Charging R2,108,Mid North Coast,New South Wales,ev_01233,,not_target,,,,,,,,,,,,,,,,,False,,,not_target,False,not_target,False,not_target,False,not_target,False
,Golf Links Motel,"260 Bridge St
West Tamworth NSW 2340
Australia",Non-networked,2,AC,AC,-31.0957897,150.9110546,Tamworth Regional Council,2340,Destination Charging R2,110,New England and North West,New South Wales,ev_01234,,not_target,,,,,,,,,,,,,,,,,False,,,not_target,False,not_target,False,not_target,False,not_target,False
,Moby Dick Motel,"27-29 Yamba Rd
Yamba NSW 2464
Australia",Non-networked,2,AC,AC,-29.4341329,153.3426206,Clarence Valley Council,2464,Destination Charging R2,104,Coffs Harbour - Grafton,New South Wales,ev_01235,,not_target,,,,,,,,,,,,,,,,,False,,,not_target,False,not_target,False,not_target,False,not_target,False
,Harrington Hotel,"28 Beach St
Harrington NSW 2427
Australia",Non-networked,2,AC,AC,-31.8713968,152.6864326,Mid-Coast Council,2427,Destination Charging R1,108,Mid North Coast,New South Wales,ev_01236,,not_target,,,,,,,,,,,,,,,,,False,,,not_target,False,not_target,False,not_target,False,not_target,False
,Huskisson Beach Escape,"28 Jervis St
Huskisson NSW 2540
Australia",Non-networked,1,AC,AC,-35.0480392,150.6748735,Shoalhaven City Council,2540,Destination Charging R2,114,Southern Highlands and Shoalhaven,New South Wales,ev_01237,,not_target,,,,,,,,,,,,,,,,,False,,,not_target,False,not_target,False,not_target,False,not_target,False
,El Motor Inn,"29 Clarence St
Port Macquarie NSW 2444
Australia",Non-networked,2,AC,AC,-31.4287429,152.9101337,Port Macquarie-Hastings Council,2444,Destination Charging R2,108,Mid North Coast,New South Wales,ev_01238,,not_target,,,,,,,,,,,,,,,,,False,,,not_target,False,not_target,False,not_target,False,not_target,False
,THYNK Cafe + Bar,"3 Bowden Way
Beresfield NSW 2322
Australia",Non-networked,3,AC,AC,-32.8032274,151.6327583,Newcastle City Council,2322,Destination Charging R2,111,Newcastle and Lake Macquarie,New South Wales,ev_01239,,not_target,,,,,,,,,,,,,,,,,False,,,not_target,False,not_target,False,not_target,False,not_target,False
,Sapphire City Motor Inn,"30/34 Glen Innes Rd
Inverell NSW 2360
Australia",Non-networked,2,AC,AC,-29.7797733,151.1203632,Inverell Shire Council,2360,Destination Charging R2,110,New England and North West,New South Wales,ev_01240,,not_target,,,,,,,,,,,,,,,,,False,,,not_target,False,not_target,False,not_target,False,not_target,False
,,"312 Tomakin Rd
Mogo (South) NSW 2536
Australia",Non-networked,2,AC,AC,-35.8010375,150.1562312,Eurobodalla Shire Council,2536,Destination Charging R2,101,Capital Region,New South Wales,ev_01241,,not_target,,,,,,,,,,,,,,,,,False,,,not_target,False,not_target,False,not_target,False,not_target,False
,Walcha Motel,"31w
Fitzroy Street
Walcha NSW 2354
Australia",Non-networked,1,AC,AC,-30.985481,151.592206,Walcha Council,2354,Destination Charging R2,110,New England and North West,New South Wales,ev_01242,,not_target,,,,,,,,,,,,,,,,,False,,,not_target,False,not_target,False,not_target,False,not_target,False
,Reflections Tuncurry - Holiday Park,"32 Beach St
Tuncurry NSW 2428
Australia",Non-networked,4,AC,AC,-32.1723603,152.5043552,Mid-Coast Council,2428,Destination Charging R2,108,Mid North Coast,New South Wales,ev_01243,,not_target,,,,,,,,,,,,,,,,,False,,,not_target,False,not_target,False,not_target,False,not_target,False
,Port Macquarie Library,"32 Grant St
Port Macquarie NSW 2444
Australia",Non-networked,4,AC,AC,-31.4337922,152.9153328,Port Macquarie-Hastings Council,2444,Destination Charging R1,108,Mid North Coast,New South Wales,ev_01244,,not_target,,,,,,,,,,,,,,,,,False,,,not_target,False,not_target,False,not_target,False,not_target,False
,Fairway Views Motor Inn,"32/34 Barooga Rd
Tocumwal NSW 2714
Australia",Non-networked,2,AC,AC,-35.8200381,145.579125,Berrigan Shire Council,2714,Destination Charging R2,109,Murray,New South Wales,ev_01245,,not_target,,,,,,,,,,,,,,,,,False,,,not_target,False,not_target,False,not_target,False,not_target,False
,,"33 High View Rd
Pretty Beach NSW 2257
Australia",Non-networked,2,AC,AC,-33.5287205,151.3436003,Central Coast Council,2257,Destination Charging R2,102,Central Coast,New South Wales,ev_01246,,not_target,,,,,,,,,,,,,,,,,False,,,not_target,False,not_target,False,not_target,False,not_target,False
,Federation Motel,"330 Honour Ave
Corowa NSW 2646
Australia",Non-networked,2,AC,AC,-35.98758,146.3983364,Federation Council,2646,Destination Charging R2,109,Murray,New South Wales,ev_01247,,not_target,,,,,,,,,,,,,,,,,False,,,not_target,False,not_target,False,not_target,False,not_target,False
,Cotswold Gardens,"34 Marsh St
Armidale NSW 2350
Australia",Non-networked,2,AC,AC,-30.506123,151.6716565,Armidale Regional Council,2350,Destination Charging R2,110,New England and North West,New South Wales,ev_01248,,not_target,,,,,,,,,,,,,,,,,False,,,not_target,False,not_target,False,not_target,False,not_target,False
,Allegiance Wines,"3446 Jingellic Rd
Mannus NSW 2653
Australia",Non-networked,2,AC,AC,-35.8039174,147.9341871,Snowy Valleys Council,2653,Destination Charging R2,113,Riverina,New South Wales,ev_01249,,not_target,,,,,,,,,,,,,,,,,False,,,not_target,False,not_target,False,not_target,False,not_target,False
,Adelaide Hotel,"36-38 Vulcan St
Moruya NSW 2537
Australia",Non-networked,2,AC,AC,-35.9086099,150.0815862,Eurobodalla Shire Council,2537,Destination Charging R1,101,Capital Region,New South Wales,ev_01250,,not_target,,,,,,,,,,,,,,,,,False,,,not_target,False,not_target,False,not_target,False,not_target,False
,,"37 West St
Gundagai NSW 2722
Australia",Non-networked,4,AC,AC,-35.0613136,148.1019369,Cootamundra-gundagai Regional Council,2722,Destination Charging R2,113,Riverina,New South Wales,ev_01251,,not_target,,,,,,,,,,,,,,,,,False,,,not_target,False,not_target,False,not_target,False,not_target,False
,,"38 Long Brush Rd
Jerrara NSW 2533
Australia",Non-networked,3,AC,AC,-34.6730792,150.8213478,The Council Of The Municipality Of Kiama,2533,Destination Charging R2,107,Illawarra,New South Wales,ev_01252,,not_target,,,,,,,,,,,,,,,,,False,,,not_target,False,not_target,False,not_target,False,not_target,False
,Melaleuca Cottage and Retreat,"381 Pinnacle Rd
Orange NSW 2800
Australia",Non-networked,2,AC,AC,-33.2992857,149.0751795,Orange City Council,2800,Destination Charging R2,103,Central West,New South Wales,ev_01253,,not_target,,,,,,,,,,,,,,,,,False,,,not_target,False,not_target,False,not_target,False,not_target,False
,Oyster Catcher Huskisson,"4 Jervis St
Huskisson NSW 2540
Australia",Non-networked,1,AC,AC,-35.0476474,150.6716324,Shoalhaven City Council,2540,Destination Charging R2,114,Southern Highlands and Shoalhaven,New South Wales,ev_01254,,not_target,,,,,,,,,,,,,,,,,False,,,not_target,False,not_target,False,not_target,False,not_target,False
,CRU Lake Mac Camp and Conference Centre,"40 Yarrawonga Park Rd
Balcolyn NSW 2264
Australia",Non-networked,4,AC,AC,-33.0961344,151.5456087,Lake Macquarie City Council,2264,Destination Charging R2,111,Newcastle and Lake Macquarie,New South Wales,ev_01255,,not_target,,,,,,,,,,,,,,,,,False,,,not_target,False,not_target,False,not_target,False,not_target,False
,Scone Equine Hospital,"406 Bunnan Rd
Scone NSW 2337
Australia",Non-networked,4,AC,AC,-32.0336355,150.8336413,Upper Hunter Shire Council,2337,Destination Charging R2,106,Hunter Valley exc Newcastle,New South Wales,ev_01256,,not_target,,,,,,,,,,,,,,,,,False,,,not_target,False,not_target,False,not_target,False,not_target,False
,Bellingen Farmstay,"417 Martells Rd
Brierfield NSW 2454
Australia",Non-networked,1,AC,AC,-30.5154968,152.9191183,Bellingen Shire Council,2454,Destination Charging R2,104,Coffs Harbour - Grafton,New South Wales,ev_01257,,not_target,,,,,,,,,,,,,,,,,False,,,not_target,False,not_target,False,not_target,False,not_target,False
,Cedar Lodge Cabins,"42 Great Western Hwy
Mount Victoria NSW 2786
Australia",Non-networked,2,AC,AC,-33.585202,150.2478544,Blue Mountains City Council,2786,Destination Charging R2,124,Sydney - Outer West and Blue Mountains,New South Wales,ev_01258,,not_target,,,,,,,,,,,,,,,,,False,,,not_target,False,not_target,False,not_target,False,not_target,False
,Clock Tower Motor Inn,"47 Dalgarno St
Coonabarabran NSW 2357
Australia",Non-networked,1,AC,AC,-31.2730884,149.2777807,Warrumbungle Shire Council,2357,Destination Charging R2,105,Far West and Orana,New South Wales,ev_01259,,not_target,,,,,,,,,,,,,,,,,False,,,not_target,False,not_target,False,not_target,False,not_target,False
,Golf View Motel,"49 Paradise Beach Rd
Sanctuary Point NSW 2540
Australia",Non-networked,1,AC,AC,-35.1033393,150.6279103,Shoalhaven City Council,2540,Destination Charging R2,114,Southern Highlands and Shoalhaven,New South Wales,ev_01260,,not_target,,,,,,,,,,,,,,,,,False,,,not_target,False,not_target,False,not_target,False,not_target,False
,Snowbound,"5 Crackenback Dr
Thredbo NSW 2625
Australia",Non-networked,2,AC,AC,-36.5063281,148.2986728,Snowy Monaro Regional Council,2625,Destination Charging R1,101,Capital Region,New South Wales,ev_01261,,not_target,,,,,,,,,,,,,,,,,False,,,not_target,False,not_target,False,not_target,False,not_target,False
,Valley View,"5 Somerville St
Wentworth Falls NSW 2782
Australia",Non-networked,1,AC,AC,-33.7235158,150.3695563,Blue Mountains City Council,2782,Destination Charging R2,124,Sydney - Outer West and Blue Mountains,New South Wales,ev_01262,,not_target,,,,,,,,,,,,,,,,,False,,,not_target,False,not_target,False,not_target,False,not_target,False
,Wombat Crossing Vineyard,"530 Hermitage Rd
Pokolbin NSW 2320
Australia",Non-networked,1,AC,AC,-32.6963407,151.2560085,Singleton Council,2320,Destination Charging R2,106,Hunter Valley exc Newcastle,New South Wales,ev_01263,,not_target,,,,,,,,,,,,,,,,,False,,,not_target,False,not_target,False,not_target,False,not_target,False
,Glenella Heritage House,"56 Govetts Leap Rd
Blackheath NSW 2785
Australia",Non-networked,1,AC,AC,-33.6361604,150.2872142,Blue Mountains City Council,2785,Destination Charging R2,124,Sydney - Outer West and Blue Mountains,New South Wales,ev_01264,,not_target,,,,,,,,,,,,,,,,,False,,,not_target,False,not_target,False,not_target,False,not_target,False
,Rip Curl North Wollongong,"57-61 Flinders St, Wollongong NSW 2500",Non-networked,4,AC,AC,-34.4198217,150.8929,Wollongong City Council,2500,Existing Destination Chargers,107,Illawarra,New South Wales,ev_01265,,not_target,,,,,,,,,,,,,,,,,False,,,not_target,False,not_target,False,not_target,False,not_target,False
,Cedars Mount View,"60 Mitchells Rd
Mount View NSW 2325
Australia",Non-networked,4,AC,AC,-32.8501413,151.2561489,Cessnock City Council,2325,Destination Charging R2,106,Hunter Valley exc Newcastle,New South Wales,ev_01266,,not_target,,,,,,,,,,,,,,,,,False,,,not_target,False,not_target,False,not_target,False,not_target,False
,The Barn,"610 Waverley Rd
Gundy NSW 2337
Australia",Non-networked,1,AC,AC,-31.9453826,151.0492051,Upper Hunter Shire Council,2337,Destination Charging R2,106,Hunter Valley exc Newcastle,New South Wales,ev_01267,,not_target,,,,,,,,,,,,,,,,,False,,,not_target,False,not_target,False,not_target,False,not_target,False
,The Albury Regent Motel,"666 Dean St
Albury NSW 2640
Australia",Non-networked,2,AC,AC,-36.0798354,146.9113978,Albury City Council,2640,Destination Charging R2,109,Murray,New South Wales,ev_01268,,not_target,,,,,,,,,,,,,,,,,False,,,not_target,False,not_target,False,not_target,False,not_target,False
,Tumut Farrington Motel,"71-73 Capper St
Tumut NSW 2720
Australia",Non-networked,2,AC,AC,-35.3017613,148.2194634,Snowy Valleys Council,2720,Destination Charging R2,113,Riverina,New South Wales,ev_01269,,not_target,,,,,,,,,,,,,,,,,False,,,not_target,False,not_target,False,not_target,False,not_target,False
,de Russie Boutique Hotel Orange,"72 Hill St
Orange NSW 2800
Australia",Non-networked,4,AC,AC,-33.2818232,149.0944686,Orange City Council,2800,Destination Charging R2,103,Central West,New South Wales,ev_01270,,not_target,,,,,,,,,,,,,,,,,False,,,not_target,False,not_target,False,not_target,False,not_target,False
,Serenity Diamond Beach,"75 Sundew Ave
Diamond Beach NSW 2430
Australia",Non-networked,4,AC,AC,-32.0313214,152.542672,Mid-Coast Council,2430,Destination Charging R2,108,Mid North Coast,New South Wales,ev_01271,,not_target,,,,,,,,,,,,,,,,,False,,,not_target,False,not_target,False,not_target,False,not_target,False
,Lake Macquarie Motor Inn,"798 Pacific Hwy
Marks Point NSW 2280
Australia",Non-networked,2,AC,AC,-33.0586722,151.6517336,Lake Macquarie City Council,2280,Destination Charging R1,111,Newcastle and Lake Macquarie,New South Wales,ev_01272,,not_target,,,,,,,,,,,,,,,,,False,,,not_target,False,not_target,False,not_target,False,not_target,False
,Cobb Inlander Motel,"83 Lachlan St
Hay NSW 2711
Australia",Non-networked,4,AC,AC,-34.5108372,144.8442236,Hay Shire Council,2711,Destination Charging R2,109,Murray,New South Wales,ev_01273,,not_target,,,,,,,,,,,,,,,,,False,,,not_target,False,not_target,False,not_target,False,not_target,False
,Common People Brewing Co,"9 Dudgeons Ln
Bangalow NSW 2479
Australia",Non-networked,2,AC,AC,-28.6979431,153.5089376,Byron Shire Council,2479,Destination Charging R2,112,Richmond - Tweed,New South Wales,ev_01274,,not_target,,,,,,,,,,,,,,,,,False,,,not_target,False,not_target,False,not_target,False,not_target,False
,The Old Convent Guesthouse,"9 John St
Largs NSW 2320
Australia",Non-networked,1,AC,AC,-32.7008228,151.604682,Maitland City Council,2320,Destination Charging R2,106,Hunter Valley exc Newcastle,New South Wales,ev_01275,,not_target,,,,,,,,,,,,,,,,,False,,,not_target,False,not_target,False,not_target,False,not_target,False
,The Midge Tallong,"90 Caoura Rd
Tallong NSW 2579
Australia",Non-networked,2,AC,AC,-34.7188347,150.0854365,Goulburn Mulwaree Council,2579,Destination Charging R2,101,Capital Region,New South Wales,ev_01276,,not_target,,,,,,,,,,,,,,,,,False,,,not_target,False,not_target,False,not_target,False,not_target,False
,Greenacres Motel,"91 Federation Ave
Corowa NSW 2646
Australia",Non-networked,2,AC,AC,-36.0057314,146.3790351,Federation Council,2646,Destination Charging R2,109,Murray,New South Wales,ev_01277,,not_target,,,,,,,,,,,,,,,,,False,,,not_target,False,not_target,False,not_target,False,not_target,False
,Lyrebird's Nest Campground,"91 Koolilabah Ln
Penrose NSW 2579
Australia",Non-networked,1,AC,AC,-34.6782742,150.2188143,Wingecarribee Shire Council,2579,Destination Charging R2,114,Southern Highlands and Shoalhaven,New South Wales,ev_01278,,not_target,,,,,,,,,,,,,,,,,False,,,not_target,False,not_target,False,not_target,False,not_target,False
,Hunter Moon Country House,"919 Milbrodale Rd
Broke NSW 2330
Australia",Non-networked,1,AC,AC,-32.7456553,151.0655131,Singleton Council,2330,Destination Charging R2,106,Hunter Valley exc Newcastle,New South Wales,ev_01279,,not_target,,,,,,,,,,,,,,,,,False,,,not_target,False,not_target,False,not_target,False,not_target,False
,Reflections Bonny Hills - Holiday Park,"920 Ocean Dr
Bonny Hills NSW 2445
Australia",Non-networked,4,AC,AC,-31.5918683,152.8406094,Port Macquarie-Hastings Council,2445,Destination Charging R2,108,Mid North Coast,New South Wales,ev_01280,,not_target,,,,,,,,,,,,,,,,,False,,,not_target,False,not_target,False,not_target,False,not_target,False
,Mercure Orange,"94 Byng St
Orange NSW 2800
Australia",Non-networked,2,AC,AC,-33.2815546,149.0974677,Orange City Council,2800,Destination Charging R2,103,Central West,New South Wales,ev_01281,,not_target,,,,,,,,,,,,,,,,,False,,,not_target,False,not_target,False,not_target,False,not_target,False
,Reflections Eden,"Aslings Beach Rd
Eden NSW 2551
Australia",Non-networked,4,AC,AC,-37.0563346,149.9121501,Bega Valley Shire Council,2551,Destination Charging R2,101,Capital Region,New South Wales,ev_01282,,not_target,,,,,,,,,,,,,,,,,False,,,not_target,False,not_target,False,not_target,False,not_target,False
,Mollymook Motel,"Cnr Princes Hwy & Golf Ave
Mollymook NSW 2539
Australia",Non-networked,1,AC,AC,-35.3435245,150.4733591,Shoalhaven City Council,2539,Destination Charging R2,114,Southern Highlands and Shoalhaven,New South Wales,ev_01283,,not_target,,,,,,,,,,,,,,,,,False,,,not_target,False,not_target,False,not_target,False,not_target,False
,Reflections Lennox Head,"Cnr Ross Street & Pacific Parade
LENNOX HEAD NSW 2478
Australia",Non-networked,2,AC,AC,-28.7865684,153.5933939,Ballina Shire Council,2478,Destination Charging R2,112,Richmond - Tweed,New South Wales,ev_01284,,not_target,,,,,,,,,,,,,,,,,False,,,not_target,False,not_target,False,not_target,False,not_target,False
,Oberon Military Museum,"Dudley St
Oberon NSW 2787
Australia",Non-networked,4,AC,AC,-33.7063026,149.8629355,Oberon Council,2787,Destination Charging R1,103,Central West,New South Wales,ev_01285,,not_target,,,,,,,,,,,,,,,,,False,,,not_target,False,not_target,False,not_target,False,not_target,False
,,"Lockhart Rd
Tooleybuc NSW 2736
Australia",Non-networked,2,AC,AC,-34.9966694,143.3321113,Murray River Council,2736,Destination Charging R1,109,Murray,New South Wales,ev_01286,,not_target,,,,,,,,,,,,,,,,,False,,,not_target,False,not_target,False,not_target,False,not_target,False
,,"Opal Blvd
Korora NSW 2450
Australia",Non-networked,2,AC,AC,-30.2504419,153.1378036,Coffs Harbour City Council,2450,Destination Charging R2,104,Coffs Harbour - Grafton,New South Wales,ev_01287,,not_target,,,,,,,,,,,,,,,,,False,,,not_target,False,not_target,False,not_target,False,not_target,False
,,"Riverside Cres
Brunswick Heads NSW 2483
Australia",Non-networked,4,AC,AC,-28.5341264,153.537687,Byron Shire Council,2483,Destination Charging R2,112,Richmond - Tweed,New South Wales,ev_01288,,not_target,,,,,,,,,,,,,,,,,False,,,not_target,False,not_target,False,not_target,False,not_target,False
,,"Robertson St
Mudgee NSW 2850
Australia",Non-networked,1,AC,AC,-32.6115731,149.5911061,Mid-Western Regional Council,2850,Destination Charging R2,103,Central West,New South Wales,ev_01289,,not_target,,,,,,,,,,,,,,,,,False,,,not_target,False,not_target,False,not_target,False,not_target,False
,,"Stockton St
Nelson Bay NSW 2315
Australia",Non-networked,2,AC,AC,-32.7259601,152.1387343,Port Stephens Council,2315,Destination Charging R1,106,Hunter Valley exc Newcastle,New South Wales,ev_01290,,not_target,,,,,,,,,,,,,,,,,False,,,not_target,False,not_target,False,not_target,False,not_target,False
,Kurrara Guest House,"17 Coomonderry St
Katoomba NSW 2780
Australia",Non-networked,2,AC,AC,-33.7214354,150.3137986,Blue Mountains City Council,2780,Destination Charging R2,124,Sydney - Outer West and Blue Mountains,New South Wales,ev_01291,,not_target,,,,,,,,,,,,,,,,,False,,,not_target,False,not_target,False,not_target,False,not_target,False
,,"17 Holmwood St
Newtown NSW 2042
Australia",PLUS ES,1,AC,7 kW,-33.9039672,151.1790426,Inner West Council,2042,Kerbside Charging R1,117,Sydney - City and Inner South,New South Wales,ev_01292,,not_target,,,,,,,,,,,,,,,,,False,,,not_target,False,not_target,False,not_target,False,not_target,False
,Tathra Beach House Apartments,"17 John Taylor Cres
Tathra NSW 2550
Australia",Exploren,2,AC,AC,-36.7261746,149.9783922,Bega Valley Shire Council,2550,Destination Charging R1,101,Capital Region,New South Wales,ev_01293,,not_target,,,,,,,,,,,,,,,,,False,,,not_target,False,not_target,False,not_target,False,not_target,False
,,"17 Joseph St, Lilyfield, NSW, 2040, Australia",PLUS ES,1,AC,22 kW,-33.8715493,151.1652084,Inner West Council,2040,Kerbside Charging R1,120,Sydney - Inner West,New South Wales,ev_01294,,not_target,,,,,,,,,,,,,,,,,False,,,not_target,False,not_target,False,not_target,False,not_target,False
,,"17 Nicholson St
Wollstonecraft NSW 2065
Australia",ChargePost,4,AC,22 kW,-33.8272691,151.1993398,North Sydney Council,2065,Kerbside Charging R1,121,Sydney - North Sydney and Hornsby,New South Wales,ev_01295,,not_target,,,,,,,,,,,,,,,,,False,,,not_target,False,not_target,False,not_target,False,not_target,False
,,"1-7 Waratah Ave
Randwick NSW 2031
Australia",PLUS ES,1,AC,7 kW,-33.9139926,151.2376253,Randwick City Council,2031,Kerbside Charging R1,118,Sydney - Eastern Suburbs,New South Wales,ev_01296,,not_target,,,,,,,,,,,,,,,,,False,,,not_target,False,not_target,False,not_target,False,not_target,False
,Thrive Medical,"170 Crystal St
Broken Hill NSW 2880
Australia",Smart Charge,4,AC,AC,-31.9610108,141.4629768,Broken Hill City Council,2880,Destination Charging R1,105,Far West and Orana,New South Wales,ev_01297,,not_target,,,,,,,,,,,,,,,,,False,,,not_target,False,not_target,False,not_target,False,not_target,False
,,"170 Hawthorne Pde
Haberfield NSW 2045
Australia",EVX,2,AC,22 kW,-33.8797322,151.1448571,Inner West Council,2045,Kerbside Charging R1,120,Sydney - Inner West,New South Wales,ev_01298,,not_target,,,,,,,,,,,,,,,,,False,,,not_target,False,not_target,False,not_target,False,not_target,False
,,"173 Canterbury Road, Bankstown NSW 2200",Tesla,6,DC,175 kW,-33.9336017,151.0299345,Canterbury Bankstown Council,2200,Fast Charging R1,119,Sydney - Inner South West,New South Wales,ev_01299,"-33.933602,151.029934",review_unresolved,,,,,,,,,,,,,,,,,False,,,review_identity,False,unmatched,False,review_identity,False,review_identity,False
,Adelong Motel,"174 Maitland St
Narrabri NSW 2390
Australia",Exploren,2,AC,AC,-30.3225261,149.7819955,Narrabri Shire Council,2390,Destination Charging R2,110,New England and North West,New South Wales,ev_01300,,not_target,,,,,,,,,,,,,,,,,False,,,not_target,False,not_target,False,not_target,False,not_target,False
,Hillston Township - Library Carpark,"175 High St
Hillston NSW 2675
Australia",Exploren,2,AC,AC,-33.4850755,145.5314465,Carrathool Shire Council,2675,Destination Charging R2,113,Riverina,New South Wales,ev_01301,,not_target,,,,,,,,,,,,,,,,,False,,,not_target,False,not_target,False,not_target,False,not_target,False
,,"176 Beach St
Coogee NSW 2034
Australia",PLUS ES,1,AC,22 kW,-33.9248082,151.2569915,Randwick City Council,2034,Kerbside Charging R1,118,Sydney - Eastern Suburbs,New South Wales,ev_01302,,not_target,,,,,,,,,,,,,,,,,False,,,not_target,False,not_target,False,not_target,False,not_target,False
,,"176 Darling St
Balmain NSW 2041
Australia",PLUS ES,1,AC,22 kW,-33.8583876,151.1870534,Inner West Council,2041,Kerbside Charging R1,120,Sydney - Inner West,New South Wales,ev_01303,,not_target,,,,,,,,,,,,,,,,,False,,,not_target,False,not_target,False,not_target,False,not_target,False
,,"176 Mons Ave
Maroubra NSW 2035
Australia",EVX,2,AC,22 kW,-33.9471114,151.2549725,Randwick City Council,2035,Kerbside Charging R1,118,Sydney - Eastern Suburbs,New South Wales,ev_01304,,not_target,,,,,,,,,,,,,,,,,False,,,not_target,False,not_target,False,not_target,False,not_target,False
,Albion Park Bowling CLub,"178 Tongarra Rd
Albion Park NSW 2527
Australia",Exploren,4,AC,AC,-34.5703804,150.7686991,Shellharbour City Council,2527,Destination Charging R2,107,Illawarra,New South Wales,ev_01305,,not_target,,,,,,,,,,,,,,,,,False,,,not_target,False,not_target,False,not_target,False,not_target,False
,,"178A Campbell Pde
Bondi Beach NSW 2026
Australia",Chargefox,4,AC,22 kW,-33.8897368,151.2748812,Waverley Council,2026,Kerbside Charging R1,118,Sydney - Eastern Suburbs,New South Wales,ev_01306,,not_target,,,,,,,,,,,,,,,,,False,,,not_target,False,not_target,False,not_target,False,not_target,False
,Gillards Road,"179 Gillards Rd
Pokolbin NSW 2320
Australia",Exploren,1,AC,AC,-32.7640555,151.2915994,Cessnock City Council,2320,Destination Charging R2,106,Hunter Valley exc Newcastle,New South Wales,ev_01307,,not_target,,,,,,,,,,,,,,,,,False,,,not_target,False,not_target,False,not_target,False,not_target,False
,,"179-183 Hume St, Goulburn NSW 2580",Tesla,20,DC,175 kW,-34.7720602,149.6923766,Goulburn Mulwaree Council,2580,Fast Charging R1,101,Capital Region,New South Wales,ev_01308,"-34.772060,149.692377",review_unresolved,,,,,,,,,,,,,,,,,False,,,unmatched,False,unmatched,False,review_identity,False,review_identity,False
,,"18 Bishop St
Newport NSW 2106
Australia",EVX,2,AC,22 kW,-33.6571978,151.3152738,Northern Beaches Council,2106,Kerbside Charging R1,122,Sydney - Northern Beaches,New South Wales,ev_01309,,not_target,,,,,,,,,,,,,,,,,False,,,not_target,False,not_target,False,not_target,False,not_target,False
,,"18 Council St
Bondi Junction NSW 2022
Australia",EVX,2,AC,22 kW,-33.8940211,151.2553116,Waverley Council,2022,Kerbside Charging R1,118,Sydney - Eastern Suburbs,New South Wales,ev_01310,,not_target,,,,,,,,,,,,,,,,,False,,,not_target,False,not_target,False,not_target,False,not_target,False
,Sydney Ski Club,"18 Diggings Ter
Thredbo NSW 2625
Australia",EVUp,2,AC,AC,-36.5070831,148.3012364,Snowy Monaro Regional Council,2625,Destination Charging R1,101,Capital Region,New South Wales,ev_01311,,not_target,,,,,,,,,,,,,,,,,False,,,not_target,False,not_target,False,not_target,False,not_target,False
,Echo Point Discovery Motel,"18 Echo Point Rd
Katoomba NSW 2780
Australia",Everty,2,AC,AC,-33.7295072,150.3119694,Blue Mountains City Council,2780,Destination Charging R2,124,Sydney - Outer West and Blue Mountains,New South Wales,ev_01312,,not_target,,,,,,,,,,,,,,,,,False,,,not_target,False,not_target,False,not_target,False,not_target,False
,,"18 Holbeche Rd
Arndell Park NSW 2148
Australia",EVX,2,AC,22 kW,-33.7882888,150.8773463,Blacktown City Council,2148,Kerbside Charging R1,116,Sydney - Blacktown,New South Wales,ev_01313,,not_target,,,,,,,,,,,,,,,,,False,,,not_target,False,not_target,False,not_target,False,not_target,False
,Pelican Motor Inn,"18 Merimbula Dr
Merimbula NSW 2548
Australia",EVUp,3,AC,AC,-36.8881841,149.9085104,Bega Valley Shire Council,2548,Destination Charging R1,101,Capital Region,New South Wales,ev_01314,,not_target,,,,,,,,,,,,,,,,,False,,,not_target,False,not_target,False,not_target,False,not_target,False
,,"18 Morwick St
Strathfield NSW 2135
Australia",EVX,2,AC,22 kW,-33.8753105,151.096069,Burwood Council,2135,Kerbside Charging R1,120,Sydney - Inner West,New South Wales,ev_01315,,not_target,,,,,,,,,,,,,,,,,False,,,not_target,False,not_target,False,not_target,False,not_target,False
,,"180 Darling St
Balmain NSW 2041
Australia",PLUS ES,1,AC,7 kW,-33.8584276,151.186886,Inner West Council,2041,Kerbside Charging R1,120,Sydney - Inner West,New South Wales,ev_01316,,not_target,,,,,,,,,,,,,,,,,False,,,not_target,False,not_target,False,not_target,False,not_target,False
,Lake Conjola Bowling and Recreation Club,"180 Lake Conjola Entrance Rd
Lake Conjola NSW 2539
Australia",360 EV Charge,1,AC,AC,-35.2702399,150.4777283,Shoalhaven City Council,2539,Destination Charging R2,114,Southern Highlands and Shoalhaven,New South Wales,ev_01317,,not_target,,,,,,,,,,,,,,,,,False,,,not_target,False,not_target,False,not_target,False,not_target,False
,Blue Mountain Highway Motel,"181 Great Western Hwy
Katoomba NSW 2780
Australia",360 EV Charge,4,AC,AC,-33.7064272,150.3185388,Blue Mountains City Council,2780,Destination Charging R2,124,Sydney - Outer West and Blue Mountains,New South Wales,ev_01318,,not_target,,,,,,,,,,,,,,,,,False,,,not_target,False,not_target,False,not_target,False,not_target,False
,,"182 Evans St
Rozelle NSW 2039
Australia",PLUS ES,1,AC,22 kW,-33.8665466,151.1706697,Inner West Council,2039,Kerbside Charging R1,120,Sydney - Inner West,New South Wales,ev_01319,,not_target,,,,,,,,,,,,,,,,,False,,,not_target,False,not_target,False,not_target,False,not_target,False
,Wagga Wagga City Council,"183 Tarcutta St
Wagga Wagga NSW 2650
Australia",Smart Charge,2,AC,AC,-35.1094747,147.3734165,Wagga Wagga City Council,2650,Destination Charging R1,113,Riverina,New South Wales,ev_01320,,not_target,,,,,,,,,,,,,,,,,False,,,not_target,False,not_target,False,not_target,False,not_target,False
,Parkes International Motel,"18-32 Peak Hill Rd
Parkes NSW 2870
Australia",Exploren,2,AC,AC,-33.1236022,148.1743095,Parkes Shire Council,2870,Destination Charging R2,103,Central West,New South Wales,ev_01321,,not_target,,,,,,,,,,,,,,,,,False,,,not_target,False,not_target,False,not_target,False,not_target,False
,Tyrrell's Vineyards,"1838 Broke Rd
Pokolbin NSW 2320
Australia",Exploren,4,AC,AC,-32.7691856,151.2737075,Cessnock City Council,2320,Destination Charging R1,106,Hunter Valley exc Newcastle,New South Wales,ev_01322,,not_target,,,,,,,,,,,,,,,,,False,,,not_target,False,not_target,False,not_target,False,not_target,False
,,"185 Carrington Rd
Coogee NSW 2034
Commonwealth of Australia",PLUS ES,1,AC,22 kW,-33.9149982,151.249421,Randwick City Council,2034,Kerbside Charging R1,118,Sydney - Eastern Suburbs,New South Wales,ev_01323,,not_target,,,,,,,,,,,,,,,,,False,,,not_target,False,not_target,False,not_target,False,not_target,False
,Howlong Golf Resort,"186 Golf Club Dr
Howlong NSW 2643
Australia",Charge Hub,2,AC,AC,-35.9852945,146.6442838,Federation Council,2643,Destination Charging R2,109,Murray,New South Wales,ev_01324,,not_target,,,,,,,,,,,,,,,,,False,,,not_target,False,not_target,False,not_target,False,not_target,False
,,"188 Beattie St
Rozelle NSW 2039
Australia",EVX,2,AC,22 kW,-33.8606635,151.1726946,Inner West Council,2039,Kerbside Charging R1,120,Sydney - Inner West,New South Wales,ev_01325,,not_target,,,,,,,,,,,,,,,,,False,,,not_target,False,not_target,False,not_target,False,not_target,False
,,188 Fernleigh Rd Glenfield Park NSW 2650 Australia,Tesla,6,DC,175 kW,-35.1317745,147.3398455,Wagga Wagga City Council,2650,Fast Charging R1,113,Riverina,New South Wales,ev_01326,"-35.131774,147.339845",matched,81.08,nearby_identity,300153,Tesla Supercharger Wagga Wagga,"Fernleigh Road, Glenfield Park, Wagga Wagga, 2650",Tesla (including non-tesla),CCS (Type 2),$0.69/kWh,Public - Membership Required,,6,Operational,2024-06-25T11:19:00Z,Open Charge Map Contributors,Licensed under Creative Commons Attribution 4.0 International (CC BY 4.0),https://openchargemap.org/site/poi/details/300153,True,ocm,ocm,unmatched,False,unmatched,False,matched,True,review_identity,False
,Kyogle Council,"19 Bloore St
Kyogle NSW 2474
Australia",Exploren,2,AC,AC,-28.6215127,153.0027948,Kyogle Council,2474,Destination Charging R1,112,Richmond - Tweed,New South Wales,ev_01327,,not_target,,,,,,,,,,,,,,,,,False,,,not_target,False,not_target,False,not_target,False,not_target,False
,,"19 Queen St
Randwick NSW 2031
Australia",PLUS ES,1,AC,22 kW,-33.9186594,151.2472035,Randwick City Council,2031,Kerbside Charging R1,118,Sydney - Eastern Suburbs,New South Wales,ev_01328,,not_target,,,,,,,,,,,,,,,,,False,,,not_target,False,not_target,False,not_target,False,not_target,False
,,"19 Roseby St, Sydney, 2047",Chargefox,4,AC,22 kW,-33.85578483,151.1612082,"Canada Bay Council, City of",2047,Existing Destination Chargers,120,Sydney - Inner West,New South Wales,ev_01329,,not_target,,,,,,,,,,,,,,,,,False,,,not_target,False,not_target,False,not_target,False,not_target,False
,,"19 Spring St, Forbes, 2871",Exploren,2,AC,22 kW,-33.3841502,148.009987,Forbes Shire Council,2871,Existing Destination Chargers,103,Central West,New South Wales,ev_01330,,not_target,,,,,,,,,,,,,,,,,False,,,not_target,False,not_target,False,not_target,False,not_target,False
,Victoria and Albert Guest House,"19 Station St
Wentworth Falls NSW 2782
Australia",EVNet,3,AC,AC,-33.7095481,150.3756991,Blue Mountains City Council,2782,Destination Charging R2,124,Sydney - Outer West and Blue Mountains,New South Wales,ev_01331,,not_target,,,,,,,,,,,,,,,,,False,,,not_target,False,not_target,False,not_target,False,not_target,False
,Skylodge,"1-9 Tom Moon Ave
Temora NSW 2666
Australia",Elanga,4,AC,AC,-34.4273715,147.5152355,Temora Shire Council,2666,Destination Charging R2,113,Riverina,New South Wales,ev_01332,,not_target,,,,,,,,,,,,,,,,,False,,,not_target,False,not_target,False,not_target,False,not_target,False
,Dungog Visitor Information Centre,"191 Dowling St
Dungog NSW 2420
Australia",Exploren,4,AC,AC,-32.402119,151.7578478,Dungog Shire Council,2420,Destination Charging R2,106,Hunter Valley exc Newcastle,New South Wales,ev_01333,,not_target,,,,,,,,,,,,,,,,,False,,,not_target,False,not_target,False,not_target,False,not_target,False
,Best Western Plus All Settlers,"191 Goonoo Goonoo Rd
South Tamworth NSW 2340
Australia",360 EV Charge,2,AC,AC,-31.1067279,150.9220984,Tamworth Regional Council,2340,Destination Charging R2,110,New England and North West,New South Wales,ev_01334,,not_target,,,,,,,,,,,,,,,,,False,,,not_target,False,not_target,False,not_target,False,not_target,False
,Quirindi Library,"193 George St
Quirindi NSW 2343
Australia",Exploren,2,AC,AC,-31.5073257,150.6804784,Liverpool Plains Shire Council,2343,Destination Charging R2,110,New England and North West,New South Wales,ev_01335,,not_target,,,,,,,,,,,,,,,,,False,,,not_target,False,not_target,False,not_target,False,not_target,False
,,"1A Gloucester Ave
Burwood NSW 2134
Australia",EVX,2,AC,22 kW,-33.8748726,151.1016286,Burwood Council,2134,Kerbside Charging R1,120,Sydney - Inner West,New South Wales,ev_01336,,not_target,,,,,,,,,,,,,,,,,False,,,not_target,False,not_target,False,not_target,False,not_target,False
,,"1R Marine Pde
Maroubra NSW 2035
Australia",Chargefox,2,AC,22 kW,-33.9512131,151.2555437,Randwick City Council,2035,Kerbside Charging R1,118,Sydney - Eastern Suburbs,New South Wales,ev_01337,,not_target,,,,,,,,,,,,,,,,,False,,,not_target,False,not_target,False,not_target,False,not_target,False
,,"2 Alice St
Newtown NSW 2042
Australia",PLUS ES,1,AC,22 kW,-33.903175,151.1791034,Inner West Council,2042,Kerbside Charging R1,117,Sydney - City and Inner South,New South Wales,ev_01338,,not_target,,,,,,,,,,,,,,,,,False,,,not_target,False,not_target,False,not_target,False,not_target,False
,,"2 Allman Ave
Summer Hill NSW 2130
Australia",PLUS ES,1,AC,22 kW,-33.891353,151.1334901,Inner West Council,2130,Kerbside Charging R1,120,Sydney - Inner West,New South Wales,ev_01339,,not_target,,,,,,,,,,,,,,,,,False,,,not_target,False,not_target,False,not_target,False,not_target,False
,Tathra Beachfront Holiday Park,"2 Andy Poole Dr
Tathra NSW 2550
Australia",Exploren,4,AC,AC,-36.7226547,149.9784393,Bega Valley Shire Council,2550,Destination Charging R2,101,Capital Region,New South Wales,ev_01340,,not_target,,,,,,,,,,,,,,,,,False,,,not_target,False,not_target,False,not_target,False,not_target,False
,Yalawanyi Gunya,"2 Biripi Way
Taree South NSW 2430
Australia",Exploren,4,AC,AC,-31.9340892,152.4653805,Mid-Coast Council,2430,Destination Charging R2,108,Mid North Coast,New South Wales,ev_01341,,not_target,,,,,,,,,,,,,,,,,False,,,not_target,False,not_target,False,not_target,False,not_target,False
,Eden Motel,"2 Blue Marlin Ct
Eden NSW 2551
Australia",Elanga,2,AC,AC,-37.0509798,149.901281,Bega Valley Shire Council,2551,Destination Charging R1,101,Capital Region,New South Wales,ev_01342,,not_target,,,,,,,,,,,,,,,,,False,,,not_target,False,not_target,False,not_target,False,not_target,False
,The Pavilion Kiama,"2 Bong Bong St
Kiama NSW 2533
Australia",Exploren,4,AC,AC,-34.6748189,150.8570701,"Kiama, The Council of the Municipality of",2533,Destination Charging R2,107,Illawarra,New South Wales,ev_01343,,not_target,,,,,,,,,,,,,,,,,False,,,not_target,False,not_target,False,not_target,False,not_target,False
,,2 Bridge Rd Griffith NSW 2680 Australia,Tesla,6,DC,175 kW,-34.2922641,146.0507015,Griffith City Council,2680,Fast Charging R1,113,Riverina,New South Wales,ev_01344,"-34.292264,146.050702",matched,46.94,nearby_identity,306013,Griffith Leagues Club Southside,"2 Bridge Road, Griffith, 2680",Tesla (including non-tesla),CCS (Type 2),up to $0.92/kWh,Public - Membership Required,,6,Operational,2024-12-08T01:54:00Z,Open Charge Map Contributors,Licensed under Creative Commons Attribution 4.0 International (CC BY 4.0),https://openchargemap.org/site/poi/details/306013,True,ocm,ocm,unmatched,False,unmatched,False,matched,True,review_identity,False
,,"2 Cavendish St
Enmore NSW 2042
Australia",EVX,2,AC,22 kW,-33.8988126,151.1708415,Inner West Council,2042,Kerbside Charging R1,117,Sydney - City and Inner South,New South Wales,ev_01345,,not_target,,,,,,,,,,,,,,,,,False,,,not_target,False,not_target,False,not_target,False,not_target,False
,Parkes Shire Council Public Parking,"2 Cecile St
Parkes NSW 2870
Australia",Exploren,4,AC,AC,-33.1381751,148.1730853,Parkes Shire Council,2870,Destination Charging R2,103,Central West,New South Wales,ev_01346,,not_target,,,,,,,,,,,,,,,,,False,,,not_target,False,not_target,False,not_target,False,not_target,False
,,"2 Coast Hospital Rd
Little Bay NSW 2036
Australia",Evie Networks,2,DC,75 kW,-33.9808158,151.2498636,Randwick City Council,2036,Kerbside Charging R1,118,Sydney - Eastern Suburbs,New South Wales,ev_01347,"-33.980816,151.249864",review_unresolved,,,,,,,,,,,,,,,,,False,,,review_shared_external,False,unmatched,False,unmatched,False,unmatched,False
,Cunningham Park,"2 Copeton Dam Rd
Bingara NSW 2404
Australia",Exploren,2,AC,AC,-29.8644746,150.5771204,Gwydir Shire Council,2404,Destination Charging R2,110,New England and North West,New South Wales,ev_01348,,not_target,,,,,,,,,,,,,,,,,False,,,not_target,False,not_target,False,not_target,False,not_target,False
,,"2 Davids Rd, Haberfield NSW 2045",EVE Australia,2,AC,22 kW,-33.884617,151.1366103,Inner West Council,2045,Kerbside Charging R1,120,Sydney - Inner West,New South Wales,ev_01349,,not_target,,,,,,,,,,,,,,,,,False,,,not_target,False,not_target,False,not_target,False,not_target,False
,,"2 Diamond Bay Rd
Vaucluse NSW 2030
Australia",PLUS ES,1,AC,22 kW,-33.861029,151.2788078,Waverley Council,2030,Kerbside Charging R1,118,Sydney - Eastern Suburbs,New South Wales,ev_01350,,not_target,,,,,,,,,,,,,,,,,False,,,not_target,False,not_target,False,not_target,False,not_target,False
,,"2 George St
Marrickville NSW 2204
Australia",PLUS ES,1,AC,7 kW,-33.9046392,151.1482931,Inner West Council,2204,Kerbside Charging R1,117,Sydney - City and Inner South,New South Wales,ev_01351,,not_target,,,,,,,,,,,,,,,,,False,,,not_target,False,not_target,False,not_target,False,not_target,False
,,"2 Greycliffe Ave, Vaucluse, NSW, 2030",Chargefox,2,AC,22 kW,-33.8530998,151.2699421,Woollahra Municipal Council,2030,Kerbside Charging R1,118,Sydney - Eastern Suburbs,New South Wales,ev_01352,,not_target,,,,,,,,,,,,,,,,,False,,,not_target,False,not_target,False,not_target,False,not_target,False
,,"2 Hollywood Ave
Bondi Junction NSW 2022
Australia",PLUS ES,1,AC,7 kW,-33.8943632,151.2517721,Waverley Council,2022,Kerbside Charging R1,118,Sydney - Eastern Suburbs,New South Wales,ev_01353,,not_target,,,,,,,,,,,,,,,,,False,,,not_target,False,not_target,False,not_target,False,not_target,False
,,"2 Kelrose Ln
North Sydney NSW 2060
Australia",ChargePost,4,AC,22 kW,-33.8338656,151.2063879,North Sydney Council,2060,Kerbside Charging R1,121,Sydney - North Sydney and Hornsby,New South Wales,ev_01354,,not_target,,,,,,,,,,,,,,,,,False,,,not_target,False,not_target,False,not_target,False,not_target,False
,,"2 King St
Balmain NSW 2041
Australia",EVX,2,AC,22 kW,-33.855604,151.1760354,Inner West Council,2041,Kerbside Charging R1,120,Sydney - Inner West,New South Wales,ev_01355,,not_target,,,,,,,,,,,,,,,,,False,,,not_target,False,not_target,False,not_target,False,not_target,False
,,"2 King St
Bondi NSW 2026
Australia",PLUS ES,1,AC,22 kW,-33.8943781,151.2610931,Waverley Council,2026,Kerbside Charging R1,118,Sydney - Eastern Suburbs,New South Wales,ev_01356,,not_target,,,,,,,,,,,,,,,,,False,,,not_target,False,not_target,False,not_target,False,not_target,False
,,"2 Marion St
Leichhardt NSW 2040
Australia",EVX,2,AC,22 kW,-33.8840043,151.1564944,Inner West Council,2040,Kerbside Charging R1,120,Sydney - Inner West,New South Wales,ev_01357,,not_target,,,,,,,,,,,,,,,,,False,,,not_target,False,not_target,False,not_target,False,not_target,False
,The Sebel Kiama,"2 Minnamurra St
Kiama NSW 2533
Australia",Exploren,2,AC,AC,-34.6683431,150.8549502,"Kiama, The Council of the Municipality of",2533,Destination Charging R2,107,Illawarra,New South Wales,ev_01358,,not_target,,,,,,,,,,,,,,,,,False,,,not_target,False,not_target,False,not_target,False,not_target,False
,,2 Moonee Beach Rd Moonee Beach NSW 2450 Australia,Tesla,15,DC,175 kW,-30.204973,153.1501028,Coffs Harbour City Council,2450,Fast Charging R1,104,Coffs Harbour - Grafton,New South Wales,ev_01359,"-30.204973,153.150103",matched,68.14,nearby_identity,311704,Moonee Beach,"2 Moonee Beach Rd, Moonee Beach, 2450",Tesla (including non-tesla),CCS (Type 2),$0.56/kWh,Public - Membership Required,,15,Operational,2025-04-28T11:06:00Z,Open Charge Map Contributors,Licensed under Creative Commons Attribution 4.0 International (CC BY 4.0),https://openchargemap.org/site/poi/details/311704,True,ocm,ocm,unmatched,False,unmatched,False,matched,True,review_identity,False
,,"2 Moyes St
Marrickville NSW 2204
Australia",PLUS ES,1,AC,7 kW,-33.9143495,151.1485806,Inner West Council,2204,Kerbside Charging R1,117,Sydney - City and Inner South,New South Wales,ev_01360,,not_target,,,,,,,,,,,,,,,,,False,,,not_target,False,not_target,False,not_target,False,not_target,False
,,"2 Quarry St
Paddington NSW 2021
Australia",PLUS ES,1,AC,22 kW,-33.8833596,151.2371782,Woollahra Municipal Council,2021,Kerbside Charging R1,118,Sydney - Eastern Suburbs,New South Wales,ev_01361,,not_target,,,,,,,,,,,,,,,,,False,,,not_target,False,not_target,False,not_target,False,not_target,False
,The Surf Yamba,"2 Queen St
Yamba NSW 2464
Australia",Chargefox,2,AC,AC,-29.4371653,153.3657135,Clarence Valley Council,2464,Destination Charging R2,104,Coffs Harbour - Grafton,New South Wales,ev_01362,,not_target,,,,,,,,,,,,,,,,,False,,,not_target,False,not_target,False,not_target,False,not_target,False
,,"2 Rickard Ave
Bondi Beach NSW 2026
Australia",Chargefox,2,AC,22 kW,-33.8896656,151.2669765,Waverley Council,2026,Kerbside Charging R1,118,Sydney - Eastern Suburbs,New South Wales,ev_01363,,not_target,,,,,,,,,,,,,,,,,False,,,not_target,False,not_target,False,not_target,False,not_target,False
,Merimbula Beach Holiday Resort,"2 Short Point Rd
Merimbula NSW 2548
Australia",Exploren,4,AC,AC,-36.8866743,149.9303711,Bega Valley Shire Council,2548,Destination Charging R2,101,Capital Region,New South Wales,ev_01364,,not_target,,,,,,,,,,,,,,,,,False,,,not_target,False,not_target,False,not_target,False,not_target,False
,The Levee Central Maitland,"2 St Andrews St
Maitland NSW 2320
Australia",Exploren,2,AC,AC,-32.7300617,151.5535938,Maitland City Council,2320,Destination Charging R2,106,Hunter Valley exc Newcastle,New South Wales,ev_01365,,not_target,,,,,,,,,,,,,,,,,False,,,not_target,False,not_target,False,not_target,False,not_target,False
,,"2 Tebbutt St
Leichhardt NSW 2040
Australia",EVX,2,AC,22 kW,-33.8895146,151.1465824,Inner West Council,2040,Kerbside Charging R1,120,Sydney - Inner West,New South Wales,ev_01366,,not_target,,,,,,,,,,,,,,,,,False,,,not_target,False,not_target,False,not_target,False,not_target,False
,Bridgeview Motel,"2 The Corso
Gorokan NSW 2263
Australia",Exploren,2,AC,AC,-33.2597527,151.516506,Central Coast Council,2263,Destination Charging R2,102,Central Coast,New South Wales,ev_01367,,not_target,,,,,,,,,,,,,,,,,False,,,not_target,False,not_target,False,not_target,False,not_target,False
,Wallsend Diggers Car Park,"2 Tyrrell St
Wallsend NSW 2287
Australia",Exploren,4,AC,AC,-32.9013775,151.671176,Newcastle City Council,2287,Destination Charging R2,111,Newcastle and Lake Macquarie,New South Wales,ev_01368,,not_target,,,,,,,,,,,,,,,,,False,,,not_target,False,not_target,False,not_target,False,not_target,False
,Scenic World,"2 Violet St
Katoomba NSW 2780
Australia",Exploren,4,AC,AC,-33.7293731,150.3004285,Blue Mountains City Council,2780,Destination Charging R2,124,Sydney - Outer West and Blue Mountains,New South Wales,ev_01369,,not_target,,,,,,,,,,,,,,,,,False,,,not_target,False,not_target,False,not_target,False,not_target,False
,,"2 Wauhope Cres
South Coogee NSW 2034
Australia",PLUS ES,1,AC,22 kW,-33.9293135,151.2506444,Randwick City Council,2034,Kerbside Charging R1,118,Sydney - Eastern Suburbs,New South Wales,ev_01370,,not_target,,,,,,,,,,,,,,,,,False,,,not_target,False,not_target,False,not_target,False,not_target,False
,Twin Towns Services Club,"2 Wharf St
Tweed Heads NSW 2485
Australia",Chargefox,4,AC,AC,-28.1685927,153.5440989,Tweed Shire Council,2485,Destination Charging R1,112,Richmond - Tweed,New South Wales,ev_01371,,not_target,,,,,,,,,,,,,,,,,False,,,not_target,False,not_target,False,not_target,False,not_target,False
,,"20 Arthur St
Marrickville NSW 2204
Australia",EVE Australia,2,AC,22 kW,-33.9128493,151.1514703,Inner West Council,2204,Kerbside Charging R1,117,Sydney - City and Inner South,New South Wales,ev_01372,,not_target,,,,,,,,,,,,,,,,,False,,,not_target,False,not_target,False,not_target,False,not_target,False
,,"20 Federation Rd
Camperdown NSW 2050
Australia",PLUS ES,1,AC,22 kW,-33.8931227,151.1793112,Inner West Council,2050,Kerbside Charging R1,117,Sydney - City and Inner South,New South Wales,ev_01373,,not_target,,,,,,,,,,,,,,,,,False,,,not_target,False,not_target,False,not_target,False,not_target,False
,,"20 Johnston St
Balmain East NSW 2041
Australia",PLUS ES,1,AC,7 kW,-33.8592247,151.1940443,Inner West Council,2041,Kerbside Charging R1,120,Sydney - Inner West,New South Wales,ev_01374,,not_target,,,,,,,,,,,,,,,,,False,,,not_target,False,not_target,False,not_target,False,not_target,False
,Windale Hub,"20 Lake St
Windale NSW 2306
Australia",Everty,2,AC,AC,-32.9933682,151.6816129,Lake Macquarie City Council,2306,Destination Charging R2,111,Newcastle and Lake Macquarie,New South Wales,ev_01375,,not_target,,,,,,,,,,,,,,,,,False,,,not_target,False,not_target,False,not_target,False,not_target,False
,Wandana Brewing Co.,"20 Manns Rd
Mullumbimby NSW 2482
Australia",Noodoe,2,AC,AC,-28.5541173,153.5149182,Byron Shire Council,2482,Destination Charging R2,112,Richmond - Tweed,New South Wales,ev_01376,,not_target,,,,,,,,,,,,,,,,,False,,,not_target,False,not_target,False,not_target,False,not_target,False
,Ingenia Holiday Parks - Lake Macquarie,"20 Monterey Ave
Mannering Park NSW 2259
Australia",Exploren,4,AC,AC,-33.1504884,151.5397684,Central Coast Council,2259,Destination Charging R2,102,Central Coast,New South Wales,ev_01377,,not_target,,,,,,,,,,,,,,,,,False,,,not_target,False,not_target,False,not_target,False,not_target,False
,Ourimbah RSL Club Carpark,"20 Pacific Hwy
Ourimbah NSW 2258
Australia",Noodoe,2,AC,AC,-33.3540425,151.3696467,Central Coast Council,2258,Destination Charging R2,102,Central Coast,New South Wales,ev_01378,,not_target,,,,,,,,,,,,,,,,,False,,,not_target,False,not_target,False,not_target,False,not_target,False
,Wollongong Surf Leisure Resort,"201 Pioneer Rd
Fairy Meadow NSW 2519
Australia",Exploren,2,AC,AC,-34.3895823,150.9063737,Wollongong City Council,2519,Destination Charging R2,107,Illawarra,New South Wales,ev_01379,,not_target,,,,,,,,,,,,,,,,,False,,,not_target,False,not_target,False,not_target,False,not_target,False
,,"202 Parramatta Rd, Sydney, 2131",Chargefox,1,AC,22 kW,-33.88104509,151.1318068,Inner West Council,2131,Existing Destination Chargers,120,Sydney - Inner West,New South Wales,ev_01380,,not_target,,,,,,,,,,,,,,,,,False,,,not_target,False,not_target,False,not_target,False,not_target,False
,Corrigans Cove Resort,"204 Beach Rd
Batehaven NSW 2536
Australia",Exploren,1,AC,AC,-35.7296697,150.1960774,Eurobodalla Shire Council,2536,Destination Charging R1,101,Capital Region,New South Wales,ev_01381,,not_target,,,,,,,,,,,,,,,,,False,,,not_target,False,not_target,False,not_target,False,not_target,False
,Printhie Wines,"208 Nancarrow Ln
Nashdale NSW 2800
Australia",Chargefox,1,AC,AC,-33.3131943,149.0088591,Cabonne Council,2800,Destination Charging R2,103,Central West,New South Wales,ev_01382,,not_target,,,,,,,,,,,,,,,,,False,,,not_target,False,not_target,False,not_target,False,not_target,False
,Alloggio Hotel Thornton,"21 Poynton Pl
Thornton NSW 2322
Australia",Chargefox,2,AC,AC,-32.7944967,151.6373582,Maitland City Council,2322,Destination Charging R1,106,Hunter Valley exc Newcastle,New South Wales,ev_01383,,not_target,,,,,,,,,,,,,,,,,False,,,not_target,False,not_target,False,not_target,False,not_target,False
,Bay and Bush,"21 Pritchard Ave
Woollamia NSW 2540
Australia",Exploren,2,AC,AC,-35.0197844,150.6391028,Shoalhaven City Council,2540,Destination Charging R2,114,Southern Highlands and Shoalhaven,New South Wales,ev_01384,,not_target,,,,,,,,,,,,,,,,,False,,,not_target,False,not_target,False,not_target,False,not_target,False
,,"21 Russell St
Lilyfield NSW 2040
Australia",EVE Australia,2,AC,22 kW,-33.875569,151.1632871,Inner West Council,2040,Kerbside Charging R1,120,Sydney - Inner West,New South Wales,ev_01385,,not_target,,,,,,,,,,,,,,,,,False,,,not_target,False,not_target,False,not_target,False,not_target,False
,,"21-23 Corunna Rd
Stanmore NSW 2048
Australia",PLUS ES,1,AC,7 kW,-33.8888432,151.1710335,Inner West Council,2048,Kerbside Charging R1,117,Sydney - City and Inner South,New South Wales,ev_01386,,not_target,,,,,,,,,,,,,,,,,False,,,not_target,False,not_target,False,not_target,False,not_target,False
,Boathouse Resort,"21-23 Marine Dr
Tea Gardens NSW 2324
Australia",EVNet,4,AC,AC,-32.6623688,152.1565928,Mid-Coast Council,2324,Destination Charging R2,106,Hunter Valley exc Newcastle,New South Wales,ev_01387,,not_target,,,,,,,,,,,,,,,,,False,,,not_target,False,not_target,False,not_target,False,not_target,False
,Katoomba Town Centre Motel,"214 Katoomba St
Katoomba NSW 2780
Australia",Everty,2,AC,AC,-33.7174048,150.3112,Blue Mountains City Council,2780,Destination Charging R2,124,Sydney - Outer West and Blue Mountains,New South Wales,ev_01388,,not_target,,,,,,,,,,,,,,,,,False,,,not_target,False,not_target,False,not_target,False,not_target,False
,,"218 Katoomba St, Katoomba NSW 2780, Australia",Zeus Renewables,4,DC,175 kW,-33.7177016,150.3112897,Blue Mountains City Council,2780,Fast Charging R1,124,Sydney - Outer West and Blue Mountains,New South Wales,ev_01389,"-33.717702,150.311290",review_unresolved,,,,,,,,,,,,,,,,,False,,,unmatched,False,unmatched,False,unmatched,False,unmatched,False
,,"218 Norton St
Leichhardt NSW 2040
Australia",EVX,2,AC,22 kW,-33.8794575,151.1562844,Inner West Council,2040,Kerbside Charging R1,120,Sydney - Inner West,New South Wales,ev_01390,,not_target,,,,,,,,,,,,,,,,,False,,,not_target,False,not_target,False,not_target,False,not_target,False
,Orange Aquatic Centre,"21A Hill St
Orange NSW 2800
Australia",EVSE,1,AC,AC,-33.288714,149.0916869,Orange City Council,2800,Destination Charging R2,103,Central West,New South Wales,ev_01391,,not_target,,,,,,,,,,,,,,,,,False,,,not_target,False,not_target,False,not_target,False,not_target,False
,,"22 Bellevue Ave
Greenwich NSW 2065
Australia",PLUS ES,1,AC,22 kW,-33.824901,151.1872285,Lane Cove Municipal Council,2065,Kerbside Charging R1,121,Sydney - North Sydney and Hornsby,New South Wales,ev_01392,,not_target,,,,,,,,,,,,,,,,,False,,,not_target,False,not_target,False,not_target,False,not_target,False
,,"22 Church St
Burwood NSW 2134
Australia",EVX,2,AC,22 kW,-33.8819,151.1045,Burwood Council,2134,Kerbside Charging R1,120,Sydney - Inner West,New South Wales,ev_01393,,not_target,,,,,,,,,,,,,,,,,False,,,not_target,False,not_target,False,not_target,False,not_target,False
,The Wallangulla Motel,"22 Morilla St
Lightning Ridge NSW 2834
Australia",Exploren,4,AC,AC,-29.4292374,147.9768149,Walgett Shire Council,2834,Destination Charging R2,105,Far West and Orana,New South Wales,ev_01394,,not_target,,,,,,,,,,,,,,,,,False,,,not_target,False,not_target,False,not_target,False,not_target,False
,,"22 Stafford St
Paddington NSW 2021
Australia",PLUS ES,1,AC,22 kW,-33.8835761,151.2289348,Woollahra Municipal Council,2021,Kerbside Charging R1,118,Sydney - Eastern Suburbs,New South Wales,ev_01395,,not_target,,,,,,,,,,,,,,,,,False,,,not_target,False,not_target,False,not_target,False,not_target,False
,,"22 Ward St
North Sydney NSW 2060
Australia",ChargePost,2,AC,7 kW,-33.836149,151.2085307,North Sydney Council,2060,Kerbside Charging R1,121,Sydney - North Sydney and Hornsby,New South Wales,ev_01396,,not_target,,,,,,,,,,,,,,,,,False,,,not_target,False,not_target,False,not_target,False,not_target,False
,Milton Ulladulla Ex Services Club,"222 Princes Hwy
Ulladulla NSW 2539
Australia",Exploren,4,AC,AC,-35.3684214,150.4706082,Shoalhaven City Council,2539,Destination Charging R2,114,Southern Highlands and Shoalhaven,New South Wales,ev_01397,,not_target,,,,,,,,,,,,,,,,,False,,,not_target,False,not_target,False,not_target,False,not_target,False
,Stockmans Motel Tamworth,"2-24 Spains Ln
Kingswood NSW 2340
Australia",EVSE,4,AC,AC,-31.1647707,150.9181072,Tamworth Regional Council,2340,Destination Charging R2,110,New England and North West,New South Wales,ev_01398,,not_target,,,,,,,,,,,,,,,,,False,,,not_target,False,not_target,False,not_target,False,not_target,False
,,"225 Darley Rd
Randwick NSW 2031
Australia",PLUS ES,1,AC,22 kW,-33.9037012,151.2489288,Randwick City Council,2031,Kerbside Charging R1,118,Sydney - Eastern Suburbs,New South Wales,ev_01399,,not_target,,,,,,,,,,,,,,,,,False,,,not_target,False,not_target,False,not_target,False,not_target,False
,,"228 Moore Park Rd
Paddington NSW 2021
Australia",EVX,2,AC,22 kW,-33.8872176,151.2246061,"Sydney, Council of the City of",2021,Kerbside Charging R1,118,Sydney - Eastern Suburbs,New South Wales,ev_01400,,not_target,,,,,,,,,,,,,,,,,False,,,not_target,False,not_target,False,not_target,False,not_target,False
,,"229 Denison St
Queens Park NSW 2022
Australia",PLUS ES,1,AC,22 kW,-33.8981091,151.2434798,Waverley Council,2022,Kerbside Charging R1,118,Sydney - Eastern Suburbs,New South Wales,ev_01401,,not_target,,,,,,,,,,,,,,,,,False,,,not_target,False,not_target,False,not_target,False,not_target,False
,,"23 See St
Kingsford NSW 2032
Australia",PLUS ES,1,AC,22 kW,-33.9223723,151.2248584,Randwick City Council,2032,Kerbside Charging R1,118,Sydney - Eastern Suburbs,New South Wales,ev_01402,,not_target,,,,,,,,,,,,,,,,,False,,,not_target,False,not_target,False,not_target,False,not_target,False
,,"23 Terrace Rd
Dulwich Hill NSW 2203
Australia",PLUS ES,1,AC,22 kW,-33.9065216,151.1381499,Inner West Council,2203,Kerbside Charging R1,120,Sydney - Inner West,New South Wales,ev_01403,,not_target,,,,,,,,,,,,,,,,,False,,,not_target,False,not_target,False,not_target,False,not_target,False
,,"231 Darling St
Dubbo NSW 2830
Australia",Non-networked,1,AC,AC,-32.2525729,148.6049234,Dubbo Regional Council,2830,Destination Charging R1,105,Far West and Orana,New South Wales,ev_01404,,not_target,,,,,,,,,,,,,,,,,False,,,not_target,False,not_target,False,not_target,False,not_target,False
,,"234 Miller St
North Sydney NSW 2060
Australia",Evie Networks,4,DC,75 kW,-33.833276,151.2071934,North Sydney Council,2060,Kerbside Charging R1,121,Sydney - North Sydney and Hornsby,New South Wales,ev_01405,"-33.833276,151.207193",review_unresolved,,,,,,,,,,,,,,,,,False,,,review_shared_external,False,unmatched,False,unmatched,False,unmatched,False
,,"24 Annandale St
Annandale NSW 2038
Australia",PLUS ES,1,AC,22 kW,-33.8864798,151.1664936,Inner West Council,2038,Kerbside Charging R1,120,Sydney - Inner West,New South Wales,ev_01406,,not_target,,,,,,,,,,,,,,,,,False,,,not_target,False,not_target,False,not_target,False,not_target,False
,Ingenia Holiday Park - Bonny Hills,"24 Beach St
Bonny Hills NSW 2445
Australia",Exploren,2,AC,AC,-31.585403,152.8366221,Port Macquarie-Hastings Council,2445,Destination Charging R1,108,Mid North Coast,New South Wales,ev_01407,,not_target,,,,,,,,,,,,,,,,,False,,,not_target,False,not_target,False,not_target,False,not_target,False
,Evans Beach House,"24 Cedar St
Evans Head NSW 2473
Australia",Everty,1,AC,AC,-29.1190995,153.4284049,Richmond Valley Council,2473,Destination Charging R2,112,Richmond - Tweed,New South Wales,ev_01408,,not_target,,,,,,,,,,,,,,,,,False,,,not_target,False,not_target,False,not_target,False,not_target,False
,,"24 Fourth Ave
Seven Hills NSW 2147
Australia",EVX,2,AC,22 kW,-33.7774788,150.9411657,Blacktown City Council,2147,Kerbside Charging R1,116,Sydney - Blacktown,New South Wales,ev_01409,,not_target,,,,,,,,,,,,,,,,,False,,,not_target,False,not_target,False,not_target,False,not_target,False
,Budgewoi Bungelow,"24 Kewalo Ave
Budgewoi NSW 2262
Australia",Smart Charge,1,AC,AC,-33.2328723,151.5553734,Central Coast Council,2262,Destination Charging R2,102,Central Coast,New South Wales,ev_01410,,not_target,,,,,,,,,,,,,,,,,False,,,not_target,False,not_target,False,not_target,False,not_target,False
,Mandarin Motel Macksville,"24 Princess St
Macksville NSW 2447
Australia",Non-networked,1,AC,AC,-30.708612,152.918765,Nambucca Valley Council,2447,Destination Charging R2,108,Mid North Coast,New South Wales,ev_01411,,not_target,,,,,,,,,,,,,,,,,False,,,not_target,False,not_target,False,not_target,False,not_target,False
,Twin Towns Services Club,"2-4 Stuart St
Tweed Heads NSW 2485
Australia",Chargefox,2,AC,AC,-28.1687351,153.5429923,Tweed Shire Council,2485,Destination Charging R1,112,Richmond - Tweed,New South Wales,ev_01412,,not_target,,,,,,,,,,,,,,,,,False,,,not_target,False,not_target,False,not_target,False,not_target,False
,Hungerford Hill,"2450 Broke Rd
Pokolbin NSW 2320
Australia",EVNet,4,AC,AC,-32.7777849,151.3361371,Cessnock City Council,2320,Destination Charging R2,106,Hunter Valley exc Newcastle,New South Wales,ev_01413,,not_target,,,,,,,,,,,,,,,,,False,,,not_target,False,not_target,False,not_target,False,not_target,False
,Town Square Motel,"246 Anson St
Orange NSW 2800
Australia",EVNet,1,AC,AC,-33.2808147,149.0995133,Orange City Council,2800,Destination Charging R2,103,Central West,New South Wales,ev_01414,,not_target,,,,,,,,,,,,,,,,,False,,,not_target,False,not_target,False,not_target,False,not_target,False
,Powerhouse Hotel Tamworth by Rydges,"248 Armidale Rd
East Tamworth NSW 2340
Australia",Everty,4,AC,AC,-31.0984655,150.9407339,Tamworth Regional Council,2340,Destination Charging R2,110,New England and North West,New South Wales,ev_01415,,not_target,,,,,,,,,,,,,,,,,False,,,not_target,False,not_target,False,not_target,False,not_target,False
,Clancy's Cottage- Talbingo,"25 Bowman St
Talbingo NSW 2720
Australia",Noodoe,1,AC,AC,-35.5818285,148.3057031,Snowy Valleys Council,2720,Destination Charging R2,113,Riverina,New South Wales,ev_01416,,not_target,,,,,,,,,,,,,,,,,False,,,not_target,False,not_target,False,not_target,False,not_target,False
,Mingara Recreation Club,"25 Buller St
Port Macquarie NSW 2444
Australia",Exploren,4,AC,AC,-31.430177,152.9017453,Port Macquarie-Hastings Council,2444,Destination Charging R1,108,Mid North Coast,New South Wales,ev_01417,,not_target,,,,,,,,,,,,,,,,,False,,,not_target,False,not_target,False,not_target,False,not_target,False
,,25 Danks St Waterloo NSW 2017,Tesla,8,DC,175 kW,-33.898174,151.2117721,"Sydney, Council of the City of",2017,Fast Charging R1,117,Sydney - City and Inner South,New South Wales,ev_01418,"-33.898174,151.211772",review_unresolved,,,,,,,,,,,,,,,,,False,,,unmatched,False,unmatched,False,unmatched,False,review_identity,False
,Heritage Motor Inn Corowa,"25 Edward St
Corowa NSW 2646
Australia",Non-networked,4,AC,AC,-36.0018911,146.386422,Federation Council,2646,Destination Charging R2,109,Murray,New South Wales,ev_01419,,not_target,,,,,,,,,,,,,,,,,False,,,not_target,False,not_target,False,not_target,False,not_target,False
,,"25 Llandaff St
Bondi Junction NSW 2022
Australia",PLUS ES,1,AC,22 kW,-33.8936088,151.2523594,Waverley Council,2022,Kerbside Charging R1,118,Sydney - Eastern Suburbs,New South Wales,ev_01420,,not_target,,,,,,,,,,,,,,,,,False,,,not_target,False,not_target,False,not_target,False,not_target,False
,Bonn Abbey,"25 Nelson St
Broke NSW 2330
Australia",Exploren,2,AC,AC,-32.7454569,151.1056388,Singleton Council,2330,Destination Charging R2,106,Hunter Valley exc Newcastle,New South Wales,ev_01421,,not_target,,,,,,,,,,,,,,,,,False,,,not_target,False,not_target,False,not_target,False,not_target,False
,Ingenia Holiday Parks - Old Bar Beach,"25 Old Bar Rd
Old Bar NSW 2430
Australia",Exploren,4,AC,AC,-31.9692637,152.5883759,Mid-Coast Council,2430,Destination Charging R2,108,Mid North Coast,New South Wales,ev_01422,,not_target,,,,,,,,,,,,,,,,,False,,,not_target,False,not_target,False,not_target,False,not_target,False
,Gillieston Heights Community Hub,"25 Redwood Dr
Gillieston Heights NSW 2321
Australia",Exploren,2,AC,AC,-32.7643133,151.5311119,Maitland City Council,2321,Destination Charging R2,106,Hunter Valley exc Newcastle,New South Wales,ev_01423,,not_target,,,,,,,,,,,,,,,,,False,,,not_target,False,not_target,False,not_target,False,not_target,False
,,"25 Rockleigh Rd
Exeter NSW 2579
Australia",Chargefox,2,AC,AC,-34.6115839,150.3263907,Wingecarribee Shire Council,2579,Destination Charging R1,114,Southern Highlands and Shoalhaven,New South Wales,ev_01424,,not_target,,,,,,,,,,,,,,,,,False,,,not_target,False,not_target,False,not_target,False,not_target,False
,NRMA Parks and Resorts,"250 Sydney Rd
Kelso NSW 2795
Australia",Chargefox,2,AC,AC,-33.4185526,149.6272544,Bathurst Regional Council,2795,Destination Charging R1,103,Central West,New South Wales,ev_01425,,not_target,,,,,,,,,,,,,,,,,False,,,not_target,False,not_target,False,not_target,False,not_target,False
,The Fitz Cafe & Bar,"251 Princes Hwy
Bulli NSW 2516
Australia",Charge Hub,2,AC,AC,-34.334447,150.913523,Wollongong City Council,2516,Destination Charging R2,107,Illawarra,New South Wales,ev_01426,,not_target,,,,,,,,,,,,,,,,,False,,,not_target,False,not_target,False,not_target,False,not_target,False
,Club Maitland City,"258 New England Hwy
Rutherford NSW 2320
Australia",EVNet,1,AC,AC,-32.7188977,151.5275371,Maitland City Council,2320,Destination Charging R1,106,Hunter Valley exc Newcastle,New South Wales,ev_01427,,not_target,,,,,,,,,,,,,,,,,False,,,not_target,False,not_target,False,not_target,False,not_target,False
,Gosford RSL Club,"26 Central Coast Hwy
West Gosford NSW 2250
Australia",Exploren,4,AC,AC,-33.428325,151.3221146,Central Coast Council,2250,Destination Charging R2,102,Central Coast,New South Wales,ev_01428,,not_target,,,,,,,,,,,,,,,,,False,,,not_target,False,not_target,False,not_target,False,not_target,False
,,"26 Manion Ave
Rose Bay NSW 2029
Australia",Chargefox,2,AC,7 kW,-33.8758207,151.2631938,Woollahra Municipal Council,2029,Kerbside Charging R1,118,Sydney - Eastern Suburbs,New South Wales,ev_01429,,not_target,,,,,,,,,,,,,,,,,False,,,not_target,False,not_target,False,not_target,False,not_target,False
,,"26 Nelson St
Annandale NSW 2038
Australia",PLUS ES,1,AC,22 kW,-33.886212,151.1713996,Inner West Council,2038,Kerbside Charging R1,120,Sydney - Inner West,New South Wales,ev_01430,,not_target,,,,,,,,,,,,,,,,,False,,,not_target,False,not_target,False,not_target,False,not_target,False
,,"26 Terry St
Balmain NSW 2041
Australia",EVX,2,AC,22 kW,-33.857791,151.1713403,Inner West Council,2041,Kerbside Charging R1,120,Sydney - Inner West,New South Wales,ev_01431,,not_target,,,,,,,,,,,,,,,,,False,,,not_target,False,not_target,False,not_target,False,not_target,False
,,"260 Victoria Avenue, Chatswood, NSW 2067",Tesla,8,DC,175 kW,-33.7949453,151.188291,Willoughby City Council,2067,Fast Charging R1,121,Sydney - North Sydney and Hornsby,New South Wales,ev_01432,"-33.794945,151.188291",review_unresolved,,,,,,,,,,,,,,,,,False,,,unmatched,False,unmatched,False,review_identity,False,unmatched,False
,,"261 Clovelly Rd
Clovelly NSW 2031
Australia",PLUS ES,1,AC,22 kW,-33.9115788,151.2564223,Randwick City Council,2031,Kerbside Charging R1,118,Sydney - Eastern Suburbs,New South Wales,ev_01433,,not_target,,,,,,,,,,,,,,,,,False,,,not_target,False,not_target,False,not_target,False,not_target,False
,Maitland Town Hall,"263 High St
Maitland NSW 2320
Australia",Exploren,2,AC,AC,-32.7376522,151.5604535,Maitland City Council,2320,Destination Charging R2,106,Hunter Valley exc Newcastle,New South Wales,ev_01434,,not_target,,,,,,,,,,,,,,,,,False,,,not_target,False,not_target,False,not_target,False,not_target,False
,RedGround Truffle Hunting Lodge,"264 Titania Rd
Oberon NSW 2787
Australia",CasaCharge,1,AC,AC,-33.7443531,149.9004522,Oberon Council,2787,Destination Charging R2,103,Central West,New South Wales,ev_01435,,not_target,,,,,,,,,,,,,,,,,False,,,not_target,False,not_target,False,not_target,False,not_target,False
,,"266 Johnston St
Annandale NSW 2038
Australia",PLUS ES,1,AC,22 kW,-33.8749694,151.1732067,Inner West Council,2038,Kerbside Charging R1,120,Sydney - Inner West,New South Wales,ev_01436,,not_target,,,,,,,,,,,,,,,,,False,,,not_target,False,not_target,False,not_target,False,not_target,False
,,"267 Maroubra Rd
Maroubra NSW 2035
Australia",PLUS ES,1,AC,7 kW,-33.9424313,151.2427991,Randwick City Council,2035,Kerbside Charging R1,118,Sydney - Eastern Suburbs,New South Wales,ev_01437,,not_target,,,,,,,,,,,,,,,,,False,,,not_target,False,not_target,False,not_target,False,not_target,False
,,"27 Bennett St
Bondi NSW 2026
Australia",PLUS ES,1,AC,7 kW,-33.8953838,151.2600613,Waverley Council,2026,Kerbside Charging R1,118,Sydney - Eastern Suburbs,New South Wales,ev_01438,,not_target,,,,,,,,,,,,,,,,,False,,,not_target,False,not_target,False,not_target,False,not_target,False
,,"27 Campbell Pde
Manly Vale NSW 2093
Australia",EVX,2,AC,22 kW,-33.7814631,151.2707417,Northern Beaches Council,2093,Kerbside Charging R1,122,Sydney - Northern Beaches,New South Wales,ev_01439,,not_target,,,,,,,,,,,,,,,,,False,,,not_target,False,not_target,False,not_target,False,not_target,False
,,"270 Johnston St
Annandale NSW 2038
Australia",PLUS ES,1,AC,22 kW,-33.874576,151.1734268,Inner West Council,2038,Kerbside Charging R1,120,Sydney - Inner West,New South Wales,ev_01440,,not_target,,,,,,,,,,,,,,,,,False,,,not_target,False,not_target,False,not_target,False,not_target,False
,,"272 Johnston St
Annandale NSW 2038
Australia",PLUS ES,1,AC,22 kW,-33.8743184,151.1733625,Inner West Council,2038,Kerbside Charging R1,120,Sydney - Inner West,New South Wales,ev_01441,,not_target,,,,,,,,,,,,,,,,,False,,,not_target,False,not_target,False,not_target,False,not_target,False
,,"276 Birrell St
Bondi NSW 2026
Australia",PLUS ES,1,AC,7 kW,-33.8970528,151.2607049,Waverley Council,2026,Kerbside Charging R1,118,Sydney - Eastern Suburbs,New South Wales,ev_01442,,not_target,,,,,,,,,,,,,,,,,False,,,not_target,False,not_target,False,not_target,False,not_target,False
,Club Maitland City,"279 New England Hwy
Rutherford NSW 2320
Australia",EVNet,2,AC,AC,-32.7172344,151.5254651,Maitland City Council,2320,Destination Charging R1,106,Hunter Valley exc Newcastle,New South Wales,ev_01443,,not_target,,,,,,,,,,,,,,,,,False,,,not_target,False,not_target,False,not_target,False,not_target,False
,RIKARD Wines,"279 Old Canobolas Rd
Nashdale NSW 2800
Australia",Exploren,2,AC,AC,-33.3169464,148.9858426,Cabonne Council,2800,Destination Charging R2,103,Central West,New South Wales,ev_01444,,not_target,,,,,,,,,,,,,,,,,False,,,not_target,False,not_target,False,not_target,False,not_target,False
,,"28 Kenneth St
Tamarama NSW 2026
Australia",Chargefox,2,AC,22 kW,-33.898383,151.274253,Waverley Council,2026,Kerbside Charging R1,118,Sydney - Eastern Suburbs,New South Wales,ev_01445,,not_target,,,,,,,,,,,,,,,,,False,,,not_target,False,not_target,False,not_target,False,not_target,False
,,"2-8 Turramurra Ave
Turramurra NSW 2074
Australia",Evie Networks,4,DC,75 kW,-33.732342,151.1304142,Ku-ring-gai Council,2074,Kerbside Charging R1,121,Sydney - North Sydney and Hornsby,New South Wales,ev_01446,"-33.732342,151.130414",review_unresolved,,,,,,,,,,,,,,,,,False,,,review_shared_external,False,unmatched,False,unmatched,False,unmatched,False
,,"284 Old South Head Rd
Watsons Bay NSW 2030
Australia",EVX,2,AC,22 kW,-33.8467366,151.2836756,Woollahra Municipal Council,2030,Kerbside Charging R1,118,Sydney - Eastern Suburbs,New South Wales,ev_01447,,not_target,,,,,,,,,,,,,,,,,False,,,not_target,False,not_target,False,not_target,False,not_target,False
,,"287 Ramsay St
Haberfield NSW 2045
Australia",PLUS ES,1,AC,22 kW,-33.8735025,151.1336508,Inner West Council,2045,Kerbside Charging R1,120,Sydney - Inner West,New South Wales,ev_01448,,not_target,,,,,,,,,,,,,,,,,False,,,not_target,False,not_target,False,not_target,False,not_target,False
,Five Mile Hotel,"289 Armidale Rd
South Grafton NSW 2460
Australia",Non-networked,4,AC,AC,-29.734395,152.9400538,Clarence Valley Council,2460,Destination Charging R2,104,Coffs Harbour - Grafton,New South Wales,ev_01449,,not_target,,,,,,,,,,,,,,,,,False,,,not_target,False,not_target,False,not_target,False,not_target,False
,Moruya Golf Club,"28A Evans St
Moruya NSW 2537
Australia",Non-networked,2,AC,AC,-35.9140608,150.0752376,Eurobodalla Shire Council,2537,Destination Charging R1,101,Capital Region,New South Wales,ev_01450,,not_target,,,,,,,,,,,,,,,,,False,,,not_target,False,not_target,False,not_target,False,not_target,False
,,"29 Carrington Road
Waverley NSW 2024
Australia",EVX,2,AC,22 kW,-33.8986388,151.2530464,Waverley Council,2024,Kerbside Charging R1,118,Sydney - Eastern Suburbs,New South Wales,ev_01451,,not_target,,,,,,,,,,,,,,,,,False,,,not_target,False,not_target,False,not_target,False,not_target,False
,,"29 Day St
Leichhardt NSW 2040
Australia",PLUS ES,1,AC,7 kW,-33.8844318,151.1550948,Inner West Council,2040,Kerbside Charging R1,120,Sydney - Inner West,New South Wales,ev_01452,,not_target,,,,,,,,,,,,,,,,,False,,,not_target,False,not_target,False,not_target,False,not_target,False
,,"29 Perry St, Euston NSW 2737, Australia",NRMA,4,DC,175 kW,-34.5765963,142.7428195,Balranald Shire Council,2737,Fast Charging R1,109,Murray,New South Wales,ev_01453,"-34.576596,142.742819",review_unresolved,,,,,,,,,,,,,,,,,False,,,unmatched,False,unmatched,False,unmatched,False,unmatched,False
,Sapphire Valley Caravan Park,"29 Sapphire Coast Dr
Merimbula NSW 2548
Australia",EVUp,6,AC,AC,-36.8842524,149.9045325,Bega Valley Shire Council,2548,Destination Charging R1,101,Capital Region,New South Wales,ev_01454,,not_target,,,,,,,,,,,,,,,,,False,,,not_target,False,not_target,False,not_target,False,not_target,False
,Kyogle Council,"29 Woodenbong Rd
Bonalbo NSW 2469
Australia",Exploren,2,AC,AC,-28.7386099,152.6283683,Kyogle Council,2469,Destination Charging R1,112,Richmond - Tweed,New South Wales,ev_01455,,not_target,,,,,,,,,,,,,,,,,False,,,not_target,False,not_target,False,not_target,False,not_target,False
,291 on King,"291 King St
Newcastle NSW 2300
Australia",Charge Hub,4,AC,AC,-32.9288327,151.7679962,Newcastle City Council,2300,Destination Charging R2,111,Newcastle and Lake Macquarie,New South Wales,ev_01456,,not_target,,,,,,,,,,,,,,,,,False,,,not_target,False,not_target,False,not_target,False,not_target,False
,Hanging Tree Wines,"294 O'Connors Rd
Pokolbin NSW 2320
Australia",Chargefox,2,AC,AC,-32.808154,151.3179387,Cessnock City Council,2320,Destination Charging R1,106,Hunter Valley exc Newcastle,New South Wales,ev_01457,,not_target,,,,,,,,,,,,,,,,,False,,,not_target,False,not_target,False,not_target,False,not_target,False
,,"2A Central St
Naremburn NSW 2065
Australia",EVX,2,AC,22 kW,-33.8160598,151.2013094,Willoughby City Council,2065,Kerbside Charging R1,121,Sydney - North Sydney and Hornsby,New South Wales,ev_01458,,not_target,,,,,,,,,,,,,,,,,False,,,not_target,False,not_target,False,not_target,False,not_target,False
,,"2A Frances St
Randwick NSW 2031
Australia",PLUS ES,1,AC,22 kW,-33.9102062,151.2368764,Randwick City Council,2031,Kerbside Charging R1,118,Sydney - Eastern Suburbs,New South Wales,ev_01459,,not_target,,,,,,,,,,,,,,,,,False,,,not_target,False,not_target,False,not_target,False,not_target,False
,,"2A Liverpool St
Rose Bay NSW 2029
Australia",PLUS ES,1,AC,22 kW,-33.8750114,151.2730705,Waverley Council,2029,Kerbside Charging R1,118,Sydney - Eastern Suburbs,New South Wales,ev_01460,,not_target,,,,,,,,,,,,,,,,,False,,,not_target,False,not_target,False,not_target,False,not_target,False
,Redhead Beach Carpark,"2B Beach Rd
Redhead NSW 2290
Australia",Everty,2,AC,AC,-33.0141162,151.7168291,Lake Macquarie City Council,2290,Destination Charging R2,111,Newcastle and Lake Macquarie,New South Wales,ev_01461,,not_target,,,,,,,,,,,,,,,,,False,,,not_target,False,not_target,False,not_target,False,not_target,False
,Club Lithgow,"2C Lithgow St
Lithgow NSW 2790
Australia",EVSE,4,AC,AC,-33.4853431,150.1520203,"Lithgow Council, City of",2790,Destination Charging R2,103,Central West,New South Wales,ev_01462,,not_target,,,,,,,,,,,,,,,,,False,,,not_target,False,not_target,False,not_target,False,not_target,False
,The Entrance Leagues Club,"3 Bay Village Rd
Bateau Bay NSW 2261
Australia",Exploren,4,AC,AC,-33.3773813,151.4733724,Central Coast Council,2261,Destination Charging R1,102,Central Coast,New South Wales,ev_01463,,not_target,,,,,,,,,,,,,,,,,False,,,not_target,False,not_target,False,not_target,False,not_target,False
,,"3 Botany St
Bondi Junction NSW 2022
Australia",PLUS ES,1,AC,22 kW,-33.8933419,151.2539399,Waverley Council,2022,Kerbside Charging R1,118,Sydney - Eastern Suburbs,New South Wales,ev_01464,,not_target,,,,,,,,,,,,,,,,,False,,,not_target,False,not_target,False,not_target,False,not_target,False
,,"3 Carlton St
Kensington NSW 2033
Australia",PLUS ES,1,AC,7 kW,-33.9056579,151.2256581,Randwick City Council,2033,Kerbside Charging R1,118,Sydney - Eastern Suburbs,New South Wales,ev_01465,,not_target,,,,,,,,,,,,,,,,,False,,,not_target,False,not_target,False,not_target,False,not_target,False
,,"3 Gladstone St
Newtown NSW 2042
Australia",PLUS ES,1,AC,22 kW,-33.8975353,151.1750044,Inner West Council,2042,Kerbside Charging R1,117,Sydney - City and Inner South,New South Wales,ev_01466,,not_target,,,,,,,,,,,,,,,,,False,,,not_target,False,not_target,False,not_target,False,not_target,False
,,"3 Wardell Rd
Lewisham NSW 2049
Australia",PLUS ES,1,AC,7 kW,-33.8973542,151.1490328,Inner West Council,2049,Kerbside Charging R1,120,Sydney - Inner West,New South Wales,ev_01467,,not_target,,,,,,,,,,,,,,,,,False,,,not_target,False,not_target,False,not_target,False,not_target,False
,,"3 Weston St
Balmain East NSW 2041
Australia",EVX,2,AC,22 kW,-33.8573832,151.1953325,Inner West Council,2041,Kerbside Charging R1,120,Sydney - Inner West,New South Wales,ev_01468,,not_target,,,,,,,,,,,,,,,,,False,,,not_target,False,not_target,False,not_target,False,not_target,False
,,"3 William St
Randwick NSW 2031
Australia",PLUS ES,1,AC,7 kW,-33.9072495,151.2348588,Randwick City Council,2031,Kerbside Charging R1,118,Sydney - Eastern Suburbs,New South Wales,ev_01469,,not_target,,,,,,,,,,,,,,,,,False,,,not_target,False,not_target,False,not_target,False,not_target,False
,Muswellbrook Accommodation,"3/47 Scott St
Muswellbrook NSW 2333
Australia",Smart Charge,1,AC,AC,-32.2579664,150.8853927,Muswellbrook Shire Council,2333,Destination Charging R2,106,Hunter Valley exc Newcastle,New South Wales,ev_01470,,not_target,,,,,,,,,,,,,,,,,False,,,not_target,False,not_target,False,not_target,False,not_target,False
,Corowa RSL Club,"30 Betterment Pde
Corowa NSW 2646
Australia",Elanga,4,AC,AC,-35.9952414,146.3860076,Federation Council,2646,Destination Charging R1,109,Murray,New South Wales,ev_01471,,not_target,,,,,,,,,,,,,,,,,False,,,not_target,False,not_target,False,not_target,False,not_target,False
,Lake Macquarie Council,"30 Gommera St
Blacksmiths NSW 2281
Australia",Everty,3,AC,AC,-33.08079,151.6520571,Lake Macquarie City Council,2281,Destination Charging R1,111,Newcastle and Lake Macquarie,New South Wales,ev_01472,,not_target,,,,,,,,,,,,,,,,,False,,,not_target,False,not_target,False,not_target,False,not_target,False
,,"30 Hill St
Marrickville NSW 2204
Australia",EVE Australia,4,AC,22 kW,-33.917825,151.1456355,Inner West Council,2204,Kerbside Charging R1,117,Sydney - City and Inner South,New South Wales,ev_01473,,not_target,,,,,,,,,,,,,,,,,False,,,not_target,False,not_target,False,not_target,False,not_target,False
,,"30 Little St
Lane Cove NSW 2066
Australia",PLUS ES,1,AC,7 kW,-33.8156081,151.1716817,Lane Cove Municipal Council,2066,Kerbside Charging R1,121,Sydney - North Sydney and Hornsby,New South Wales,ev_01474,,not_target,,,,,,,,,,,,,,,,,False,,,not_target,False,not_target,False,not_target,False,not_target,False
,,"30 Military Road
North Bondi NSW 2026
Australia",EVX,2,AC,22 kW,-33.8857701,151.2842064,Waverley Council,2026,Kerbside Charging R1,118,Sydney - Eastern Suburbs,New South Wales,ev_01475,,not_target,,,,,,,,,,,,,,,,,False,,,not_target,False,not_target,False,not_target,False,not_target,False
,,"30 The Esplanade
Narrabeen NSW 2101
Australia",EVX,2,AC,22 kW,-33.7195338,151.2888594,Northern Beaches Council,2101,Kerbside Charging R1,122,Sydney - Northern Beaches,New South Wales,ev_01476,,not_target,,,,,,,,,,,,,,,,,False,,,not_target,False,not_target,False,not_target,False,not_target,False
,Orange Botanic Gardens,"300 Hill St
Orange NSW 2800
Australia",Exploren,4,AC,AC,-33.2562881,149.0975511,Orange City Council,2800,Destination Charging R2,103,Central West,New South Wales,ev_01477,,not_target,,,,,,,,,,,,,,,,,False,,,not_target,False,not_target,False,not_target,False,not_target,False
,Ingenia Holiday Park - Ulladulla,"300 Kings Point Dr
Ulladulla NSW 2539
Australia",Exploren,4,AC,AC,-35.3729386,150.4636728,Shoalhaven City Council,2539,Destination Charging R2,114,Southern Highlands and Shoalhaven,New South Wales,ev_01478,,not_target,,,,,,,,,,,,,,,,,False,,,not_target,False,not_target,False,not_target,False,not_target,False
,Antikvorem,"3020 Old Hume Hwy
Berrima NSW 2577
Australia",Elanga,8,AC,AC,-34.4656894,150.3623985,Wingecarribee Shire Council,2577,Destination Charging R1,114,Southern Highlands and Shoalhaven,New South Wales,ev_01479,,not_target,,,,,,,,,,,,,,,,,False,,,not_target,False,not_target,False,not_target,False,not_target,False
,,"31 Boronia St
Kensington NSW 2033
Australia",PLUS ES,1,AC,7 kW,-33.9062996,151.2231535,Randwick City Council,2033,Kerbside Charging R1,118,Sydney - Eastern Suburbs,New South Wales,ev_01480,,not_target,,,,,,,,,,,,,,,,,False,,,not_target,False,not_target,False,not_target,False,not_target,False
,,"31 Cobra St
Dubbo NSW 2830
Australia",Exploren,2,AC,AC,-32.2538679,148.602311,Dubbo Regional Council,2830,Destination Charging R1,105,Far West and Orana,New South Wales,ev_01481,,not_target,,,,,,,,,,,,,,,,,False,,,not_target,False,not_target,False,not_target,False,not_target,False
,The Mudgee Homestead Guesthouse,"31 Coorumbene Rd
Buckaroo NSW 2850
Australia",EVUp,2,AC,AC,-32.5575824,149.6503239,Mid-Western Regional Council,2850,Destination Charging R1,103,Central West,New South Wales,ev_01482,,not_target,,,,,,,,,,,,,,,,,False,,,not_target,False,not_target,False,not_target,False,not_target,False
,,"31 Diamond Bay Rd
Vaucluse NSW 2030
Australia",PLUS ES,1,AC,7 kW,-33.8618419,151.2807593,Waverley Council,2030,Kerbside Charging R1,118,Sydney - Eastern Suburbs,New South Wales,ev_01483,,not_target,,,,,,,,,,,,,,,,,False,,,not_target,False,not_target,False,not_target,False,not_target,False
,,"31 Duxford St
Paddington NSW 2021
Australia",PLUS ES,1,AC,22 kW,-33.8832219,151.2290743,Woollahra Municipal Council,2021,Kerbside Charging R1,118,Sydney - Eastern Suburbs,New South Wales,ev_01484,,not_target,,,,,,,,,,,,,,,,,False,,,not_target,False,not_target,False,not_target,False,not_target,False
,,"31 Mallett St
Camperdown NSW 2050
Australia",PLUS ES,1,AC,7 kW,-33.887359,151.1765863,"Sydney, Council of the City of",2050,Kerbside Charging R1,117,Sydney - City and Inner South,New South Wales,ev_01485,,not_target,,,,,,,,,,,,,,,,,False,,,not_target,False,not_target,False,not_target,False,not_target,False
,,"31 Moate St
Georgetown NSW 2298
Australia",Chargefox,2,DC,60 kW,-32.90876,151.7296847,Newcastle City Council,2298,Kerbside Charging R1,111,Newcastle and Lake Macquarie,New South Wales,ev_01486,"-32.908760,151.729685",review_unresolved,,,,,,,,,,,,,,,,,False,,,unmatched,False,unmatched,False,unmatched,False,unmatched,False
,Strikes,"31 Strikes Ln
Eurunderee NSW 2850
Australia",Noodoe,3,AC,AC,-32.5220206,149.6135511,Mid-Western Regional Council,2850,Destination Charging R2,103,Central West,New South Wales,ev_01487,,not_target,,,,,,,,,,,,,,,,,False,,,not_target,False,not_target,False,not_target,False,not_target,False
,CH Boutique Apartments The Ringers Road,"31 The Ringers Rd
Hillvue NSW 2340
Australia",Noodoe,2,AC,AC,-31.1277097,150.9203955,Tamworth Regional Council,2340,Destination Charging R2,110,New England and North West,New South Wales,ev_01488,,not_target,,,,,,,,,,,,,,,,,False,,,not_target,False,not_target,False,not_target,False,not_target,False
,,"32 Belmore St
Enmore NSW 2042
Australia",PLUS ES,1,AC,7 kW,-33.8983449,151.1724925,Inner West Council,2042,Kerbside Charging R1,117,Sydney - City and Inner South,New South Wales,ev_01489,,not_target,,,,,,,,,,,,,,,,,False,,,not_target,False,not_target,False,not_target,False,not_target,False
,,"32 Liverpool St
Rose Bay NSW 2029
Australia",PLUS ES,1,AC,7 kW,-33.875252,151.2749572,Waverley Council,2029,Kerbside Charging R1,118,Sydney - Eastern Suburbs,New South Wales,ev_01490,,not_target,,,,,,,,,,,,,,,,,False,,,not_target,False,not_target,False,not_target,False,not_target,False
,,"32 Riverstone Pde
Riverstone NSW 2765
Australia",EVX,2,AC,22 kW,-33.6779251,150.8606246,Blacktown City Council,2765,Kerbside Charging R1,116,Sydney - Blacktown,New South Wales,ev_01491,,not_target,,,,,,,,,,,,,,,,,False,,,not_target,False,not_target,False,not_target,False,not_target,False
,,"322 Bourke St
Surry Hills NSW 2010
Australia",EVX,2,AC,22 kW,-33.8820009,151.2166446,"Sydney, Council of the City of",2010,Kerbside Charging R1,117,Sydney - City and Inner South,New South Wales,ev_01492,,not_target,,,,,,,,,,,,,,,,,False,,,not_target,False,not_target,False,not_target,False,not_target,False
,,"326 Birrell St
Bondi NSW 2026
Australia",PLUS ES,1,AC,7 kW,-33.8975861,151.264592,Waverley Council,2026,Kerbside Charging R1,118,Sydney - Eastern Suburbs,New South Wales,ev_01493,,not_target,,,,,,,,,,,,,,,,,False,,,not_target,False,not_target,False,not_target,False,not_target,False
,Narara Ecovillage,"33 Gugandi Rd
Narara NSW 2250
Australia",EVSE,3,AC,AC,-33.3931163,151.3286306,Central Coast Council,2250,Destination Charging R2,102,Central Coast,New South Wales,ev_01494,,not_target,,,,,,,,,,,,,,,,,False,,,not_target,False,not_target,False,not_target,False,not_target,False
,The Bay Hotel,"330 Fishery Point Rd
Bonnells Bay NSW 2264
Australia",EVSE,2,AC,AC,-33.1110339,151.5322174,Lake Macquarie City Council,2264,Destination Charging R2,111,Newcastle and Lake Macquarie,New South Wales,ev_01495,,not_target,,,,,,,,,,,,,,,,,False,,,not_target,False,not_target,False,not_target,False,not_target,False
,Nimbo Fork Lodge,"330 Nimbo Rd
Killimicat NSW 2720
Australia",Everty,2,AC,AC,-35.190695,148.20606,Snowy Valleys Council,2720,Destination Charging R2,113,Riverina,New South Wales,ev_01496,,not_target,,,,,,,,,,,,,,,,,False,,,not_target,False,not_target,False,not_target,False,not_target,False
,Four Cats Coffee,"33-35 Warne St
Wellington NSW 2820
Australia",Chargefox,4,AC,AC,-32.5515142,148.9421831,Dubbo Regional Council,2820,Destination Charging R2,105,Far West and Orana,New South Wales,ev_01497,,not_target,,,,,,,,,,,,,,,,,False,,,not_target,False,not_target,False,not_target,False,not_target,False
,,"34 Chandos St
Ashfield NSW 2131
Australia",PLUS ES,1,AC,7 kW,-33.883434,151.128646,Inner West Council,2131,Kerbside Charging R1,120,Sydney - Inner West,New South Wales,ev_01498,,not_target,,,,,,,,,,,,,,,,,False,,,not_target,False,not_target,False,not_target,False,not_target,False
,,"34 Myra Rd
Dulwich Hill NSW 2203
Australia",EVE Australia,2,AC,22 kW,-33.9079415,151.1356726,Inner West Council,2203,Kerbside Charging R1,120,Sydney - Inner West,New South Wales,ev_01499,,not_target,,,,,,,,,,,,,,,,,False,,,not_target,False,not_target,False,not_target,False,not_target,False
,,"34 Spencer St
Rose Bay NSW 2029
Australia",PLUS ES,1,AC,22 kW,-33.8697722,151.2747449,Woollahra Municipal Council,2029,Kerbside Charging R1,118,Sydney - Eastern Suburbs,New South Wales,ev_01500,,not_target,,,,,,,,,,,,,,,,,False,,,not_target,False,not_target,False,not_target,False,not_target,False
,,"34C Taylor St
Annandale NSW 2038
Australia",EVX,2,AC,22 kW,-33.8833648,151.1742876,Inner West Council,2038,Kerbside Charging R1,120,Sydney - Inner West,New South Wales,ev_01501,,not_target,,,,,,,,,,,,,,,,,False,,,not_target,False,not_target,False,not_target,False,not_target,False
,,"35 Diamond Bay Rd
Vaucluse NSW 2030
Australia",PLUS ES,1,AC,7 kW,-33.8613437,151.2805579,Waverley Council,2030,Kerbside Charging R1,118,Sydney - Eastern Suburbs,New South Wales,ev_01502,,not_target,,,,,,,,,,,,,,,,,False,,,not_target,False,not_target,False,not_target,False,not_target,False
,,"35 Fitzroy St
Marrickville NSW 2204
Australia",EVX,2,AC,22 kW,-33.9096267,151.1658699,Inner West Council,2204,Kerbside Charging R1,117,Sydney - City and Inner South,New South Wales,ev_01503,,not_target,,,,,,,,,,,,,,,,,False,,,not_target,False,not_target,False,not_target,False,not_target,False
,,"35 Gould Ave
Lewisham NSW 2049
Australia",PLUS ES,1,AC,22 kW,-33.8995583,151.1471696,Inner West Council,2049,Kerbside Charging R1,120,Sydney - Inner West,New South Wales,ev_01504,,not_target,,,,,,,,,,,,,,,,,False,,,not_target,False,not_target,False,not_target,False,not_target,False
,,"35 Holmwood St
Newtown NSW 2042
Australia",PLUS ES,1,AC,22 kW,-33.9040698,151.178539,Inner West Council,2042,Kerbside Charging R1,117,Sydney - City and Inner South,New South Wales,ev_01505,,not_target,,,,,,,,,,,,,,,,,False,,,not_target,False,not_target,False,not_target,False,not_target,False
,Bendalong (Manchester Lane Nashdale),"35 Manchester Ln
Nashdale NSW 2800
Australia",EVSE,1,AC,AC,-33.3036809,149.0392395,Cabonne Council,2800,Destination Charging R2,103,Central West,New South Wales,ev_01506,,not_target,,,,,,,,,,,,,,,,,False,,,not_target,False,not_target,False,not_target,False,not_target,False
,,"35 Metropolitan Rd
Enmore NSW 2042
Australia",PLUS ES,1,AC,22 kW,-33.9005438,151.1721734,Inner West Council,2042,Kerbside Charging R1,117,Sydney - City and Inner South,New South Wales,ev_01507,,not_target,,,,,,,,,,,,,,,,,False,,,not_target,False,not_target,False,not_target,False,not_target,False
,JETTY MOTEL THE ENTRANCE,"353 The Entrance Rd
Long Jetty NSW 2261
Australia",EVUp,3,AC,AC,-33.3542628,151.4872987,Central Coast Council,2261,Destination Charging R1,102,Central Coast,New South Wales,ev_01508,,not_target,,,,,,,,,,,,,,,,,False,,,not_target,False,not_target,False,not_target,False,not_target,False
,,"35-37 Ocean St
Bondi NSW 2026
Australia",Chargefox,2,AC,22 kW,-33.8922308,151.2623152,Waverley Council,2026,Kerbside Charging R1,118,Sydney - Eastern Suburbs,New South Wales,ev_01509,,not_target,,,,,,,,,,,,,,,,,False,,,not_target,False,not_target,False,not_target,False,not_target,False
,Gowing Bros,"35-61 Harbour Dr
Coffs Harbour NSW 2450
Australia",Smart Charge,2,AC,AC,-30.2970627,153.115799,Coffs Harbour City Council,2450,Destination Charging R1,104,Coffs Harbour - Grafton,New South Wales,ev_01510,,not_target,,,,,,,,,,,,,,,,,False,,,not_target,False,not_target,False,not_target,False,not_target,False
,Tamburlaine Organic Wines,"358 McDonalds Rd
Pokolbin NSW 2320
Australia",EVNet,2,AC,AC,-32.7821954,151.29988,Cessnock City Council,2320,Destination Charging R2,106,Hunter Valley exc Newcastle,New South Wales,ev_01511,,not_target,,,,,,,,,,,,,,,,,False,,,not_target,False,not_target,False,not_target,False,not_target,False
,,"36 Hopewell St
Paddington NSW 2021
Australia",EVX,2,AC,22 kW,-33.8823149,151.221981,Woollahra Municipal Council,2021,Kerbside Charging R1,118,Sydney - Eastern Suburbs,New South Wales,ev_01512,,not_target,,,,,,,,,,,,,,,,,False,,,not_target,False,not_target,False,not_target,False,not_target,False
,,"36 Napier St
Paddington NSW 2021
Australia",EVX,2,AC,22 kW,-33.8831409,151.2199952,"Sydney, Council of the City of",2021,Kerbside Charging R1,118,Sydney - Eastern Suburbs,New South Wales,ev_01513,,not_target,,,,,,,,,,,,,,,,,False,,,not_target,False,not_target,False,not_target,False,not_target,False
,Orange Waratah Sports Club,"36 Telopea Way
Orange NSW 2800
Australia",Exploren,2,AC,AC,-33.2492129,149.1016696,Orange City Council,2800,Destination Charging R1,103,Central West,New South Wales,ev_01514,,not_target,,,,,,,,,,,,,,,,,False,,,not_target,False,not_target,False,not_target,False,not_target,False
,Rosevale,"361 Rankin St
Bathurst NSW 2795
Australia",Exploren,2,AC,AC,-33.4225787,149.5653976,Bathurst Regional Council,2795,Destination Charging R2,103,Central West,New South Wales,ev_01515,,not_target,,,,,,,,,,,,,,,,,False,,,not_target,False,not_target,False,not_target,False,not_target,False
,,"363-367 Bronte Rd, Bronte, NSW, 2024, Australia",EVX,2,AC,22 kW,-33.9033078,151.2606162,Waverley Council,2024,Kerbside Charging R1,118,Sydney - Eastern Suburbs,New South Wales,ev_01516,,not_target,,,,,,,,,,,,,,,,,False,,,not_target,False,not_target,False,not_target,False,not_target,False
,,"36R Dudley St
Randwick NSW 2031
Australia",EVX,2,AC,22 kW,-33.9234885,151.2490438,Randwick City Council,2031,Kerbside Charging R1,118,Sydney - Eastern Suburbs,New South Wales,ev_01517,,not_target,,,,,,,,,,,,,,,,,False,,,not_target,False,not_target,False,not_target,False,not_target,False
,Goulburn Health Hub,"37 Ross St
Goulburn NSW 2580
Australia",Non-networked,1,AC,AC,-34.7313527,149.7434487,Goulburn Mulwaree Council,2580,Destination Charging R2,101,Capital Region,New South Wales,ev_01518,,not_target,,,,,,,,,,,,,,,,,False,,,not_target,False,not_target,False,not_target,False,not_target,False
,,"374 Peel St, Tamworth NSW 2340, Australia",Evie Networks,4,DC,175 kW,-31.0900932,150.9304748,Tamworth Regional Council,2340,Fast Charging R1,110,New England and North West,New South Wales,ev_01519,"-31.090093,150.930475",matched,0.0,nearby_identity,6730,Centrepoint Tamworth,"374 Peel Street, Tamworth  Tamworth 2340",Evie Networks,CCS Type 2,0.85/kWh,,,,,,Evie Networks official station map,Official website; no open-data licence asserted,https://evie.com.au/find-a-charger/,True,evie,evie,matched,True,unmatched,False,review_identity,False,unmatched,False
,Dunedoo Bowling Club Carpark,"39 Cobborah St
Dunedoo NSW 2844
Australia",Charge OS,2,AC,AC,-32.0184447,149.3965287,Warrumbungle Shire Council,2844,Destination Charging R2,103,Central West,New South Wales,ev_01520,,not_target,,,,,,,,,,,,,,,,,False,,,not_target,False,not_target,False,not_target,False,not_target,False
,,"39 Dulwich St
Dulwich Hill NSW 2203
Australia",PLUS ES,1,AC,22 kW,-33.9030203,151.141805,Inner West Council,2203,Kerbside Charging R1,120,Sydney - Inner West,New South Wales,ev_01521,,not_target,,,,,,,,,,,,,,,,,False,,,not_target,False,not_target,False,not_target,False,not_target,False
,,"39 Grove St
Birchgrove NSW 2041
Australia",EVX,2,AC,22 kW,-33.8515305,151.1817991,Inner West Council,2041,Kerbside Charging R1,120,Sydney - Inner West,New South Wales,ev_01522,,not_target,,,,,,,,,,,,,,,,,False,,,not_target,False,not_target,False,not_target,False,not_target,False
,,"3-9 Spring St
Chatswood NSW 2067
Australia",EVX,2,AC,22 kW,-33.796827,151.185229,Willoughby City Council,2067,Kerbside Charging R1,121,Sydney - North Sydney and Hornsby,New South Wales,ev_01523,,not_target,,,,,,,,,,,,,,,,,False,,,not_target,False,not_target,False,not_target,False,not_target,False
,,"392 Manns Road, West Gosford NSW 2250 Australia",Tesla,12,DC,175 kW,-33.4258966,151.3205356,Central Coast Council,2250,Fast Charging R1,102,Central Coast,New South Wales,ev_01524,"-33.425897,151.320536",review_unresolved,,,,,,,,,,,,,,,,,False,,,unmatched,False,review_identity,False,unmatched,False,review_identity,False
,,"396 Mowbray Rd
Lane Cove North NSW 2066
Australia",PLUS ES,1,AC,22 kW,-33.8065466,151.1757967,Lane Cove Municipal Council,2066,Kerbside Charging R1,121,Sydney - North Sydney and Hornsby,New South Wales,ev_01525,,not_target,,,,,,,,,,,,,,,,,False,,,not_target,False,not_target,False,not_target,False,not_target,False
,Centrepoint Motel Deniliquin,"399 Cressy St
Deniliquin NSW 2710
Australia",EVUp,3,AC,AC,-35.5265736,144.9616568,Edward River Council,2710,Destination Charging R1,109,Murray,New South Wales,ev_01526,,not_target,,,,,,,,,,,,,,,,,False,,,not_target,False,not_target,False,not_target,False,not_target,False
,,"3A Cowell St
Gladesville NSW 2111
Australia",Evie Networks,2,DC,75 kW,-33.8329216,151.1276887,"Hunters Hill, The Council of the Municipality of",2111,Kerbside Charging R1,126,Sydney - Ryde,New South Wales,ev_01527,"-33.832922,151.127689",review_unresolved,,,,,,,,,,,,,,,,,False,,,review_shared_external,False,unmatched,False,unmatched,False,review_identity,False
,,"3A Hunter St
Stockton NSW 2295
Australia",Chargefox,4,AC,7 kW,-32.9193026,151.783,Newcastle City Council,2295,Kerbside Charging R1,111,Newcastle and Lake Macquarie,New South Wales,ev_01528,,not_target,,,,,,,,,,,,,,,,,False,,,not_target,False,not_target,False,not_target,False,not_target,False
,Batemans Bay Soldiers Club,"4 Beach Rd
Batemans Bay NSW 2536
Australia",Exploren,2,AC,AC,-35.7094784,150.1790805,Eurobodalla Shire Council,2536,Destination Charging R1,101,Capital Region,New South Wales,ev_01529,,not_target,,,,,,,,,,,,,,,,,False,,,not_target,False,not_target,False,not_target,False,not_target,False
,,"4 Defries Ave, Sydney, 2017",Chargefox,2,AC,22 kW,-33.90527032,151.2130891,"Sydney, Council of the City of",2017,Existing Destination Chargers,117,Sydney - City and Inner South,New South Wales,ev_01530,,not_target,,,,,,,,,,,,,,,,,False,,,not_target,False,not_target,False,not_target,False,not_target,False
,,"4 Guihen St
Annandale NSW 2038
Australia",PLUS ES,1,AC,22 kW,-33.8847854,151.1753541,Inner West Council,2038,Kerbside Charging R1,120,Sydney - Inner West,New South Wales,ev_01531,,not_target,,,,,,,,,,,,,,,,,False,,,not_target,False,not_target,False,not_target,False,not_target,False
,Ingenia Holiday Park - Hunter Valley,"137 Mount View Rd
Cessnock NSW 2325
Australia",Exploren,2,AC,AC,-32.8314976,151.3381546,Cessnock City Council,2325,Destination Charging R1,106,Hunter Valley exc Newcastle,New South Wales,ev_01532,,not_target,,,,,,,,,,,,,,,,,False,,,not_target,False,not_target,False,not_target,False,not_target,False
,,"4 Stanley St
Queens Park NSW 2022
Australia",PLUS ES,1,AC,22 kW,-33.895942,151.2478041,Waverley Council,2022,Kerbside Charging R1,118,Sydney - Eastern Suburbs,New South Wales,ev_01533,,not_target,,,,,,,,,,,,,,,,,False,,,not_target,False,not_target,False,not_target,False,not_target,False
,,"40 Albert Pde
Ashfield NSW 2131
Australia",EVE Australia,4,AC,22 kW,-33.8829391,151.1223655,Inner West Council,2131,Kerbside Charging R1,120,Sydney - Inner West,New South Wales,ev_01534,,not_target,,,,,,,,,,,,,,,,,False,,,not_target,False,not_target,False,not_target,False,not_target,False
,,"40 Malakoff St
Marrickville NSW 2204
Australia",EVE Australia,2,AC,22 kW,-33.9079019,151.1568005,Inner West Council,2204,Kerbside Charging R1,117,Sydney - City and Inner South,New South Wales,ev_01535,,not_target,,,,,,,,,,,,,,,,,False,,,not_target,False,not_target,False,not_target,False,not_target,False
,,"402 Mowbray Rd
Lane Cove North NSW 2066
Australia",PLUS ES,1,AC,7 kW,-33.8067172,151.1750156,Lane Cove Municipal Council,2066,Kerbside Charging R1,121,Sydney - North Sydney and Hornsby,New South Wales,ev_01536,,not_target,,,,,,,,,,,,,,,,,False,,,not_target,False,not_target,False,not_target,False,not_target,False
,Harvest Lodge Motel,"404 Conadilly St
Gunnedah NSW 2380
Australia",EVSE,1,AC,AC,-30.9836392,150.2640469,Gunnedah Shire Council,2380,Destination Charging R2,110,New England and North West,New South Wales,ev_01537,,not_target,,,,,,,,,,,,,,,,,False,,,not_target,False,not_target,False,not_target,False,not_target,False
,Village Fair Maitland Plaza,"405 High St
Maitland NSW 2320
Australia",Exploren,4,AC,AC,-32.733865,151.5561263,Maitland City Council,2320,Destination Charging R1,106,Hunter Valley exc Newcastle,New South Wales,ev_01538,,not_target,,,,,,,,,,,,,,,,,False,,,not_target,False,not_target,False,not_target,False,not_target,False
,,"407 New Canterbury Rd
Dulwich Hill NSW 2203
Australia",EVE Australia,2,AC,22 kW,-33.9024959,151.1438409,Inner West Council,2203,Kerbside Charging R1,120,Sydney - Inner West,New South Wales,ev_01539,,not_target,,,,,,,,,,,,,,,,,False,,,not_target,False,not_target,False,not_target,False,not_target,False
,The Lane Retreat,"409 Palmers Ln
Pokolbin NSW 2320
Australia",Chargefox,2,AC,AC,-32.7539269,151.298235,Cessnock City Council,2320,Destination Charging R2,106,Hunter Valley exc Newcastle,New South Wales,ev_01540,,not_target,,,,,,,,,,,,,,,,,False,,,not_target,False,not_target,False,not_target,False,not_target,False
,,"41 Owen St
Huskisson NSW 2540
Australia",Everty,2,AC,AC,-35.0383366,150.6692483,Shoalhaven City Council,2540,Destination Charging R2,114,Southern Highlands and Shoalhaven,New South Wales,ev_01541,,not_target,,,,,,,,,,,,,,,,,False,,,not_target,False,not_target,False,not_target,False,not_target,False
,,"41 St Marks Rd
Randwick NSW 2031
Australia",PLUS ES,1,AC,7 kW,-33.9104758,151.2471189,Randwick City Council,2031,Kerbside Charging R1,118,Sydney - Eastern Suburbs,New South Wales,ev_01542,,not_target,,,,,,,,,,,,,,,,,False,,,not_target,False,not_target,False,not_target,False,not_target,False
,Siesta Unit Trust,"416 Wagga Rd
Lavington NSW 2641
Australia",Chargefox,4,AC,AC,-36.0458866,146.9437845,Albury City Council,2641,Destination Charging R1,109,Murray,New South Wales,ev_01543,,not_target,,,,,,,,,,,,,,,,,False,,,not_target,False,not_target,False,not_target,False,not_target,False
,,"42 Carrington Pde
Curl Curl NSW 2096
Australia",EVX,2,AC,22 kW,-33.773966,151.2918253,Northern Beaches Council,2096,Kerbside Charging R1,122,Sydney - Northern Beaches,New South Wales,ev_01544,,not_target,,,,,,,,,,,,,,,,,False,,,not_target,False,not_target,False,not_target,False,not_target,False
,Gowing Bros,"42 Horton St
Port Macquarie NSW 2444
Australia",Smart Charge,2,AC,AC,-31.429928,152.909968,Port Macquarie-Hastings Council,2444,Destination Charging R1,108,Mid North Coast,New South Wales,ev_01545,,not_target,,,,,,,,,,,,,,,,,False,,,not_target,False,not_target,False,not_target,False,not_target,False
,Cellar Door,"42 Lake Canobolas Rd
Nashdale NSW 2800
Australia",Non-networked,2,AC,AC,-33.2990773,149.0193866,Cabonne Council,2800,Destination Charging R2,103,Central West,New South Wales,ev_01546,,not_target,,,,,,,,,,,,,,,,,False,,,not_target,False,not_target,False,not_target,False,not_target,False
,,"42 New Beach Rd, Darling Point, NSW, 2027",Chargefox,2,AC,7 kW,-33.8733988,151.2352733,Woollahra Municipal Council,2027,Kerbside Charging R1,118,Sydney - Eastern Suburbs,New South Wales,ev_01547,,not_target,,,,,,,,,,,,,,,,,False,,,not_target,False,not_target,False,not_target,False,not_target,False
,,"424 Hoxton Park Rd, Prestons, NSW, 2170",NRMA,4,DC,175 kW,-33.9304674,150.8750193,Liverpool City Council,2170,Fast Charging R1,127,Sydney - South West,New South Wales,ev_01548,"-33.930467,150.875019",review_unresolved,,,,,,,,,,,,,,,,,False,,,unmatched,False,unmatched,False,unmatched,False,unmatched,False
,Cabins in the Clouds,"424 Moonabung Rd
Vacy NSW 2421
Australia",Chargefox,4,AC,AC,-32.5423289,151.5011005,Dungog Shire Council,2421,Destination Charging R2,106,Hunter Valley exc Newcastle,New South Wales,ev_01549,,not_target,,,,,,,,,,,,,,,,,False,,,not_target,False,not_target,False,not_target,False,not_target,False
,Ingenia Holiday Parks - One Mile Beach,"426 Gan Gan Rd
One Mile NSW 2316
Australia",Exploren,4,AC,AC,-32.7769383,152.1139955,Port Stephens Council,2316,Destination Charging R2,106,Hunter Valley exc Newcastle,New South Wales,ev_01550,,not_target,,,,,,,,,,,,,,,,,False,,,not_target,False,not_target,False,not_target,False,not_target,False
,,"429 Old South Head Rd
Rose Bay NSW 2029
Australia",EVX,2,AC,22 kW,-33.8786168,151.2707053,Waverley Council,2029,Kerbside Charging R1,118,Sydney - Eastern Suburbs,New South Wales,ev_01551,,not_target,,,,,,,,,,,,,,,,,False,,,not_target,False,not_target,False,not_target,False,not_target,False
,Wagga Wagga City Council,"43 Eastlake Dr
Lake Albert NSW 2650
Australia",Smart Charge,2,AC,AC,-35.1710992,147.3789989,Wagga Wagga City Council,2650,Destination Charging R1,113,Riverina,New South Wales,ev_01552,,not_target,,,,,,,,,,,,,,,,,False,,,not_target,False,not_target,False,not_target,False,not_target,False
,Emma's Cottage,"438 Wilderness Rd
Lovedale NSW 2325
Australia",Chargefox,1,AC,AC,-32.742285,151.3477018,Cessnock City Council,2325,Destination Charging R2,106,Hunter Valley exc Newcastle,New South Wales,ev_01553,,not_target,,,,,,,,,,,,,,,,,False,,,not_target,False,not_target,False,not_target,False,not_target,False
,,"44 Anderson St
Chatswood NSW 2067
Australia",EVX,2,AC,22 kW,-33.7935075,151.181598,Willoughby City Council,2067,Kerbside Charging R1,121,Sydney - North Sydney and Hornsby,New South Wales,ev_01554,,not_target,,,,,,,,,,,,,,,,,False,,,not_target,False,not_target,False,not_target,False,not_target,False
,Ballina Beach Nature Resort,"440 SOUTH BALLINA BEACH ROAD
South Ballina NSW 2478
Australia",Non-networked,2,AC,AC,-28.8853915,153.5684392,Ballina Shire Council,2478,Destination Charging R2,112,Richmond - Tweed,New South Wales,ev_01555,,not_target,,,,,,,,,,,,,,,,,False,,,not_target,False,not_target,False,not_target,False,not_target,False
,Eden Beachfront,"441 Princes Hwy
Eden NSW 2551
Australia",Exploren,4,AC,AC,-37.0770249,149.8753876,Bega Valley Shire Council,2551,Destination Charging R2,101,Capital Region,New South Wales,ev_01556,,not_target,,,,,,,,,,,,,,,,,False,,,not_target,False,not_target,False,not_target,False,not_target,False
,,"442-446 Edgecliff Rd
Edgecliff NSW 2027
Australia",PLUS ES,1,AC,7 kW,-33.8800002,151.2392159,Woollahra Municipal Council,2027,Kerbside Charging R1,118,Sydney - Eastern Suburbs,New South Wales,ev_01557,,not_target,,,,,,,,,,,,,,,,,False,,,not_target,False,not_target,False,not_target,False,not_target,False
,Talbingo Tourist Park,"45 Whitty St
Talbingo NSW 2720
Australia",Noodoe,2,AC,AC,-35.584137,148.2942372,Snowy Valleys Council,2720,Destination Charging R2,113,Riverina,New South Wales,ev_01558,,not_target,,,,,,,,,,,,,,,,,False,,,not_target,False,not_target,False,not_target,False,not_target,False
,Imperial Hotel,"458 High St
Maitland NSW 2320
Australia",Chargefox,2,AC,AC,-32.7310145,151.5535602,Maitland City Council,2320,Destination Charging R1,106,Hunter Valley exc Newcastle,New South Wales,ev_01559,,not_target,,,,,,,,,,,,,,,,,False,,,not_target,False,not_target,False,not_target,False,not_target,False
,Young Services Club,"46 Cloete St
Young NSW 2594
Australia",Chargefox,4,AC,AC,-34.314891,148.29643,Hilltops Council,2594,Destination Charging R2,101,Capital Region,New South Wales,ev_01560,,not_target,,,,,,,,,,,,,,,,,False,,,not_target,False,not_target,False,not_target,False,not_target,False
,Ingenia Holiday Parks - Merry Beach,"46 Merry Beach Rd
Kioloa NSW 2539
Australia",Exploren,4,AC,AC,-35.5654089,150.3719759,Shoalhaven City Council,2539,Destination Charging R2,114,Southern Highlands and Shoalhaven,New South Wales,ev_01561,,not_target,,,,,,,,,,,,,,,,,False,,,not_target,False,not_target,False,not_target,False,not_target,False
,,"46 Wynter St, Taree NSW 2430, Australia",Tesla,12,DC,175 kW,-31.9091185,152.4602815,Mid-Coast Council,2430,Fast Charging R1,108,Mid North Coast,New South Wales,ev_01562,"-31.909119,152.460282",review_unresolved,,,,,,,,,,,,,,,,,False,,,unmatched,False,unmatched,False,review_identity,False,review_identity,False
,,"47-49 Archer St
Chatswood NSW 2067
Australia",EVX,2,AC,22 kW,-33.7979339,151.1868143,Willoughby City Council,2067,Kerbside Charging R1,121,Sydney - North Sydney and Hornsby,New South Wales,ev_01563,,not_target,,,,,,,,,,,,,,,,,False,,,not_target,False,not_target,False,not_target,False,not_target,False
,,"47-49A Cleary St
Hamilton NSW 2303
Australia",Chargefox,2,DC,60 kW,-32.9212044,151.7479743,Newcastle City Council,2303,Kerbside Charging R1,111,Newcastle and Lake Macquarie,New South Wales,ev_01564,"-32.921204,151.747974",review_unresolved,,,,,,,,,,,,,,,,,False,,,unmatched,False,unmatched,False,unmatched,False,unmatched,False
,,477 Coolac Rd Coolac NSW 2727 Australia,Tesla,12,DC,175 kW,-34.9244264,148.1654233,Cootamundra-gundagai Regional Council,2727,Fast Charging R1,113,Riverina,New South Wales,ev_01565,"-34.924426,148.165423",matched,54.35,nearby_identity,461335,Tesla Supercharger Coolac,"477 Coolac Road, Coolac, 2727",Tesla (including non-tesla),CCS (Type 2),,Public - Membership Required,,12,Operational,2025-09-24T02:47:00Z,Open Charge Map Contributors,Licensed under Creative Commons Attribution 4.0 International (CC BY 4.0),https://openchargemap.org/site/poi/details/461335,True,ocm,ocm,unmatched,False,unmatched,False,matched,True,review_identity,False
,Federation of Community Sporting and Workers Clubs Limited,"48 Marine Dr
Fingal Bay NSW 2315
Australia",EVUp,1,AC,AC,-32.7424216,152.1692232,Port Stephens Council,2315,Destination Charging R1,106,Hunter Valley exc Newcastle,New South Wales,ev_01566,,not_target,,,,,,,,,,,,,,,,,False,,,not_target,False,not_target,False,not_target,False,not_target,False
,Oberon Visitor Information Centre,"48 Ross St
Oberon NSW 2787
Australia",CasaCharge,2,AC,AC,-33.7087529,149.8577918,Oberon Council,2787,Destination Charging R2,103,Central West,New South Wales,ev_01567,,not_target,,,,,,,,,,,,,,,,,False,,,not_target,False,not_target,False,not_target,False,not_target,False
,,"481 Pacific Hwy, Wyoming NSW 2250, Australia",BP,6,DC,175 kW,-33.4082245,151.3511059,Central Coast Council,2250,Fast Charging R1,102,Central Coast,New South Wales,ev_01568,"-33.408225,151.351106",matched,24.2,nearby_identity,508148,Pacific Highway,"Pacific Highway, Wyoming, 2250",BP Pulse (AU),CCS (Type 2),55c/kWh,Public - Membership Required,,6,Operational,2026-09-09T01:02:00Z,Open Charge Map Contributors,Licensed under Creative Commons Attribution 4.0 International (CC BY 4.0),https://openchargemap.org/site/poi/details/508148,True,ocm,ocm,unmatched,False,unmatched,False,matched,True,unmatched,False
,Leisure Inn Pokolbin,"485 McDonalds Road
Pokolbin NSW 2320
Australia",Exploren,4,AC,AC,-32.7715135,151.3024314,Singleton Council,2320,Destination Charging R2,106,Hunter Valley exc Newcastle,New South Wales,ev_01569,,not_target,,,,,,,,,,,,,,,,,False,,,not_target,False,not_target,False,not_target,False,not_target,False
,Talbingo Shopping Centre,"49 Lampe St
Talbingo NSW 2720
Australia",Chargefox,4,AC,AC,-35.5825247,148.2978515,Snowy Valleys Council,2720,Destination Charging R2,113,Riverina,New South Wales,ev_01570,,not_target,,,,,,,,,,,,,,,,,False,,,not_target,False,not_target,False,not_target,False,not_target,False
,,"49 Llandaff St
Bondi Junction NSW 2022
Australia",PLUS ES,1,AC,22 kW,-33.8937667,151.2532909,Waverley Council,2022,Kerbside Charging R1,118,Sydney - Eastern Suburbs,New South Wales,ev_01571,,not_target,,,,,,,,,,,,,,,,,False,,,not_target,False,not_target,False,not_target,False,not_target,False
,,"49A Bondi Rd
Bondi Junction NSW 2022
Australia",Chargefox,2,AC,22 kW,-33.8932917,151.256561,Waverley Council,2022,Kerbside Charging R1,118,Sydney - Eastern Suburbs,New South Wales,ev_01572,,not_target,,,,,,,,,,,,,,,,,False,,,not_target,False,not_target,False,not_target,False,not_target,False
,Forster Visitor Information Centre,"4A Lake St
Forster NSW 2428
Australia",Exploren,4,AC,AC,-32.1830335,152.5147744,Mid-Coast Council,2428,Destination Charging R2,108,Mid North Coast,New South Wales,ev_01573,,not_target,,,,,,,,,,,,,,,,,False,,,not_target,False,not_target,False,not_target,False,not_target,False
,,"5 Broughton Rd
Artarmon NSW 2064
Australia",EVX,2,AC,22 kW,-33.8093616,151.1826022,Willoughby City Council,2064,Kerbside Charging R1,121,Sydney - North Sydney and Hornsby,New South Wales,ev_01574,,not_target,,,,,,,,,,,,,,,,,False,,,not_target,False,not_target,False,not_target,False,not_target,False
,Bella Vista Motel,"5 Central Coast Hwy
Kariong NSW 2250
Australia",EVNet,3,AC,AC,-33.434931,151.2976021,Central Coast Council,2250,Destination Charging R1,102,Central Coast,New South Wales,ev_01575,,not_target,,,,,,,,,,,,,,,,,False,,,not_target,False,not_target,False,not_target,False,not_target,False
,Cessnock Hospitality Group,"5 Darwin St
Cessnock NSW 2325
Australia",Everty,4,AC,AC,-32.8349119,151.3533302,Cessnock City Council,2325,Destination Charging R1,106,Hunter Valley exc Newcastle,New South Wales,ev_01576,,not_target,,,,,,,,,,,,,,,,,False,,,not_target,False,not_target,False,not_target,False,not_target,False
,,"5 Grove St
Dulwich Hill NSW 2203
Australia",PLUS ES,1,AC,7 kW,-33.901384,151.1397505,Inner West Council,2203,Kerbside Charging R1,120,Sydney - Inner West,New South Wales,ev_01577,,not_target,,,,,,,,,,,,,,,,,False,,,not_target,False,not_target,False,not_target,False,not_target,False
,Club Charlestown,"5 Lincoln St
Charlestown NSW 2290
Australia",Exploren,4,AC,AC,-32.9670483,151.6925911,Lake Macquarie City Council,2290,Destination Charging R1,111,Newcastle and Lake Macquarie,New South Wales,ev_01578,,not_target,,,,,,,,,,,,,,,,,False,,,not_target,False,not_target,False,not_target,False,not_target,False
,,"5 Pearson St
Balmain East NSW 2041
Australia",PLUS ES,1,AC,22 kW,-33.858114,151.195082,Inner West Council,2041,Kerbside Charging R1,120,Sydney - Inner West,New South Wales,ev_01579,,not_target,,,,,,,,,,,,,,,,,False,,,not_target,False,not_target,False,not_target,False,not_target,False
,,"5 Portland St
Dover Heights NSW 2030
Australia",Chargefox,2,AC,22 kW,-33.8688426,151.2799449,Waverley Council,2030,Kerbside Charging R1,118,Sydney - Eastern Suburbs,New South Wales,ev_01580,,not_target,,,,,,,,,,,,,,,,,False,,,not_target,False,not_target,False,not_target,False,not_target,False
,,"5 Robey St
Maroubra NSW 2035
Australia",PLUS ES,1,AC,22 kW,-33.9423922,151.2379861,Randwick City Council,2035,Kerbside Charging R1,118,Sydney - Eastern Suburbs,New South Wales,ev_01581,,not_target,,,,,,,,,,,,,,,,,False,,,not_target,False,not_target,False,not_target,False,not_target,False
,,"50 Cascade St
Paddington NSW 2021
Australia",EVX,2,AC,22 kW,-33.8835108,151.2313866,Woollahra Municipal Council,2021,Kerbside Charging R1,118,Sydney - Eastern Suburbs,New South Wales,ev_01582,,not_target,,,,,,,,,,,,,,,,,False,,,not_target,False,not_target,False,not_target,False,not_target,False
,,"50 Chandos St
Ashfield NSW 2131
Australia",PLUS ES,1,AC,22 kW,-33.8828487,151.1301381,Inner West Council,2131,Kerbside Charging R1,120,Sydney - Inner West,New South Wales,ev_01583,,not_target,,,,,,,,,,,,,,,,,False,,,not_target,False,not_target,False,not_target,False,not_target,False
,,"50 Cook St
Randwick NSW 2031
Australia",PLUS ES,1,AC,7 kW,-33.911692,151.2388648,Randwick City Council,2031,Kerbside Charging R1,118,Sydney - Eastern Suburbs,New South Wales,ev_01584,,not_target,,,,,,,,,,,,,,,,,False,,,not_target,False,not_target,False,not_target,False,not_target,False
,Wagga Wagga City Council,"50 Edward St
Wagga Wagga NSW 2650
Australia",Smart Charge,2,AC,AC,-35.1199091,147.3713272,Wagga Wagga City Council,2650,Destination Charging R1,113,Riverina,New South Wales,ev_01585,,not_target,,,,,,,,,,,,,,,,,False,,,not_target,False,not_target,False,not_target,False,not_target,False
,,"50 Nelson St
Annandale NSW 2038
Australia",PLUS ES,1,AC,22 kW,-33.8851809,151.1719428,Inner West Council,2038,Kerbside Charging R1,120,Sydney - Inner West,New South Wales,ev_01586,,not_target,,,,,,,,,,,,,,,,,False,,,not_target,False,not_target,False,not_target,False,not_target,False
,,"50 O'Sullivan Rd
Rose Bay NSW 2029
Australia",Chargefox,2,AC,22 kW,-33.8790379,151.2631086,Woollahra Municipal Council,2029,Kerbside Charging R1,118,Sydney - Eastern Suburbs,New South Wales,ev_01587,,not_target,,,,,,,,,,,,,,,,,False,,,not_target,False,not_target,False,not_target,False,not_target,False
,,"51 Albert St
Petersham NSW 2049
Australia",EVE Australia,2,AC,22 kW,-33.8970775,151.1579942,Inner West Council,2049,Kerbside Charging R1,117,Sydney - City and Inner South,New South Wales,ev_01588,,not_target,,,,,,,,,,,,,,,,,False,,,not_target,False,not_target,False,not_target,False,not_target,False
,"Bathurst Street, Condobolin","51 Bathurst St
Condobolin NSW 2877
Australia",Exploren,2,AC,AC,-33.0886001,147.1494866,Lachlan Shire Council,2877,Destination Charging R2,103,Central West,New South Wales,ev_01589,,not_target,,,,,,,,,,,,,,,,,False,,,not_target,False,not_target,False,not_target,False,not_target,False
,West Wallsend Workers club,"51 Carrington St
West Wallsend NSW 2286
Australia",Smart Charge,4,AC,AC,-32.9023363,151.5824271,Lake Macquarie City Council,2286,Destination Charging R1,111,Newcastle and Lake Macquarie,New South Wales,ev_01590,,not_target,,,,,,,,,,,,,,,,,False,,,not_target,False,not_target,False,not_target,False,not_target,False
,Select Inn Gosford,"512 Pacific Hwy
Wyoming NSW 2250
Australia",EVNet,2,AC,AC,-33.406527,151.350605,Central Coast Council,2250,Destination Charging R2,102,Central Coast,New South Wales,ev_01591,,not_target,,,,,,,,,,,,,,,,,False,,,not_target,False,not_target,False,not_target,False,not_target,False
,Happy Hallidays,"517 Blackhead Rd
Hallidays Point NSW 2430
Australia",Exploren,4,AC,AC,-32.0655014,152.5322484,Mid-Coast Council,2430,Destination Charging R2,108,Mid North Coast,New South Wales,ev_01592,,not_target,,,,,,,,,,,,,,,,,False,,,not_target,False,not_target,False,not_target,False,not_target,False
,CH Boutique Hotel,"52 Brisbane St
Tamworth NSW 2340
Australia",Noodoe,4,AC,AC,-31.0894928,150.9297765,Tamworth Regional Council,2340,Destination Charging R2,110,New England and North West,New South Wales,ev_01593,,not_target,,,,,,,,,,,,,,,,,False,,,not_target,False,not_target,False,not_target,False,not_target,False
,,"52 Dudley St
Coogee NSW 2034
Australia",PLUS ES,1,AC,22 kW,-33.9243788,151.251526,Randwick City Council,2034,Kerbside Charging R1,118,Sydney - Eastern Suburbs,New South Wales,ev_01594,,not_target,,,,,,,,,,,,,,,,,False,,,not_target,False,not_target,False,not_target,False,not_target,False
,Uralla Bowlo,"52 Hill St
Uralla NSW 2358
Australia",EVSE,4,AC,AC,-30.6391603,151.4983676,Uralla Shire Council,2358,Destination Charging R2,110,New England and North West,New South Wales,ev_01595,,not_target,,,,,,,,,,,,,,,,,False,,,not_target,False,not_target,False,not_target,False,not_target,False
,,"52 Spencer St
Rose Bay NSW 2029
Australia",PLUS ES,1,AC,22 kW,-33.8690157,151.2750076,Woollahra Municipal Council,2029,Kerbside Charging R1,118,Sydney - Eastern Suburbs,New South Wales,ev_01596,,not_target,,,,,,,,,,,,,,,,,False,,,not_target,False,not_target,False,not_target,False,not_target,False
,The Cottage Motor Inn,"523 Hume St
South Albury NSW 2640
Australia",Exploren,1,AC,AC,-36.085318,146.9158676,Albury City Council,2640,Destination Charging R1,109,Murray,New South Wales,ev_01597,,not_target,,,,,,,,,,,,,,,,,False,,,not_target,False,not_target,False,not_target,False,not_target,False
,Mantra Albury Hotel,"524 Smollett St
Albury NSW 2640
Australia",Chargefox,4,AC,AC,-36.0826053,146.9167911,Albury City Council,2640,Destination Charging R2,109,Murray,New South Wales,ev_01598,,not_target,,,,,,,,,,,,,,,,,False,,,not_target,False,not_target,False,not_target,False,not_target,False
,Cobargo Co-operative Society,"52-54 Princes Hwy
Cobargo NSW 2550
Australia",Chargefox,2,AC,AC,-36.3867682,149.8876926,Bega Valley Shire Council,2550,Destination Charging R1,101,Capital Region,New South Wales,ev_01599,,not_target,,,,,,,,,,,,,,,,,False,,,not_target,False,not_target,False,not_target,False,not_target,False
,,"526 Bronte Rd
Bronte NSW 2024
Australia",Chargefox,2,AC,22 kW,-33.906671,151.2692898,Waverley Council,2024,Kerbside Charging R1,118,Sydney - Eastern Suburbs,New South Wales,ev_01600,,not_target,,,,,,,,,,,,,,,,,False,,,not_target,False,not_target,False,not_target,False,not_target,False
,,"528 Illawarra Rd
Marrickville NSW 2204
Australia",EVE Australia,4,AC,22 kW,-33.9200876,151.1441132,Inner West Council,2204,Kerbside Charging R1,117,Sydney - City and Inner South,New South Wales,ev_01601,,not_target,,,,,,,,,,,,,,,,,False,,,not_target,False,not_target,False,not_target,False,not_target,False
,Cardiff Executive Apartments,"53 Macquarie Rd
Cardiff NSW 2285
Australia",Elanga,4,AC,AC,-32.9428392,151.6572805,Lake Macquarie City Council,2285,Destination Charging R1,111,Newcastle and Lake Macquarie,New South Wales,ev_01602,,not_target,,,,,,,,,,,,,,,,,False,,,not_target,False,not_target,False,not_target,False,not_target,False
,Quest Griffith,"53 Railway St
Griffith NSW 2680
Australia",Noodoe,2,AC,AC,-34.2866312,146.0445254,Griffith City Council,2680,Destination Charging R2,113,Riverina,New South Wales,ev_01603,,not_target,,,,,,,,,,,,,,,,,False,,,not_target,False,not_target,False,not_target,False,not_target,False
,Hamilton's Queanbeyan Motel,"53 Tharwa Rd
Queanbeyan West NSW 2620
Australia",Exploren,4,AC,AC,-35.3573389,149.2225196,Queanbeyan-Palerang Regional Council,2620,Destination Charging R1,101,Capital Region,New South Wales,ev_01604,,not_target,,,,,,,,,,,,,,,,,False,,,not_target,False,not_target,False,not_target,False,not_target,False
,Arcadia Wilderness Retreat,"530 Moonabung Rd
Vacy NSW 2421
Australia",Chargefox,1,AC,AC,-32.545318,151.50875,Dungog Shire Council,2421,Destination Charging R2,106,Hunter Valley exc Newcastle,New South Wales,ev_01605,,not_target,,,,,,,,,,,,,,,,,False,,,not_target,False,not_target,False,not_target,False,not_target,False
,Ingenia Holiday Parks - Byron Bay.,"5-37 Broken Head Rd
Byron Bay NSW 2481
Australia",Exploren,4,AC,AC,-28.6732766,153.6125859,Byron Shire Council,2481,Destination Charging R2,112,Richmond - Tweed,New South Wales,ev_01606,,not_target,,,,,,,,,,,,,,,,,False,,,not_target,False,not_target,False,not_target,False,not_target,False
,,"54 Brown St
Bronte NSW 2024
Australia",EVX,2,AC,22 kW,-33.8992809,151.2589756,Waverley Council,2024,Kerbside Charging R1,118,Sydney - Eastern Suburbs,New South Wales,ev_01607,,not_target,,,,,,,,,,,,,,,,,False,,,not_target,False,not_target,False,not_target,False,not_target,False
,,"55 Grafton St
Bondi Junction NSW 2022
Australia",Chargefox,2,AC,22 kW,-33.890588,151.2457069,Waverley Council,2022,Kerbside Charging R1,118,Sydney - Eastern Suburbs,New South Wales,ev_01608,,not_target,,,,,,,,,,,,,,,,,False,,,not_target,False,not_target,False,not_target,False,not_target,False
,,"55 Grove St
Birchgrove NSW 2041
Australia",PLUS ES,1,AC,22 kW,-33.8513438,151.1821944,Inner West Council,2041,Kerbside Charging R1,120,Sydney - Inner West,New South Wales,ev_01609,,not_target,,,,,,,,,,,,,,,,,False,,,not_target,False,not_target,False,not_target,False,not_target,False
,,"551 Darling St
Rozelle NSW 2039
Australia",EVX,2,AC,22 kW,-33.8591569,151.1716429,Inner West Council,2039,Kerbside Charging R1,120,Sydney - Inner West,New South Wales,ev_01610,,not_target,,,,,,,,,,,,,,,,,False,,,not_target,False,not_target,False,not_target,False,not_target,False
,Ingenia Holiday Park - Middle Rock,"554 Gan Gan Rd
One Mile NSW 2316
Australia",Exploren,1,AC,AC,-32.7667396,152.1153803,Port Stephens Council,2316,Destination Charging R1,106,Hunter Valley exc Newcastle,New South Wales,ev_01611,,not_target,,,,,,,,,,,,,,,,,False,,,not_target,False,not_target,False,not_target,False,not_target,False
,Golden Age,"56 Macquoid St
Queanbeyan East NSW 2620
Australia",EVSE,2,AC,AC,-35.35045,149.2417217,Queanbeyan-Palerang Regional Council,2620,Destination Charging R2,101,Capital Region,New South Wales,ev_01612,,not_target,,,,,,,,,,,,,,,,,False,,,not_target,False,not_target,False,not_target,False,not_target,False
,,"57 Mallett St
Camperdown NSW 2050
Australia",PLUS ES,1,AC,22 kW,-33.8906952,151.1778286,Inner West Council,2050,Kerbside Charging R1,117,Sydney - City and Inner South,New South Wales,ev_01613,,not_target,,,,,,,,,,,,,,,,,False,,,not_target,False,not_target,False,not_target,False,not_target,False
,Tallawudjah Dog,"57-59 Coramba St
Glenreagh NSW 2450
Australia",Exploren,1,AC,AC,-30.0510567,152.979123,Clarence Valley Council,2450,Destination Charging R1,104,Coffs Harbour - Grafton,New South Wales,ev_01614,,not_target,,,,,,,,,,,,,,,,,False,,,not_target,False,not_target,False,not_target,False,not_target,False
,,"58 Wharf Rd
Newcastle East NSW 2300
Australia",Chargefox,8,AC,7 kW,-32.9241397,151.7894274,Newcastle City Council,2300,Kerbside Charging R1,111,Newcastle and Lake Macquarie,New South Wales,ev_01615,,not_target,,,,,,,,,,,,,,,,,False,,,not_target,False,not_target,False,not_target,False,not_target,False
,,"59 Church St
Randwick NSW 2031
Australia",PLUS ES,1,AC,7 kW,-33.9119025,151.2383856,Randwick City Council,2031,Kerbside Charging R1,118,Sydney - Eastern Suburbs,New South Wales,ev_01616,,not_target,,,,,,,,,,,,,,,,,False,,,not_target,False,not_target,False,not_target,False,not_target,False
,THE CARRINGTON INN,"59 Ellendon St
Bungendore NSW 2621
Australia",Exploren,8,AC,AC,-35.2576671,149.4393896,Queanbeyan-Palerang Regional Council,2621,Destination Charging R1,101,Capital Region,New South Wales,ev_01617,,not_target,,,,,,,,,,,,,,,,,False,,,not_target,False,not_target,False,not_target,False,not_target,False
,,"59 Holmwood St
Newtown NSW 2042
Australia",PLUS ES,1,AC,22 kW,-33.9043602,151.1777948,Inner West Council,2042,Kerbside Charging R1,117,Sydney - City and Inner South,New South Wales,ev_01618,,not_target,,,,,,,,,,,,,,,,,False,,,not_target,False,not_target,False,not_target,False,not_target,False
,,"59 Lennox St, Richmond, 2753",Counties Energy,2,AC,22 kW,-33.60129234,150.7534484,Hawkesbury City Council,2753,Existing Destination Chargers,124,Sydney - Outer West and Blue Mountains,New South Wales,ev_01619,,not_target,,,,,,,,,,,,,,,,,False,,,not_target,False,not_target,False,not_target,False,not_target,False
,,"59 Metropolitan Rd
Enmore NSW 2042
Australia",PLUS ES,1,AC,22 kW,-33.9011767,151.1723823,Inner West Council,2042,Kerbside Charging R1,117,Sydney - City and Inner South,New South Wales,ev_01620,,not_target,,,,,,,,,,,,,,,,,False,,,not_target,False,not_target,False,not_target,False,not_target,False
,,"59 Windsor St
Paddington NSW 2021
Australia",PLUS ES,1,AC,7 kW,-33.8851011,151.2333722,Woollahra Municipal Council,2021,Kerbside Charging R1,118,Sydney - Eastern Suburbs,New South Wales,ev_01621,,not_target,,,,,,,,,,,,,,,,,False,,,not_target,False,not_target,False,not_target,False,not_target,False
,,"592 Anzac Pde
Kingsford NSW 2032
Australia",Evie Networks,4,DC,75 kW,-33.9260318,151.2312658,Randwick City Council,2032,Kerbside Charging R1,118,Sydney - Eastern Suburbs,New South Wales,ev_01622,"-33.926032,151.231266",review_unresolved,,,,,,,,,,,,,,,,,False,,,review_shared_external,False,unmatched,False,unmatched,False,review_identity,False
,,"6 Burt St
Rozelle NSW 2039
Australia",PLUS ES,1,AC,22 kW,-33.8683879,151.17213,Inner West Council,2039,Kerbside Charging R1,120,Sydney - Inner West,New South Wales,ev_01623,,not_target,,,,,,,,,,,,,,,,,False,,,not_target,False,not_target,False,not_target,False,not_target,False
,NRMA Parks and Resorts,"6 Kosciuszko Rd
Jindabyne NSW 2627
Australia",Chargefox,8,AC,AC,-36.4136981,148.6200042,Snowy Monaro Regional Council,2627,Destination Charging R1,101,Capital Region,New South Wales,ev_01624,,not_target,,,,,,,,,,,,,,,,,False,,,not_target,False,not_target,False,not_target,False,not_target,False
,Broulee,"6 Lyttle St
Broulee NSW 2537
Australia",Exploren,4,AC,AC,-35.856913,150.1737786,Eurobodalla Shire Council,2537,Destination Charging R2,101,Capital Region,New South Wales,ev_01625,,not_target,,,,,,,,,,,,,,,,,False,,,not_target,False,not_target,False,not_target,False,not_target,False
,Buronga Midway Centre,"6 Midway Dr
Buronga NSW 2739
Australia",Chargefox,2,AC,AC,-34.1746262,142.1997768,Wentworth Shire Council,2739,Destination Charging R2,109,Murray,New South Wales,ev_01626,,not_target,,,,,,,,,,,,,,,,,False,,,not_target,False,not_target,False,not_target,False,not_target,False
,Cooma Motor Lodge,"6 Sharp St
Cooma NSW 2630
Australia",Charge Hub,4,AC,AC,-36.2295752,149.1352524,Snowy Monaro Regional Council,2630,Destination Charging R2,101,Capital Region,New South Wales,ev_01627,,not_target,,,,,,,,,,,,,,,,,False,,,not_target,False,not_target,False,not_target,False,not_target,False
,,"60-62 Amherst St
Cammeray NSW 2062
Australia",Evie Networks,4,DC,50 kW,-33.8227718,151.2109254,North Sydney Council,2062,Kerbside Charging R1,121,Sydney - North Sydney and Hornsby,New South Wales,ev_01628,"-33.822772,151.210925",review_unresolved,,,,,,,,,,,,,,,,,False,,,review_ambiguous,False,unmatched,False,unmatched,False,unmatched,False
,,"61 Broome St
Maroubra NSW 2035
Australia",PLUS ES,1,AC,22 kW,-33.9532638,151.2503323,Randwick City Council,2035,Kerbside Charging R1,118,Sydney - Eastern Suburbs,New South Wales,ev_01629,,not_target,,,,,,,,,,,,,,,,,False,,,not_target,False,not_target,False,not_target,False,not_target,False
,The Builders Club,"61 Church St
Wollongong NSW 2500
Australia",Non-networked,3,AC,AC,-34.4206636,150.8968306,Wollongong City Council,2500,Destination Charging R2,107,Illawarra,New South Wales,ev_01630,,not_target,,,,,,,,,,,,,,,,,False,,,not_target,False,not_target,False,not_target,False,not_target,False
,,"61 Constitution Rd
Dulwich Hill NSW 2203
Australia",EVE Australia,2,AC,22 kW,-33.9015095,151.1367499,Inner West Council,2203,Kerbside Charging R1,120,Sydney - Inner West,New South Wales,ev_01631,,not_target,,,,,,,,,,,,,,,,,False,,,not_target,False,not_target,False,not_target,False,not_target,False
,The Beach Rooms,"6-10 Fraser St
Nambucca Heads NSW 2448
Australia",Chargefox,4,AC,AC,-30.6444023,153.003824,Nambucca Valley Council,2448,Destination Charging R2,108,Mid North Coast,New South Wales,ev_01632,,not_target,,,,,,,,,,,,,,,,,False,,,not_target,False,not_target,False,not_target,False,not_target,False
,Wentworth Civic Centre Carpark,"61-79 Darling St
Wentworth NSW 2648
Australia",Chargefox,2,AC,AC,-34.1060549,141.9197893,Wentworth Shire Council,2648,Destination Charging R2,109,Murray,New South Wales,ev_01633,,not_target,,,,,,,,,,,,,,,,,False,,,not_target,False,not_target,False,not_target,False,not_target,False
,,618 Dean St Albury NSW 2640 Australia,Tesla,16,DC,175 kW,-36.0796606,146.9138899,Albury City Council,2640,Fast Charging R1,109,Murray,New South Wales,ev_01634,"-36.079661,146.913890",matched,49.25,nearby_identity,300154,Tesla Supercharger Albury,"Stanley Street, Albury, 2640",Tesla (including non-tesla),CCS (Type 2),$0.69/kWh,Public - Membership Required,,12,Operational,2024-06-25T11:24:00Z,Open Charge Map Contributors,Licensed under Creative Commons Attribution 4.0 International (CC BY 4.0),https://openchargemap.org/site/poi/details/300154,True,ocm,ocm,unmatched,False,unmatched,False,matched,True,review_identity,False
,Alexander Motor inn,"62 Alice St
Moree NSW 2400
Australia",360 EV Charge,4,AC,AC,-29.4717271,149.8426258,Moree Plains Shire Council,2400,Destination Charging R2,110,New England and North West,New South Wales,ev_01635,,not_target,,,,,,,,,,,,,,,,,False,,,not_target,False,not_target,False,not_target,False,not_target,False
,Dunghutti-Ngaku Aboriginal Art Gallery,"62-118 Lachlan St
South Kempsey NSW 2440
Australia",Exploren,2,AC,AC,-31.096702,152.8350719,Kempsey Shire Council,2440,Destination Charging R2,108,Mid North Coast,New South Wales,ev_01636,,not_target,,,,,,,,,,,,,,,,,False,,,not_target,False,not_target,False,not_target,False,not_target,False
,,"626 Mowbray Rd
Lane Cove North NSW 2066
Australia",PLUS ES,1,AC,22 kW,-33.8048995,151.1561335,Lane Cove Municipal Council,2066,Kerbside Charging R1,121,Sydney - North Sydney and Hornsby,New South Wales,ev_01637,,not_target,,,,,,,,,,,,,,,,,False,,,not_target,False,not_target,False,not_target,False,not_target,False
,Poet's Cottage,"63 Valley Rd
Wentworth Falls NSW 2782
Australia",Charge Hub,1,AC,AC,-33.7148217,150.3638247,Blue Mountains City Council,2782,Destination Charging R2,124,Sydney - Outer West and Blue Mountains,New South Wales,ev_01638,,not_target,,,,,,,,,,,,,,,,,False,,,not_target,False,not_target,False,not_target,False,not_target,False
,,"63 Wild St
Maroubra NSW 2035
Australia",Chargefox,2,AC,22 kW,-33.944523,151.2320525,Randwick City Council,2035,Kerbside Charging R1,118,Sydney - Eastern Suburbs,New South Wales,ev_01639,,not_target,,,,,,,,,,,,,,,,,False,,,not_target,False,not_target,False,not_target,False,not_target,False
,,"64 Coogee Bay Rd
Randwick NSW 2031
Australia",PLUS ES,1,AC,22 kW,-33.9191344,151.247214,Randwick City Council,2031,Kerbside Charging R1,118,Sydney - Eastern Suburbs,New South Wales,ev_01640,,not_target,,,,,,,,,,,,,,,,,False,,,not_target,False,not_target,False,not_target,False,not_target,False
,The Convent Hunter Valley Hotel,"64 Halls Rd
Pokolbin NSW 2320
Australia",Non-networked,2,AC,AC,-32.7804911,151.315169,Cessnock City Council,2320,Destination Charging R2,106,Hunter Valley exc Newcastle,New South Wales,ev_01641,,not_target,,,,,,,,,,,,,,,,,False,,,not_target,False,not_target,False,not_target,False,not_target,False
,,"64 Kensington Rd
Summer Hill NSW 2130
Australia",PLUS ES,1,AC,7 kW,-33.8882449,151.1391625,Inner West Council,2130,Kerbside Charging R1,120,Sydney - Inner West,New South Wales,ev_01642,,not_target,,,,,,,,,,,,,,,,,False,,,not_target,False,not_target,False,not_target,False,not_target,False
,,"64-106 Mallett St, Camperdown, NSW, 2050, Australia",PLUS ES,1,AC,22 kW,-33.8886501,151.1778381,"Sydney, Council of the City of",2050,Kerbside Charging R1,117,Sydney - City and Inner South,New South Wales,ev_01643,,not_target,,,,,,,,,,,,,,,,,False,,,not_target,False,not_target,False,not_target,False,not_target,False
,,"642 Mowbray Rd
Lane Cove North NSW 2066
Australia",PLUS ES,1,AC,7 kW,-33.804692,151.1551155,Lane Cove Municipal Council,2066,Kerbside Charging R1,121,Sydney - North Sydney and Hornsby,New South Wales,ev_01644,,not_target,,,,,,,,,,,,,,,,,False,,,not_target,False,not_target,False,not_target,False,not_target,False
,,"65 Booth St
Annandale NSW 2038
Australia",EVX,2,AC,22 kW,-33.8818903,151.1727116,Inner West Council,2038,Kerbside Charging R1,120,Sydney - Inner West,New South Wales,ev_01645,,not_target,,,,,,,,,,,,,,,,,False,,,not_target,False,not_target,False,not_target,False,not_target,False
,,"65 Elizabeth St
Paddington NSW 2021
Australia",PLUS ES,1,AC,22 kW,-33.8847177,151.2334795,Woollahra Municipal Council,2021,Kerbside Charging R1,118,Sydney - Eastern Suburbs,New South Wales,ev_01646,,not_target,,,,,,,,,,,,,,,,,False,,,not_target,False,not_target,False,not_target,False,not_target,False
,,"65 Hume St
Crows Nest NSW 2065
Australia",Evie Networks,4,DC,75 kW,-33.8243185,151.2002301,North Sydney Council,2065,Kerbside Charging R1,121,Sydney - North Sydney and Hornsby,New South Wales,ev_01647,"-33.824318,151.200230",review_unresolved,,,,,,,,,,,,,,,,,False,,,review_identity,False,unmatched,False,review_identity,False,review_identity,False
,,"66 Dover Rd
Rose Bay NSW 2029
Australia",EVX,2,AC,22 kW,-33.8732703,151.2743173,Waverley Council,2029,Kerbside Charging R1,118,Sydney - Eastern Suburbs,New South Wales,ev_01648,,not_target,,,,,,,,,,,,,,,,,False,,,not_target,False,not_target,False,not_target,False,not_target,False
,The Commercial Hotel Wallerawang,"66 Main St
Wallerawang NSW 2845
Australia",Exploren,4,AC,AC,-33.4073176,150.0674988,"Lithgow Council, City of",2845,Destination Charging R2,103,Central West,New South Wales,ev_01649,,not_target,,,,,,,,,,,,,,,,,False,,,not_target,False,not_target,False,not_target,False,not_target,False
,,"66 Mill Hill Rd
Bondi Junction NSW 2022
Australia",PLUS ES,1,AC,22 kW,-33.8927166,151.244189,Waverley Council,2022,Kerbside Charging R1,118,Sydney - Eastern Suburbs,New South Wales,ev_01650,,not_target,,,,,,,,,,,,,,,,,False,,,not_target,False,not_target,False,not_target,False,not_target,False
,,"67 Boomerang St
Haberfield NSW 2045
Australia",PLUS ES,1,AC,22 kW,-33.870799,151.1454843,Inner West Council,2045,Kerbside Charging R1,120,Sydney - Inner West,New South Wales,ev_01651,,not_target,,,,,,,,,,,,,,,,,False,,,not_target,False,not_target,False,not_target,False,not_target,False
,,"67 John St
Leichhardt NSW 2040
Australia",EVE Australia,4,AC,22 kW,-33.8804965,151.1661681,Inner West Council,2040,Kerbside Charging R1,120,Sydney - Inner West,New South Wales,ev_01652,,not_target,,,,,,,,,,,,,,,,,False,,,not_target,False,not_target,False,not_target,False,not_target,False
,,"67 Lilyfield Rd
Rozelle NSW 2039
Australia",EVE Australia,2,AC,22 kW,-33.8689498,151.1716716,Inner West Council,2039,Kerbside Charging R1,120,Sydney - Inner West,New South Wales,ev_01653,,not_target,,,,,,,,,,,,,,,,,False,,,not_target,False,not_target,False,not_target,False,not_target,False
,Bulahdelah Motor Lodge,"67-71 Bulahdelah Way
Bulahdelah NSW 2423
Australia",Non-networked,2,AC,AC,-32.4092056,152.2106639,Mid-Coast Council,2423,Destination Charging R2,108,Mid North Coast,New South Wales,ev_01654,,not_target,,,,,,,,,,,,,,,,,False,,,not_target,False,not_target,False,not_target,False,not_target,False
,Woomargama Village Hotel Motel,"679 Woomargama Way
Woomargama NSW 2644
Australia",EVUp,4,AC,AC,-35.8332433,147.2484602,Greater Hume Shire Council,2644,Destination Charging R2,109,Murray,New South Wales,ev_01655,,not_target,,,,,,,,,,,,,,,,,False,,,not_target,False,not_target,False,not_target,False,not_target,False
,Deniliquin Country Club Motor Inn,"68 Crispe St
Deniliquin NSW 2710
Australia",EVUp,3,AC,AC,-35.5372847,144.9664112,Edward River Council,2710,Destination Charging R1,109,Murray,New South Wales,ev_01656,,not_target,,,,,,,,,,,,,,,,,False,,,not_target,False,not_target,False,not_target,False,not_target,False
,,"68 Lead St, Yass NSW 2582, Australia",Tesla,12,DC,175 kW,-34.8436036,148.9142289,Yass Valley Council,2582,Fast Charging R1,101,Capital Region,New South Wales,ev_01657,"-34.843604,148.914229",matched,25.08,nearby_identity,296045,Tesla Superchargers Yass,"Lead Street, Yass, 2582",Tesla (including non-tesla),CCS (Type 2),$0.52/kWh,Public - Membership Required,,1,Operational,2024-03-06T09:49:00Z,Open Charge Map Contributors,Licensed under Creative Commons Attribution 4.0 International (CC BY 4.0),https://openchargemap.org/site/poi/details/296045,True,ocm,ocm; osm,unmatched,False,unmatched,False,matched,True,matched,True
,Maranda Country Estate,"68 Wollombi St
Broke NSW 2330
Australia",Exploren,2,AC,AC,-32.7381559,151.099194,Singleton Council,2330,Destination Charging R2,106,Hunter Valley exc Newcastle,New South Wales,ev_01658,,not_target,,,,,,,,,,,,,,,,,False,,,not_target,False,not_target,False,not_target,False,not_target,False
,,"69 Bay St
Double Bay NSW 2028
Australia",Chargefox,2,AC,22 kW,-33.8746078,151.2425765,Woollahra Municipal Council,2028,Kerbside Charging R1,118,Sydney - Eastern Suburbs,New South Wales,ev_01659,,not_target,,,,,,,,,,,,,,,,,False,,,not_target,False,not_target,False,not_target,False,not_target,False
,Glenworth Valley Outdoor Adventures,"69 Cooks Rd
Glenworth Valley NSW 2250
Australia",Everty,4,AC,AC,-33.4031523,151.192874,Central Coast Council,2250,Destination Charging R1,102,Central Coast,New South Wales,ev_01660,,not_target,,,,,,,,,,,,,,,,,False,,,not_target,False,not_target,False,not_target,False,not_target,False
,,"69 St Marks Rd
Randwick NSW 2031
Australia",PLUS ES,1,AC,22 kW,-33.9131216,151.2466295,Randwick City Council,2031,Kerbside Charging R1,118,Sydney - Eastern Suburbs,New South Wales,ev_01661,,not_target,,,,,,,,,,,,,,,,,False,,,not_target,False,not_target,False,not_target,False,not_target,False
,Cael's Gate Wines,"697 Wollombi Rd
Broke NSW 2330
Australia",Exploren,2,AC,AC,-32.7954858,151.0769092,Singleton Council,2330,Destination Charging R2,106,Hunter Valley exc Newcastle,New South Wales,ev_01662,,not_target,,,,,,,,,,,,,,,,,False,,,not_target,False,not_target,False,not_target,False,not_target,False
,Park Proxi Gibraltar Bowral,"7 Boronia St
Bowral NSW 2576
Australia",Exploren,4,AC,AC,-34.4662955,150.4136177,Wingecarribee Shire Council,2576,Destination Charging R2,114,Southern Highlands and Shoalhaven,New South Wales,ev_01663,,not_target,,,,,,,,,,,,,,,,,False,,,not_target,False,not_target,False,not_target,False,not_target,False
,,"7 Collingwood St
Bronte NSW 2024
Australia",Chargefox,2,AC,22 kW,-33.9071736,151.2655304,Waverley Council,2024,Kerbside Charging R1,118,Sydney - Eastern Suburbs,New South Wales,ev_01664,,not_target,,,,,,,,,,,,,,,,,False,,,not_target,False,not_target,False,not_target,False,not_target,False
,,"7 Holmwood St
Newtown NSW 2042
Australia",PLUS ES,1,AC,22 kW,-33.9038755,151.1793331,Inner West Council,2042,Kerbside Charging R1,117,Sydney - City and Inner South,New South Wales,ev_01665,,not_target,,,,,,,,,,,,,,,,,False,,,not_target,False,not_target,False,not_target,False,not_target,False
,,"7 Jersey Rd
Woollahra NSW 2025
Australia",PLUS ES,1,AC,22 kW,-33.888478,151.2326973,Woollahra Municipal Council,2025,Kerbside Charging R1,118,Sydney - Eastern Suburbs,New South Wales,ev_01666,,not_target,,,,,,,,,,,,,,,,,False,,,not_target,False,not_target,False,not_target,False,not_target,False
,Wanderers Retreat,"7 Koala Pl
One Mile NSW 2316
Australia",Everty,4,AC,AC,-32.7765516,152.1098183,Port Stephens Council,2316,Destination Charging R2,106,Hunter Valley exc Newcastle,New South Wales,ev_01667,,not_target,,,,,,,,,,,,,,,,,False,,,not_target,False,not_target,False,not_target,False,not_target,False
,Gosford Palms Motor Inn,"7 Moore St
West Gosford NSW 2250
Australia",EVNet,2,AC,AC,-33.4264633,151.3325267,Central Coast Council,2250,Destination Charging R2,102,Central Coast,New South Wales,ev_01668,,not_target,,,,,,,,,,,,,,,,,False,,,not_target,False,not_target,False,not_target,False,not_target,False
,,"7 Northwood Rd, Longueville NSW 2066, Australia",BP,4,DC,175 kW,-33.8245399,151.172579,Lane Cove Municipal Council,2066,Fast Charging R1,121,Sydney - North Sydney and Hornsby,New South Wales,ev_01669,"-33.824540,151.172579",matched,13.91,nearby_identity,node/13103099620,,,bp pulse,CCS Type 2,,,,,,,OpenStreetMap contributors,ODbL 1.0; https://www.openstreetmap.org/copyright,https://www.openstreetmap.org/node/13103099620,True,osm,osm,unmatched,False,unmatched,False,unmatched,False,matched,True
,,"7 Poynton Pl
Thornton NSW 2322
Australia",Chargefox,2,AC,AC,-32.7958699,151.6383771,Maitland City Council,2322,Destination Charging R1,106,Hunter Valley exc Newcastle,New South Wales,ev_01670,,not_target,,,,,,,,,,,,,,,,,False,,,not_target,False,not_target,False,not_target,False,not_target,False
,ZIG ZAG MOTEL,"70 Chifley Rd
Vale of Clwydd NSW 2790
Australia",Everty,2,AC,AC,-33.4771293,150.1725465,"Lithgow Council, City of",2790,Destination Charging R2,103,Central West,New South Wales,ev_01671,,not_target,,,,,,,,,,,,,,,,,False,,,not_target,False,not_target,False,not_target,False,not_target,False
,,"70 Lower Gibbes St
Chatswood NSW 2067
Australia",EVX,2,AC,22 kW,-33.7856331,151.1976319,Willoughby City Council,2067,Kerbside Charging R1,121,Sydney - North Sydney and Hornsby,New South Wales,ev_01672,,not_target,,,,,,,,,,,,,,,,,False,,,not_target,False,not_target,False,not_target,False,not_target,False
,Byron Shire Council Administration Building Public Carpark,"70 Station St
Mullumbimby NSW 2482
Australia",Chargefox,2,AC,AC,-28.5544073,153.5025086,Byron Shire Council,2482,Destination Charging R2,112,Richmond - Tweed,New South Wales,ev_01673,,not_target,,,,,,,,,,,,,,,,,False,,,not_target,False,not_target,False,not_target,False,not_target,False
,Gartelmann Wines,"701 Lovedale Rd
Lovedale NSW 2325
Australia",EVNet,2,AC,AC,-32.7450596,151.3879283,Cessnock City Council,2325,Destination Charging R2,106,Hunter Valley exc Newcastle,New South Wales,ev_01674,,not_target,,,,,,,,,,,,,,,,,False,,,not_target,False,not_target,False,not_target,False,not_target,False
,,"7-11 Old Hume Hwy
Mittagong NSW 2575
Australia",Smart Charge,2,AC,AC,-34.4480824,150.4561517,Wingecarribee Shire Council,2575,Destination Charging R1,114,Southern Highlands and Shoalhaven,New South Wales,ev_01675,,not_target,,,,,,,,,,,,,,,,,False,,,not_target,False,not_target,False,not_target,False,not_target,False
,Deniliquin RSL Club Ltd,"72 End St
Deniliquin NSW 2710
Australia",Smart Charge,8,AC,AC,-35.5355744,144.9673445,Edward River Council,2710,Destination Charging R1,109,Murray,New South Wales,ev_01676,,not_target,,,,,,,,,,,,,,,,,False,,,not_target,False,not_target,False,not_target,False,not_target,False
,Hall St Carpark - Warialda,"72 Hope St
Warialda NSW 2402
Australia",Exploren,1,AC,AC,-29.5408204,150.5760029,Gwydir Shire Council,2402,Destination Charging R2,110,New England and North West,New South Wales,ev_01677,,not_target,,,,,,,,,,,,,,,,,False,,,not_target,False,not_target,False,not_target,False,not_target,False
,,72 Lachlan St Hay NSW 2711 Australia,Tesla,6,DC,175 kW,-34.5115082,144.8422816,Hay Shire Council,2711,Fast Charging R1,109,Murray,New South Wales,ev_01678,"-34.511508,144.842282",matched,14.06,nearby_identity,node/12087095506,Tesla Supercharger,,Tesla,CCS Type 2,,,,,,,OpenStreetMap contributors,ODbL 1.0; https://www.openstreetmap.org/copyright,https://www.openstreetmap.org/node/12087095506,True,osm,osm,unmatched,False,unmatched,False,review_identity,False,matched,True
,,"72 Watt St
Newcastle NSW 2300
Australia",Chargefox,2,AC,22 kW,-32.9314045,151.7820601,Newcastle City Council,2300,Kerbside Charging R1,111,Newcastle and Lake Macquarie,New South Wales,ev_01679,,not_target,,,,,,,,,,,,,,,,,False,,,not_target,False,not_target,False,not_target,False,not_target,False
,,"726 Bourke St
Redfern NSW 2016
Australia",EVX,2,AC,22 kW,-33.8940195,151.2141751,"Sydney, Council of the City of",2016,Kerbside Charging R1,117,Sydney - City and Inner South,New South Wales,ev_01680,,not_target,,,,,,,,,,,,,,,,,False,,,not_target,False,not_target,False,not_target,False,not_target,False
,Mid-Western Regional Council,"73 Louee St
Rylstone NSW 2849
Australia",Smart Charge,2,AC,AC,-32.7976467,149.970402,Mid-Western Regional Council,2849,Destination Charging R1,103,Central West,New South Wales,ev_01681,,not_target,,,,,,,,,,,,,,,,,False,,,not_target,False,not_target,False,not_target,False,not_target,False
,Bermagui Fishermen's Co-Operative,"73-79 Lamont St
Bermagui NSW 2546
Australia",Chargefox,2,AC,AC,-36.4266414,150.0714385,Bega Valley Shire Council,2546,Destination Charging R1,101,Capital Region,New South Wales,ev_01682,,not_target,,,,,,,,,,,,,,,,,False,,,not_target,False,not_target,False,not_target,False,not_target,False
,,"75 Corunna Rd
Stanmore NSW 2048
Australia",PLUS ES,1,AC,22 kW,-33.8889825,151.1684613,Inner West Council,2048,Kerbside Charging R1,117,Sydney - City and Inner South,New South Wales,ev_01683,,not_target,,,,,,,,,,,,,,,,,False,,,not_target,False,not_target,False,not_target,False,not_target,False
,,"75 Park Rd
Naremburn NSW 2065
Australia",EVX,2,AC,22 kW,-33.8155469,151.194236,Willoughby City Council,2065,Kerbside Charging R1,121,Sydney - North Sydney and Hornsby,New South Wales,ev_01684,,not_target,,,,,,,,,,,,,,,,,False,,,not_target,False,not_target,False,not_target,False,not_target,False
,Tumut Riverina Highlands Building Public Car Park,"76 Capper St
Tumut NSW 2720
Australia",Chargefox,4,AC,AC,-35.3012354,148.2201425,Snowy Valleys Council,2720,Destination Charging R2,113,Riverina,New South Wales,ev_01685,,not_target,,,,,,,,,,,,,,,,,False,,,not_target,False,not_target,False,not_target,False,not_target,False
,Coolamon Shire Council,"76 Ford St
Ganmain NSW 2702
Australia",Exploren,2,AC,AC,-34.7933852,147.0388513,Coolamon Shire Council,2702,Destination Charging R1,113,Riverina,New South Wales,ev_01686,,not_target,,,,,,,,,,,,,,,,,False,,,not_target,False,not_target,False,not_target,False,not_target,False
,Palms Oasis Motel Coopernook,"76 George Gibson Dr
Coopernook NSW 2426
Australia",Everty,2,AC,AC,-31.8234893,152.6161719,Mid-Coast Council,2426,Destination Charging R2,108,Mid North Coast,New South Wales,ev_01687,,not_target,,,,,,,,,,,,,,,,,False,,,not_target,False,not_target,False,not_target,False,not_target,False
,,"76 Glossop St, North St Marys NSW 2760, Australia",BP,4,DC,175 kW,-33.7601979,150.7816339,Penrith City Council,2760,Fast Charging R1,124,Sydney - Outer West and Blue Mountains,New South Wales,ev_01688,"-33.760198,150.781634",review_unresolved,,,,,,,,,,,,,,,,,False,,,unmatched,False,unmatched,False,unmatched,False,review_ambiguous,False
,Latitude 32 Cellar Door,"771 Hermitage Rd
Pokolbin NSW 2320
Australia",Non-networked,2,AC,AC,-32.7165581,151.2572876,Singleton Council,2320,Destination Charging R2,106,Hunter Valley exc Newcastle,New South Wales,ev_01689,,not_target,,,,,,,,,,,,,,,,,False,,,not_target,False,not_target,False,not_target,False,not_target,False
,Highlands Motor Inn,"77-79 Dart St
Oberon NSW 2787
Australia",CasaCharge,2,AC,AC,-33.7021774,149.8557833,Oberon Council,2787,Destination Charging R2,103,Central West,New South Wales,ev_01690,,not_target,,,,,,,,,,,,,,,,,False,,,not_target,False,not_target,False,not_target,False,not_target,False
,Jervis Bay Holiday Park,"785 Woollamia Rd
Woollamia NSW 2540
Australia",Exploren,2,AC,AC,-35.0226143,150.6608772,Shoalhaven City Council,2540,Destination Charging R2,114,Southern Highlands and Shoalhaven,New South Wales,ev_01691,,not_target,,,,,,,,,,,,,,,,,False,,,not_target,False,not_target,False,not_target,False,not_target,False
,Esca Bimbadgen,"790 McDonalds Rd
Pokolbin NSW 2320
Australia",Chargefox,2,AC,AC,-32.7442062,151.3156084,Cessnock City Council,2320,Destination Charging R2,106,Hunter Valley exc Newcastle,New South Wales,ev_01692,,not_target,,,,,,,,,,,,,,,,,False,,,not_target,False,not_target,False,not_target,False,not_target,False
,,"8 Belmore St
Enmore NSW 2042
Australia",PLUS ES,1,AC,22 kW,-33.8982772,151.1730843,Inner West Council,2042,Kerbside Charging R1,117,Sydney - City and Inner South,New South Wales,ev_01693,,not_target,,,,,,,,,,,,,,,,,False,,,not_target,False,not_target,False,not_target,False,not_target,False
,,"8 Eastbourne Ave
Clovelly NSW 2031
Australia",Chargefox,2,AC,22 kW,-33.9128921,151.2670905,Randwick City Council,2031,Kerbside Charging R1,118,Sydney - Eastern Suburbs,New South Wales,ev_01694,,not_target,,,,,,,,,,,,,,,,,False,,,not_target,False,not_target,False,not_target,False,not_target,False
,,"8 Federation Rd
Camperdown NSW 2050
Australia",EVE Australia,2,DC,60 kW,-33.8934749,151.178294,Inner West Council,2050,Kerbside Charging R1,117,Sydney - City and Inner South,New South Wales,ev_01695,"-33.893475,151.178294",review_unresolved,,,,,,,,,,,,,,,,,False,,,unmatched,False,unmatched,False,unmatched,False,unmatched,False
,,"8 Harris St
Wallsend NSW 2287
Australia",Chargefox,2,AC,7 kW,-32.9000135,151.6697411,Newcastle City Council,2287,Kerbside Charging R1,111,Newcastle and Lake Macquarie,New South Wales,ev_01696,,not_target,,,,,,,,,,,,,,,,,False,,,not_target,False,not_target,False,not_target,False,not_target,False
,,"8 Holtermann St
Crows Nest NSW 2065
Australia",ChargePost,26,AC,22 kW,-33.824556,151.2017523,North Sydney Council,2065,Kerbside Charging R1,121,Sydney - North Sydney and Hornsby,New South Wales,ev_01697,,not_target,,,,,,,,,,,,,,,,,False,,,not_target,False,not_target,False,not_target,False,not_target,False
,Acacia Snowy Motel,"8 Nettin Cct
Jindabyne NSW 2627
Australia",Exploren,4,AC,AC,-36.41917,148.6086205,Snowy Monaro Regional Council,2627,Destination Charging R2,101,Capital Region,New South Wales,ev_01698,,not_target,,,,,,,,,,,,,,,,,False,,,not_target,False,not_target,False,not_target,False,not_target,False
,,"8 Stanley St, Bathurst, NSW, 2795, Australia",NRMA,4,DC,175 kW,-33.413357,149.5853256,Bathurst Regional Council,2795,Fast Charging R1,103,Central West,New South Wales,ev_01699,"-33.413357,149.585326",review_unresolved,,,,,,,,,,,,,,,,,False,,,review_identity,False,unmatched,False,unmatched,False,review_identity,False
,,"80 Victoria Rd
Marrickville NSW 2204
Australia",EVE Australia,2,AC,22 kW,-33.9063008,151.1689967,Inner West Council,2204,Kerbside Charging R1,117,Sydney - City and Inner South,New South Wales,ev_01700,,not_target,,,,,,,,,,,,,,,,,False,,,not_target,False,not_target,False,not_target,False,not_target,False
,Camellia Motel,"80 Whitton St
Narrandera NSW 2700
Australia",Charge OS,4,AC,AC,-34.741197,146.5549449,Narrandera Shire Council,2700,Destination Charging R2,113,Riverina,New South Wales,ev_01701,,not_target,,,,,,,,,,,,,,,,,False,,,not_target,False,not_target,False,not_target,False,not_target,False
,,"801-899R Bunnerong Rd
Chifley NSW 2036
Australia",Chargefox,2,DC,50 kW,-33.9729613,151.2365649,Waverley Council,2036,Kerbside Charging R1,118,Sydney - Eastern Suburbs,New South Wales,ev_01702,"-33.972961,151.236565",review_unresolved,,,,,,,,,,,,,,,,,False,,,unmatched,False,unmatched,False,review_shared_external,False,unmatched,False
,Vacy Rest Stop,"804 Gresford Rd
Vacy NSW 2421
Australia",Exploren,1,AC,AC,-32.5400577,151.5776541,Dungog Shire Council,2421,Destination Charging R2,106,Hunter Valley exc Newcastle,New South Wales,ev_01703,,not_target,,,,,,,,,,,,,,,,,False,,,not_target,False,not_target,False,not_target,False,not_target,False
,,"81 De Vitre St
Lambton NSW 2299
Australia",Chargefox,2,AC,7 kW,-32.9110097,151.7082908,Newcastle City Council,2299,Kerbside Charging R1,111,Newcastle and Lake Macquarie,New South Wales,ev_01704,,not_target,,,,,,,,,,,,,,,,,False,,,not_target,False,not_target,False,not_target,False,not_target,False
,Cootamundra Library Car Park,"81 Wallendoon St
Cootamundra NSW 2590
Australia",Exploren,4,AC,AC,-34.6395032,148.0257059,Cootamundra-gundagai Regional Council,2590,Destination Charging R2,113,Riverina,New South Wales,ev_01705,,not_target,,,,,,,,,,,,,,,,,False,,,not_target,False,not_target,False,not_target,False,not_target,False
,,"8-12 Bega St
Tathra NSW 2550
Australia",Chargefox,2,AC,AC,-36.7278267,149.9885057,Bega Valley Shire Council,2550,Destination Charging R1,101,Capital Region,New South Wales,ev_01706,,not_target,,,,,,,,,,,,,,,,,False,,,not_target,False,not_target,False,not_target,False,not_target,False
,Singleton Diggers - Alroy Park Club,"8-14 Dorsman Dr
Singleton Heights NSW 2330
Australia",Exploren,2,AC,AC,-32.5491609,151.1619536,Singleton Council,2330,Destination Charging R1,106,Hunter Valley exc Newcastle,New South Wales,ev_01707,,not_target,,,,,,,,,,,,,,,,,False,,,not_target,False,not_target,False,not_target,False,not_target,False
,,82 Summer St Orange NSW 2800 Australia,Tesla,6,DC,175 kW,-33.2833264,149.0944601,Orange City Council,2800,Fast Charging R1,103,Central West,New South Wales,ev_01708,"-33.283326,149.094460",review_unresolved,,,,,,,,,,,,,,,,,False,,,unmatched,False,unmatched,False,unmatched,False,unmatched,False
,The Charles Boutique Hotel & Dining,"82 Tarcutta St
Wagga Wagga NSW 2650
Australia",Noodoe,3,AC,AC,-35.1151339,147.3753415,Wagga Wagga City Council,2650,Destination Charging R1,113,Riverina,New South Wales,ev_01709,,not_target,,,,,,,,,,,,,,,,,False,,,not_target,False,not_target,False,not_target,False,not_target,False
,,"8275 Pacific Hwy, New Italy NSW 2472",Tesla,12,DC,175 kW,-30.8015492,152.8689544,Richmond Valley Council,2472,Fast Charging R1,108,Mid North Coast,New South Wales,ev_01710,"-30.801549,152.868954",review_unresolved,,,,,,,,,,,,,,,,,False,,,unmatched,False,unmatched,False,unmatched,False,unmatched,False
,The Civic,"83 Chandos St
Gunnedah NSW 2380
Australia",Exploren,4,AC,AC,-30.9761286,150.2519107,Gunnedah Shire Council,2380,Destination Charging R2,110,New England and North West,New South Wales,ev_01711,,not_target,,,,,,,,,,,,,,,,,False,,,not_target,False,not_target,False,not_target,False,not_target,False
,Mingara Recreation Club,"83 Macquarie Rd
Springwood NSW 2777
Australia",Exploren,2,AC,AC,-33.6984685,150.5696737,Blue Mountains City Council,2777,Destination Charging R1,124,Sydney - Outer West and Blue Mountains,New South Wales,ev_01712,,not_target,,,,,,,,,,,,,,,,,False,,,not_target,False,not_target,False,not_target,False,not_target,False
,Albury Showground,"836 Mate St
North Albury NSW 2640
Australia",Exploren,1,AC,AC,-36.0659794,146.935055,Albury City Council,2640,Destination Charging R2,109,Murray,New South Wales,ev_01713,,not_target,,,,,,,,,,,,,,,,,False,,,not_target,False,not_target,False,not_target,False,not_target,False
,,"84 Frenchmans Rd
Randwick NSW 2031
Australia",PLUS ES,1,AC,22 kW,-33.9072488,151.2505126,Randwick City Council,2031,Kerbside Charging R1,118,Sydney - Eastern Suburbs,New South Wales,ev_01714,,not_target,,,,,,,,,,,,,,,,,False,,,not_target,False,not_target,False,not_target,False,not_target,False
,Lovedale Wedding Chapel and Reception,"842 Lovedale Rd
Allandale NSW 2320
Australia",Exploren,4,AC,AC,-32.7326471,151.3923335,Cessnock City Council,2320,Destination Charging R2,106,Hunter Valley exc Newcastle,New South Wales,ev_01715,,not_target,,,,,,,,,,,,,,,,,False,,,not_target,False,not_target,False,not_target,False,not_target,False
,,"85 Cowper St
Randwick NSW 2031
Australia",EVX,2,AC,22 kW,-33.9092542,151.2421072,Randwick City Council,2031,Kerbside Charging R1,118,Sydney - Eastern Suburbs,New South Wales,ev_01716,,not_target,,,,,,,,,,,,,,,,,False,,,not_target,False,not_target,False,not_target,False,not_target,False
,,"85 Denison St
Bondi Junction NSW 2022
Australia",PLUS ES,1,AC,22 kW,-33.89343,151.2443883,Waverley Council,2022,Kerbside Charging R1,118,Sydney - Eastern Suburbs,New South Wales,ev_01717,,not_target,,,,,,,,,,,,,,,,,False,,,not_target,False,not_target,False,not_target,False,not_target,False
,,"85 South St, Ulladulla NSW 2539, Australia",Evie Networks,4,DC,175 kW,-35.3595567,150.4754013,Shoalhaven City Council,2539,Fast Charging R1,114,Southern Highlands and Shoalhaven,New South Wales,ev_01718,"-35.359557,150.475401",matched,93.61,nearby_identity,6579,Ulladulla Shopping Centre,85 South St  Ulladulla 2539,Evie Networks,CCS Type 2,0.82/kWh,,,,,,Evie Networks official station map,Official website; no open-data licence asserted,https://evie.com.au/find-a-charger/,True,evie,evie,matched,True,unmatched,False,unmatched,False,review_identity,False
,,"850 Woodville Rd, Villawood 2163, NSW",Evie Networks,4,DC,175 kW,-33.8791212,150.9776442,Canterbury Bankstown Council,2163,Fast Charging R2,125,Sydney - Parramatta,New South Wales,ev_01719,"-33.879121,150.977644",matched,89.52,nearby_identity,7185,Timezone – Villawood,824-850 Woodville Rd  Villawood 2163,Evie Networks,CCS Type 2,0.71/kWh + 0.04/kWh (9:00 AM-9:00 PM),,,,,,Evie Networks official station map,Official website; no open-data licence asserted,https://evie.com.au/find-a-charger/,True,evie,evie,matched,True,unmatched,False,unmatched,False,review_identity,False
,Sponars Chalet,"8568 Kosciuszko Rd
Wilsons Valley NSW 2624
Australia",Exploren,4,AC,AC,-36.3599294,148.4849448,Snowy Monaro Regional Council,2624,Destination Charging R2,101,Capital Region,New South Wales,ev_01720,,not_target,,,,,,,,,,,,,,,,,False,,,not_target,False,not_target,False,not_target,False,not_target,False
,,"86 Elswick St
Leichhardt NSW 2040
Australia",PLUS ES,1,AC,7 kW,-33.885178,151.1519273,Inner West Council,2040,Kerbside Charging R1,120,Sydney - Inner West,New South Wales,ev_01721,,not_target,,,,,,,,,,,,,,,,,False,,,not_target,False,not_target,False,not_target,False,not_target,False
,Lake Canobolas,"87 Lake Canobolas Rd
Nashdale NSW 2800
Australia",Exploren,2,AC,AC,-33.2968721,149.0245698,Cabonne Council,2800,Destination Charging R2,103,Central West,New South Wales,ev_01722,,not_target,,,,,,,,,,,,,,,,,False,,,not_target,False,not_target,False,not_target,False,not_target,False
,,"872 Anzac Pde, Maroubra, NSW, 2035",Evie Networks,4,DC,75 kW,-33.9406054,151.2395169,Randwick City Council,2035,Kerbside Charging R1,118,Sydney - Eastern Suburbs,New South Wales,ev_01723,"-33.940605,151.239517",review_unresolved,,,,,,,,,,,,,,,,,False,,,review_shared_external,False,unmatched,False,unmatched,False,review_identity,False
,,"88 Terry St
Tempe NSW 2044
Australia",PLUS ES,1,AC,22 kW,-33.9186508,151.1652517,Inner West Council,2044,Kerbside Charging R1,117,Sydney - City and Inner South,New South Wales,ev_01724,,not_target,,,,,,,,,,,,,,,,,False,,,not_target,False,not_target,False,not_target,False,not_target,False
,,"88-120 Clovelly Rd
Randwick NSW 2031
Australia",PLUS ES,1,AC,22 kW,-33.9091238,151.2486023,Randwick City Council,2031,Kerbside Charging R1,118,Sydney - Eastern Suburbs,New South Wales,ev_01725,,not_target,,,,,,,,,,,,,,,,,False,,,not_target,False,not_target,False,not_target,False,not_target,False
,,"89 Curlewis St
Bondi Beach NSW 2026
Australia",Chargefox,1,AC,7 kW,-33.8879047,151.2722051,Waverley Council,2026,Kerbside Charging R1,118,Sydney - Eastern Suburbs,New South Wales,ev_01726,,not_target,,,,,,,,,,,,,,,,,False,,,not_target,False,not_target,False,not_target,False,not_target,False
,,"9 Ascot St
Kensington NSW 2033
Australia",EVX,2,AC,22 kW,-33.907747,151.2241023,Randwick City Council,2033,Kerbside Charging R1,118,Sydney - Eastern Suburbs,New South Wales,ev_01727,,not_target,,,,,,,,,,,,,,,,,False,,,not_target,False,not_target,False,not_target,False,not_target,False
,,"9 Bessemer St, Mittagong, 2575",NRMA,2,AC,20 kW,-34.45008813,150.4424585,Wingecarribee Shire Council,2575,Existing Destination Chargers,114,Southern Highlands and Shoalhaven,New South Wales,ev_01728,,not_target,,,,,,,,,,,,,,,,,False,,,not_target,False,not_target,False,not_target,False,not_target,False
,,"9 Fort St
Petersham NSW 2049
Australia",PLUS ES,1,AC,22 kW,-33.890109,151.1577673,Inner West Council,2049,Kerbside Charging R1,117,Sydney - City and Inner South,New South Wales,ev_01729,,not_target,,,,,,,,,,,,,,,,,False,,,not_target,False,not_target,False,not_target,False,not_target,False
,Mantra on Salt Beach,"9 Gunnamatta Ave
Kingscliff NSW 2487
Australia",Chargefox,2,AC,AC,-28.2779639,153.5776313,Tweed Shire Council,2487,Destination Charging R1,112,Richmond - Tweed,New South Wales,ev_01730,,not_target,,,,,,,,,,,,,,,,,False,,,not_target,False,not_target,False,not_target,False,not_target,False
,Toronto Workers Club,"9 James St
Toronto NSW 2283
Australia",CasaCharge,4,AC,AC,-33.0104168,151.5915663,Lake Macquarie City Council,2283,Destination Charging R2,111,Newcastle and Lake Macquarie,New South Wales,ev_01731,,not_target,,,,,,,,,,,,,,,,,False,,,not_target,False,not_target,False,not_target,False,not_target,False
,,"9 Nicholson St
Balmain East NSW 2041
Australia",PLUS ES,1,AC,7 kW,-33.856438,151.1933937,Inner West Council,2041,Kerbside Charging R1,120,Sydney - Inner West,New South Wales,ev_01732,,not_target,,,,,,,,,,,,,,,,,False,,,not_target,False,not_target,False,not_target,False,not_target,False
,Tura Garden Centre,"9 Tura Beach Dr
Tura Beach NSW 2548
Australia",EVUp,1,AC,AC,-36.863888,149.9151051,Bega Valley Shire Council,2548,Destination Charging R2,101,Capital Region,New South Wales,ev_01733,,not_target,,,,,,,,,,,,,,,,,False,,,not_target,False,not_target,False,not_target,False,not_target,False
,,"9 Vickery Ave
Rose Bay NSW 2029
Australia",Evie Networks,4,DC,75 kW,-33.8703543,151.2642569,Woollahra Municipal Council,2029,Kerbside Charging R1,118,Sydney - Eastern Suburbs,New South Wales,ev_01734,"-33.870354,151.264257",review_unresolved,,,,,,,,,,,,,,,,,False,,,review_shared_external,False,unmatched,False,unmatched,False,unmatched,False
,,"90 Boundary St
Paddington NSW 2021
Australia",PLUS ES,1,AC,22 kW,-33.8792204,151.224936,Woollahra Municipal Council,2021,Kerbside Charging R1,118,Sydney - Eastern Suburbs,New South Wales,ev_01735,,not_target,,,,,,,,,,,,,,,,,False,,,not_target,False,not_target,False,not_target,False,not_target,False
,Mid-Western Regional Council,"90 Market St
Mudgee NSW 2850
Australia",Smart Charge,2,AC,AC,-32.5900897,149.5835475,Mid-Western Regional Council,2850,Destination Charging R1,103,Central West,New South Wales,ev_01736,,not_target,,,,,,,,,,,,,,,,,False,,,not_target,False,not_target,False,not_target,False,not_target,False
,,"90 Rowntree St
Birchgrove NSW 2041
Australia",PLUS ES,1,AC,7 kW,-33.8534353,151.1802386,Inner West Council,2041,Kerbside Charging R1,120,Sydney - Inner West,New South Wales,ev_01737,,not_target,,,,,,,,,,,,,,,,,False,,,not_target,False,not_target,False,not_target,False,not_target,False
,,"91 Annandale St
Annandale NSW 2038
Australia",PLUS ES,1,AC,22 kW,-33.8830534,151.1686672,Inner West Council,2038,Kerbside Charging R1,120,Sydney - Inner West,New South Wales,ev_01738,,not_target,,,,,,,,,,,,,,,,,False,,,not_target,False,not_target,False,not_target,False,not_target,False
,Cousins Motor Inn,"9-11 Glen Innes Rd
Inverell NSW 2360
Australia",EVUp,2,AC,AC,-29.7793751,151.1164452,Inverell Shire Council,2360,Destination Charging R1,110,New England and North West,New South Wales,ev_01739,,not_target,,,,,,,,,,,,,,,,,False,,,not_target,False,not_target,False,not_target,False,not_target,False
,,"9-11 Layton St
Camperdown NSW 2050
Australia",EVX,2,AC,22 kW,-33.8858813,151.1769326,"Sydney, Council of the City of",2050,Kerbside Charging R1,117,Sydney - City and Inner South,New South Wales,ev_01740,,not_target,,,,,,,,,,,,,,,,,False,,,not_target,False,not_target,False,not_target,False,not_target,False
,,"9-17 Short St, Parkes NSW 2870",Tesla,4,DC,175 kW,-33.1413775,148.1740685,Parkes Shire Council,2870,Fast Charging R1,103,Central West,New South Wales,ev_01741,"-33.141377,148.174069",review_unresolved,,,,,,,,,,,,,,,,,False,,,unmatched,False,unmatched,False,review_identity,False,review_identity,False
,,"924 Anzac Pde
Maroubra NSW 2035
Australia",Evie Networks,2,DC,75 kW,-33.9427694,151.2401202,Randwick City Council,2035,Kerbside Charging R1,118,Sydney - Eastern Suburbs,New South Wales,ev_01742,"-33.942769,151.240120",review_unresolved,,,,,,,,,,,,,,,,,False,,,review_shared_external,False,unmatched,False,unmatched,False,review_identity,False
,Ingenia Holiday Parks - Wagga Wagga,"93 Hammond Ave
Wagga Wagga NSW 2650
Australia",Exploren,4,AC,AC,-35.1212252,147.3886118,Wagga Wagga City Council,2650,Destination Charging R2,113,Riverina,New South Wales,ev_01743,,not_target,,,,,,,,,,,,,,,,,False,,,not_target,False,not_target,False,not_target,False,not_target,False
,,"93 Metropolitan Rd
Enmore NSW 2042
Australia",PLUS ES,1,AC,22 kW,-33.9020556,151.1727031,Inner West Council,2042,Kerbside Charging R1,117,Sydney - City and Inner South,New South Wales,ev_01744,,not_target,,,,,,,,,,,,,,,,,False,,,not_target,False,not_target,False,not_target,False,not_target,False
,Ulan Village Green,"94 Main St
Ulan NSW 2850
Australia",EVUp,2,AC,AC,-32.2784667,149.7443059,Mid-Western Regional Council,2850,Destination Charging R2,103,Central West,New South Wales,ev_01745,,not_target,,,,,,,,,,,,,,,,,False,,,not_target,False,not_target,False,not_target,False,not_target,False
,Osborn House,"96 Osborn Ave
Bundanoon NSW 2578
Australia",Exploren,4,AC,AC,-34.657549,150.3029406,Wingecarribee Shire Council,2578,Destination Charging R2,114,Southern Highlands and Shoalhaven,New South Wales,ev_01746,,not_target,,,,,,,,,,,,,,,,,False,,,not_target,False,not_target,False,not_target,False,not_target,False
,,"96A Dudley St
Coogee NSW 2034
Australia",PLUS ES,1,AC,22 kW,-33.9248666,151.2553779,Randwick City Council,2034,Kerbside Charging R1,118,Sydney - Eastern Suburbs,New South Wales,ev_01747,,not_target,,,,,,,,,,,,,,,,,False,,,not_target,False,not_target,False,not_target,False,not_target,False
,,"97 Cascade St
Paddington NSW 2021
Australia",PLUS ES,1,AC,22 kW,-33.8807351,151.2326531,Woollahra Municipal Council,2021,Kerbside Charging R1,118,Sydney - Eastern Suburbs,New South Wales,ev_01748,,not_target,,,,,,,,,,,,,,,,,False,,,not_target,False,not_target,False,not_target,False,not_target,False
,Hermitage Road,"972 Hermitage Rd
Pokolbin NSW 2320
Australia",Exploren,2,AC,AC,-32.7351499,151.2597837,Singleton Council,2320,Destination Charging R2,106,Hunter Valley exc Newcastle,New South Wales,ev_01749,,not_target,,,,,,,,,,,,,,,,,False,,,not_target,False,not_target,False,not_target,False,not_target,False
,Pioneer Country,"98 Fraser Dr
Tweed Heads South NSW 2486
Australia",Chargefox,2,AC,AC,-28.2016207,153.522817,Tweed Shire Council,2486,Destination Charging R2,112,Richmond - Tweed,New South Wales,ev_01750,,not_target,,,,,,,,,,,,,,,,,False,,,not_target,False,not_target,False,not_target,False,not_target,False
,Hotel Metropole,"98 Keen St
Lismore NSW 2480
Australia",Everty,4,AC,AC,-28.8084207,153.2793444,Lismore City Council,2480,Destination Charging R1,112,Richmond - Tweed,New South Wales,ev_01751,,not_target,,,,,,,,,,,,,,,,,False,,,not_target,False,not_target,False,not_target,False,not_target,False
,,"98 Rowntree St
Birchgrove NSW 2041
Australia",PLUS ES,1,AC,7 kW,-33.8531448,151.1807182,Inner West Council,2041,Kerbside Charging R1,120,Sydney - Inner West,New South Wales,ev_01752,,not_target,,,,,,,,,,,,,,,,,False,,,not_target,False,not_target,False,not_target,False,not_target,False
,Dungowan,"99 Naval Pde
Erowal Bay NSW 2540
Australia",Exploren,4,AC,AC,-35.1026079,150.6502946,Shoalhaven City Council,2540,Destination Charging R2,114,Southern Highlands and Shoalhaven,New South Wales,ev_01753,,not_target,,,,,,,,,,,,,,,,,False,,,not_target,False,not_target,False,not_target,False,not_target,False
,Dubbo Regional Council,"99 Percy St
Wellington NSW 2820
Australia",Smart Charge,2,AC,AC,-32.5549188,148.9421813,Dubbo Regional Council,2820,Destination Charging R1,105,Far West and Orana,New South Wales,ev_01754,,not_target,,,,,,,,,,,,,,,,,False,,,not_target,False,not_target,False,not_target,False,not_target,False
,Eastcoast Beverages,"993 George Downes Dr
Kulnura NSW 2250
Australia",EVSE,3,AC,AC,-33.2299841,151.2179851,Central Coast Council,2250,Destination Charging R2,102,Central Coast,New South Wales,ev_01755,,not_target,,,,,,,,,,,,,,,,,False,,,not_target,False,not_target,False,not_target,False,not_target,False
,EAST MAITLAND BOWLING CLUB.,"Banks St
East Maitland NSW 2323
Australia",Exploren,4,AC,AC,-32.748883,151.5811776,Maitland City Council,2323,Destination Charging R1,106,Hunter Valley exc Newcastle,New South Wales,ev_01756,,not_target,,,,,,,,,,,,,,,,,False,,,not_target,False,not_target,False,not_target,False,not_target,False
,,"Birmingham St, Sydney, 2015",Porsche Smart Mobility,4,AC,22 kW,-33.92094499,151.1944855,"Sydney, Council of the City of",2015,Existing Destination Chargers,117,Sydney - City and Inner South,New South Wales,ev_01757,,not_target,,,,,,,,,,,,,,,,,False,,,not_target,False,not_target,False,not_target,False,not_target,False
,NRMA Parks and Resorts,"Bombah Point Rd
Bulahdelah NSW 2423
Australia",Chargefox,8,AC,AC,-32.4400154,152.2328245,Mid-Coast Council,2423,Destination Charging R1,108,Mid North Coast,New South Wales,ev_01758,,not_target,,,,,,,,,,,,,,,,,False,,,not_target,False,not_target,False,not_target,False,not_target,False
,,"Brewer St
Concord NSW 2137
Australia",Evie Networks,4,DC,75 kW,-33.8538342,151.1054057,City Of Canada Bay Council,2137,Kerbside Charging R1,120,Sydney - Inner West,New South Wales,ev_01759,"-33.853834,151.105406",review_unresolved,,,,,,,,,,,,,,,,,False,,,review_shared_external,False,unmatched,False,unmatched,False,review_identity,False
,Murrumbidgee Council,"Brolga Pl
Coleambally NSW 2707
Australia",Chargefox,2,AC,AC,-34.8064795,145.8801759,Murrumbidgee Council,2707,Destination Charging R1,113,Riverina,New South Wales,ev_01760,,not_target,,,,,,,,,,,,,,,,,False,,,not_target,False,not_target,False,not_target,False,not_target,False
,Bathurst Regional Council,"Budden St
Rockley NSW 2795
Australia",Exploren,2,AC,AC,-33.6897651,149.5663856,Bathurst Regional Council,2795,Destination Charging R1,103,Central West,New South Wales,ev_01761,,not_target,,,,,,,,,,,,,,,,,False,,,not_target,False,not_target,False,not_target,False,not_target,False
,"War Memorial Hall, Tottenham","Bulbodney St
Tottenham NSW 2873
Australia",Exploren,2,AC,AC,-32.2494946,147.3540861,Lachlan Shire Council,2873,Destination Charging R2,103,Central West,New South Wales,ev_01762,,not_target,,,,,,,,,,,,,,,,,False,,,not_target,False,not_target,False,not_target,False,not_target,False
,Berrigan Shire,"Burkinshaw St
Barooga NSW 3644
Australia",Non-networked,2,AC,AC,-35.9066869,145.6880429,Berrigan Shire Council,3644,Destination Charging R1,109,Murray,New South Wales,ev_01763,,not_target,,,,,,,,,,,,,,,,,False,,,not_target,False,not_target,False,not_target,False,not_target,False
,,"Cabarita Beach Bowls and Sports Club, Cabarita Beach NSW 2488",NRMA,4,DC,175 kW,-28.332159,153.5641479,Tweed Shire Council,2488,Fast Charging R1,112,Richmond - Tweed,New South Wales,ev_01764,"-28.332159,153.564148",review_unresolved,,,,,,,,,,,,,,,,,False,,,unmatched,False,unmatched,False,review_identity,False,unmatched,False
,Dubbo Regional Council,"Caves Rd
Mitchell Highway
Wellington NSW 2820
Australia",Smart Charge,2,AC,AC,-32.6202413,148.9470403,Dubbo Regional Council,2820,Destination Charging R1,105,Far West and Orana,New South Wales,ev_01765,,not_target,,,,,,,,,,,,,,,,,False,,,not_target,False,not_target,False,not_target,False,not_target,False
,Kyogle Council,"Clarence St
Tabulam NSW 2469
Australia",Exploren,2,AC,AC,-28.8890741,152.5677423,Kyogle Council,2469,Destination Charging R1,112,Richmond - Tweed,New South Wales,ev_01766,,not_target,,,,,,,,,,,,,,,,,False,,,not_target,False,not_target,False,not_target,False,not_target,False
,,"Cnr Cumberland Hwy & Cabramatta Rd W, Cabramatta NSW 2166, Australia",BP,4,DC,175 kW,-33.8993725,150.9191077,Fairfield City Council,2166,Fast Charging R1,127,Sydney - South West,New South Wales,ev_01767,"-33.899372,150.919108",review_unresolved,,,,,,,,,,,,,,,,,False,,,review_identity,False,unmatched,False,review_identity,False,review_identity,False
,Goolgowi Caravan Park,"Combo St
Goolgowi NSW 2652
Australia",Exploren,2,AC,AC,-33.9803438,145.7073444,Carrathool Shire Council,2652,Destination Charging R2,113,Riverina,New South Wales,ev_01768,,not_target,,,,,,,,,,,,,,,,,False,,,not_target,False,not_target,False,not_target,False,not_target,False
,,"Coonabarabran Visitor Cntr, Coonabarabran, 2357",NRMA,2,DC,50 kW,-31.27879984,149.2792432,Warrumbungle Shire Council,2357,Existing Fast Chargers,105,Far West and Orana,New South Wales,ev_01769,"-31.278800,149.279243",matched,12.9,nearby_identity,191959,NRMA Coonabarabran,"Newell Highway, Coonabarabran",NRMA,CCS (Type 2); CHAdeMO,FREE,Public - Membership Required,,1,Operational,2022-03-10T22:20:00Z,Open Charge Map Contributors,Licensed under Creative Commons Attribution 4.0 International (CC BY 4.0),https://openchargemap.org/site/poi/details/191959,True,ocm,ocm; osm,unmatched,False,unmatched,False,matched,True,matched,True
,,Corner Sturgeon St & Glenelg St Raymond Terrace NSW 2324 Australia,Tesla,12,DC,175 kW,-32.7645423,151.7425233,Port Stephens Council,2324,Fast Charging R1,106,Hunter Valley exc Newcastle,New South Wales,ev_01770,"-32.764542,151.742523",matched,97.25,nearby_identity,297859,Terrace Central [Tesla],"Glenelg Street, Raymond Terrace, 2324",Tesla (including non-tesla),CCS (Type 2),$0.68/kWh,Public - Membership Required,,12,Operational,2026-03-05T09:39:00Z,Open Charge Map Contributors,Licensed under Creative Commons Attribution 4.0 International (CC BY 4.0),https://openchargemap.org/site/poi/details/297859,True,ocm,ocm,unmatched,False,unmatched,False,matched,True,review_identity,False
,,Council Car Park Lot 4 / DP251076 between 46 Lowe Street Queanbeyan NSW 2620,NRMA,4,DC,175 kW,-35.3549827,149.2329145,Queanbeyan-Palerang Regional Council,2620,Fast Charging R1,101,Capital Region,New South Wales,ev_01771,"-35.354983,149.232914",review_unresolved,,,,,,,,,,,,,,,,,False,,,unmatched,False,unmatched,False,unmatched,False,unmatched,False
,Edward River Council,"Cressy St
Deniliquin NSW 2710
Australia",Exploren,4,AC,AC,-35.5268433,144.9609962,Edward River Council,2710,Destination Charging R1,109,Murray,New South Wales,ev_01772,,not_target,,,,,,,,,,,,,,,,,False,,,not_target,False,not_target,False,not_target,False,not_target,False
,Wallendbeen Park Farm,"Cullinga Rd
Wallendbeen NSW 2588
Australia",Exploren,1,AC,AC,-34.5615547,148.1710149,Cootamundra-gundagai Regional Council,2588,Destination Charging R2,113,Riverina,New South Wales,ev_01773,,not_target,,,,,,,,,,,,,,,,,False,,,not_target,False,not_target,False,not_target,False,not_target,False
,Shellharbour City Council,"Cygnet Ave
Shellharbour City Centre NSW 2529
Australia",Chargefox,4,AC,AC,-34.565502,150.8334516,Shellharbour City Council,2529,Destination Charging R1,107,Illawarra,New South Wales,ev_01774,,not_target,,,,,,,,,,,,,,,,,False,,,not_target,False,not_target,False,not_target,False,not_target,False
,Currabubula Recreation Grounds,"Davis St
Currabubula NSW 2342
Australia",Exploren,2,AC,AC,-31.2621086,150.7363082,Liverpool Plains Shire Council,2342,Destination Charging R2,110,New England and North West,New South Wales,ev_01775,,not_target,,,,,,,,,,,,,,,,,False,,,not_target,False,not_target,False,not_target,False,not_target,False
,Early Start Discovery Space,"Early Start Discovery Space (Building 21) University of Wollongong
Northfields Ave
Wollongong NSW 2522
Australia",Chargefox,4,AC,AC,-34.4079569,150.877135,Wollongong City Council,2522,Destination Charging R2,107,Illawarra,New South Wales,ev_01776,,not_target,,,,,,,,,,,,,,,,,False,,,not_target,False,not_target,False,not_target,False,not_target,False
,,"Evans St
Randwick NSW 2031
Australia",PLUS ES,1,AC,22 kW,-33.9039196,151.2386892,Randwick City Council,2031,Kerbside Charging R1,118,Sydney - Eastern Suburbs,New South Wales,ev_01777,,not_target,,,,,,,,,,,,,,,,,False,,,not_target,False,not_target,False,not_target,False,not_target,False
,Weddin Shire Council,"Forbes St
Grenfell NSW 2810
Australia",Exploren,2,AC,AC,-33.8960764,148.1599851,Weddin Shire Council,2810,Destination Charging R1,103,Central West,New South Wales,ev_01778,,not_target,,,,,,,,,,,,,,,,,False,,,not_target,False,not_target,False,not_target,False,not_target,False
,,"Gasworks Ln, Molong, NSW, 2866, Australia",NRMA,4,DC,175 kW,-33.0912006,148.8706612,Cabonne Council,2866,Fast Charging R1,103,Central West,New South Wales,ev_01779,"-33.091201,148.870661",review_unresolved,,,,,,,,,,,,,,,,,False,,,unmatched,False,unmatched,False,unmatched,False,review_identity,False
,Port Kembla Golf Club,"Golf Pl
Primbee NSW 2502
Australia",EVSE,4,AC,AC,-34.5079997,150.8786484,Wollongong City Council,2502,Destination Charging R2,107,Illawarra,New South Wales,ev_01780,,not_target,,,,,,,,,,,,,,,,,False,,,not_target,False,not_target,False,not_target,False,not_target,False
,Ingenia Holiday Parks - South West Rocks.,"Gordon Young Dr
South West Rocks NSW 2431
Australia",Exploren,4,AC,AC,-30.8897222,153.0329191,Kempsey Shire Council,2431,Destination Charging R2,108,Mid North Coast,New South Wales,ev_01781,,not_target,,,,,,,,,,,,,,,,,False,,,not_target,False,not_target,False,not_target,False,not_target,False
,Club Lemon Tree,"Gould Dr
Lemon Tree Passage NSW 2319
Australia",Exploren,4,AC,AC,-32.7344282,152.0354666,Port Stephens Council,2319,Destination Charging R1,106,Hunter Valley exc Newcastle,New South Wales,ev_01782,,not_target,,,,,,,,,,,,,,,,,False,,,not_target,False,not_target,False,not_target,False,not_target,False
,,"Gouldsbury St
Mosman NSW 2088
Australia",Evie Networks,2,DC,75 kW,-33.8276585,151.2423815,Mosman Municipal Council,2088,Kerbside Charging R1,121,Sydney - North Sydney and Hornsby,New South Wales,ev_01783,"-33.827658,151.242381",review_unresolved,,,,,,,,,,,,,,,,,False,,,review_shared_external,False,unmatched,False,review_identity,False,unmatched,False
,Ripples on the Creek,"Gradys Creek Rd
Gradys Creek NSW 2474
Australia",Exploren,1,AC,AC,-28.4367634,152.9589563,Kyogle Council,2474,Destination Charging R2,112,Richmond - Tweed,New South Wales,ev_01784,,not_target,,,,,,,,,,,,,,,,,False,,,not_target,False,not_target,False,not_target,False,not_target,False
,Lockhart Shire Council,"Green St
Lockhart NSW 2656
Australia",Exploren,2,AC,AC,-35.2217005,146.7206963,Lockhart Shire Council,2656,Destination Charging R1,113,Riverina,New South Wales,ev_01785,,not_target,,,,,,,,,,,,,,,,,False,,,not_target,False,not_target,False,not_target,False,not_target,False
,Wests Illawarra,"Hargreaves St
Unanderra NSW 2526
Australia",Exploren,4,AC,AC,-34.4519056,150.8425045,Wollongong City Council,2526,Destination Charging R2,107,Illawarra,New South Wales,ev_01786,,not_target,,,,,,,,,,,,,,,,,False,,,not_target,False,not_target,False,not_target,False,not_target,False
,Muswellbrook Shire Council,"Hill St
Muswellbrook NSW 2333
Australia",EVUp,2,AC,AC,-32.2619076,150.8940866,Muswellbrook Shire Council,2333,Destination Charging R1,106,Hunter Valley exc Newcastle,New South Wales,ev_01787,,not_target,,,,,,,,,,,,,,,,,False,,,not_target,False,not_target,False,not_target,False,not_target,False
,,"Hope St, Blaxland NSW 2774, Australia",Tesla,6,DC,175 kW,-33.7452292,150.6101288,Blue Mountains City Council,2774,Fast Charging R1,124,Sydney - Outer West and Blue Mountains,New South Wales,ev_01788,"-33.745229,150.610129",matched,12.24,nearby_identity,266538,Blaxland Supercharger,"126 Hope St, Blaxland, 2774",Tesla (Tesla-only charging),CCS (Type 2),Supercharger rates,Public - Membership Required,,6,Operational,2023-06-08T12:45:00Z,Open Charge Map Contributors,Licensed under Creative Commons Attribution 4.0 International (CC BY 4.0),https://openchargemap.org/site/poi/details/266538,True,ocm,ocm; osm,unmatched,False,unmatched,False,matched,True,matched,True
,,"Jessie St, Armidale NSW 2350, Australia",Tesla,4,DC,175 kW,-30.5132305,151.6633637,Armidale Regional Council,2350,Fast Charging R1,110,New England and North West,New South Wales,ev_01789,"-30.513230,151.663364",matched,39.67,nearby_identity,460615,Tesla Supercharger Armidale,"117 Jessie Street, Armidale",Tesla (including non-tesla),CCS (Type 2),,Public - Membership Required,,4,Operational,2025-09-01T05:09:00Z,Open Charge Map Contributors,Licensed under Creative Commons Attribution 4.0 International (CC BY 4.0),https://openchargemap.org/site/poi/details/460615,True,ocm,ocm,unmatched,False,unmatched,False,matched,True,review_identity,False
,Twin Towns Services Club Limited,"Leisure Dr
Banora Point NSW 2486
Australia",Chargefox,4,AC,AC,-28.212505,153.5305931,Tweed Shire Council,2486,Destination Charging R1,112,Richmond - Tweed,New South Wales,ev_01790,,not_target,,,,,,,,,,,,,,,,,False,,,not_target,False,not_target,False,not_target,False,not_target,False
,Coolamon Shire Council,"Loughnan St
Coolamon NSW 2701
Australia",Exploren,2,AC,AC,-34.8145026,147.1957181,Coolamon Shire Council,2701,Destination Charging R1,113,Riverina,New South Wales,ev_01791,,not_target,,,,,,,,,,,,,,,,,False,,,not_target,False,not_target,False,not_target,False,not_target,False
,Moree and District Services Club,"Morton St
Moree NSW 2400
Australia",Smart Charge,4,AC,AC,-29.4695982,149.848721,Moree Plains Shire Council,2400,Destination Charging R1,110,New England and North West,New South Wales,ev_01792,,not_target,,,,,,,,,,,,,,,,,False,,,not_target,False,not_target,False,not_target,False,not_target,False
,Gerringong Bowlo,"Pacific Ave
Gerringong NSW 2534
Australia",EVSE,2,AC,AC,-34.7426897,150.8323348,"Kiama, The Council of the Municipality of",2534,Destination Charging R2,107,Illawarra,New South Wales,ev_01793,,not_target,,,,,,,,,,,,,,,,,False,,,not_target,False,not_target,False,not_target,False,not_target,False
,Lake Macquarie Council,"Park Rd
Speers Point NSW 2284
Australia",Everty,2,AC,AC,-32.9612167,151.6209325,Lake Macquarie City Council,2284,Destination Charging R1,111,Newcastle and Lake Macquarie,New South Wales,ev_01794,,not_target,,,,,,,,,,,,,,,,,False,,,not_target,False,not_target,False,not_target,False,not_target,False
,Wagga Wagga Country Club,"Plumpton Rd
Kooringal NSW 2650
Australia",Noodoe,2,AC,AC,-35.1520396,147.3705687,Wagga Wagga City Council,2650,Destination Charging R1,113,Riverina,New South Wales,ev_01795,,not_target,,,,,,,,,,,,,,,,,False,,,not_target,False,not_target,False,not_target,False,not_target,False
,,"Queens Rd
Five Dock NSW 2046
Australia",Evie Networks,4,DC,75 kW,-33.8696308,151.1223747,City Of Canada Bay Council,2046,Kerbside Charging R1,120,Sydney - Inner West,New South Wales,ev_01796,"-33.869631,151.122375",review_unresolved,,,,,,,,,,,,,,,,,False,,,review_identity,False,unmatched,False,unmatched,False,review_identity,False
,Riverglade Caravan Park,"Riverglade Caravan Park
2 Fitzroy St
Tumut NSW 2720
Australia",Elanga,4,AC,AC,-35.2947005,148.2198133,Snowy Valleys Council,2720,Destination Charging R1,113,Riverina,New South Wales,ev_01797,,not_target,,,,,,,,,,,,,,,,,False,,,not_target,False,not_target,False,not_target,False,not_target,False
,UOW Science Space,"Squires Way
North Wollongong NSW 2500
Australia",Chargefox,4,AC,AC,-34.4043033,150.8998778,Wollongong City Council,2500,Destination Charging R2,107,Illawarra,New South Wales,ev_01798,,not_target,,,,,,,,,,,,,,,,,False,,,not_target,False,not_target,False,not_target,False,not_target,False
,Thornton Library,"Thornton Library
Taylor Avenue
Thornton NSW 2322
Australia",Exploren,4,AC,AC,-32.777545,151.6403604,Maitland City Council,2322,Destination Charging R2,106,Hunter Valley exc Newcastle,New South Wales,ev_01799,,not_target,,,,,,,,,,,,,,,,,False,,,not_target,False,not_target,False,not_target,False,not_target,False
,Rich River Golf Club,"Twenty Four Ln
Moama NSW 2731
Australia",Smart Charge,4,AC,AC,-36.0390474,144.7327343,Murray River Council,2731,Destination Charging R1,109,Murray,New South Wales,ev_01800,,not_target,,,,,,,,,,,,,,,,,False,,,not_target,False,not_target,False,not_target,False,not_target,False
,Tumbarumba Overnight Camper Parking,"Union Ln
Tumbarumba NSW 2653
Australia",Chargefox,4,AC,AC,-35.7759887,148.0108553,Snowy Valleys Council,2653,Destination Charging R2,113,Riverina,New South Wales,ev_01801,,not_target,,,,,,,,,,,,,,,,,False,,,not_target,False,not_target,False,not_target,False,not_target,False
,Adelong Golden Gully Carpark,"Victoria Hill Rd
Adelong NSW 2729
Australia",Non-networked,4,AC,AC,-35.3062556,148.0642927,Snowy Valleys Council,2729,Destination Charging R2,113,Riverina,New South Wales,ev_01802,,not_target,,,,,,,,,,,,,,,,,False,,,not_target,False,not_target,False,not_target,False,not_target,False
,The Old Bakery Guesthouse,"Whitton St
Harden NSW 2587
Australia",Exploren,1,AC,AC,-34.5543461,148.369572,Hilltops Council,2587,Destination Charging R2,101,Capital Region,New South Wales,ev_01803,,not_target,,,,,,,,,,,,,,,,,False,,,not_target,False,not_target,False,not_target,False,not_target,False
,NRMA Parks and Resorts,"Whylandra St
Dubbo NSW 2830
Australia",Chargefox,8,AC,AC,-32.2484702,148.5931277,Dubbo Regional Council,2830,Destination Charging R1,105,Far West and Orana,New South Wales,ev_01804,,not_target,,,,,,,,,,,,,,,,,False,,,not_target,False,not_target,False,not_target,False,not_target,False
,Lockhart Shire Council,"Wilson St
The Rock NSW 2655
Australia",Exploren,2,AC,AC,-35.2666661,147.11016,Lockhart Shire Council,2655,Destination Charging R1,113,Riverina,New South Wales,ev_01805,,not_target,,,,,,,,,,,,,,,,,False,,,not_target,False,not_target,False,not_target,False,not_target,False
,,"Woodriff St, Sydney, 2750",Chargefox,2,AC,6 kW,-33.75813518,150.6918569,Penrith City Council,2750,Existing Destination Chargers,124,Sydney - Outer West and Blue Mountains,New South Wales,ev_01806,,not_target,,,,,,,,,,,,,,,,,False,,,not_target,False,not_target,False,not_target,False,not_target,False
,Bridges Hill Park,"Yango St
Cessnock NSW 2325
Australia",EVSE,4,AC,AC,-32.8316554,151.3599738,Cessnock City Council,2325,Destination Charging R2,106,Hunter Valley exc Newcastle,New South Wales,ev_01807,,not_target,,,,,,,,,,,,,,,,,False,,,not_target,False,not_target,False,not_target,False,not_target,False
,Tathra Beach Country Club,"1 Andy Poole Dr
Tathra NSW 2550
Australia",Chargefox,2,AC,AC,-36.7125444,149.9760179,Bega Valley Shire Council,2550,Destination Charging R2,101,Capital Region,New South Wales,ev_01808,,not_target,,,,,,,,,,,,,,,,,False,,,not_target,False,not_target,False,not_target,False,not_target,False
,NRMA Parks and Resorts,"1 Baird St
Tuncurry NSW 2428
Australia",Chargefox,8,AC,AC,-32.183843,152.491878,Mid-Coast Council,2428,Destination Charging R1,108,Mid North Coast,New South Wales,ev_01809,,not_target,,,,,,,,,,,,,,,,,False,,,not_target,False,not_target,False,not_target,False,not_target,False
,Narooma Golf Club,"1 Ballingalla St
Narooma NSW 2546
Australia",EVSE,2,AC,AC,-36.2192041,150.1392969,Eurobodalla Shire Council,2546,Destination Charging R2,101,Capital Region,New South Wales,ev_01810,,not_target,,,,,,,,,,,,,,,,,False,,,not_target,False,not_target,False,not_target,False,not_target,False
,NRMA Parks and Resorts,"1 Banyandah St
South Durras NSW 2536
Australia",Chargefox,8,AC,AC,-35.6616305,150.2929815,Eurobodalla Shire Council,2536,Destination Charging R1,101,Capital Region,New South Wales,ev_01811,,not_target,,,,,,,,,,,,,,,,,False,,,not_target,False,not_target,False,not_target,False,not_target,False
,Moama Riverside & Tourist Holiday Park,"1 Cobb Hwy
Moama NSW 2731
Australia",Smart Charge,2,AC,AC,-36.097248,144.7590552,Murray River Council,2731,Destination Charging R1,109,Murray,New South Wales,ev_01812,,not_target,,,,,,,,,,,,,,,,,False,,,not_target,False,not_target,False,not_target,False,not_target,False
,Barham Bridge Motor Inn,"1 Cobwell St
Barham NSW 2732
Australia",EVSE,2,AC,AC,-35.6291451,144.1243114,Murray River Council,2732,Destination Charging R2,109,Murray,New South Wales,ev_01813,,not_target,,,,,,,,,,,,,,,,,False,,,not_target,False,not_target,False,not_target,False,not_target,False
,,"1 Darley Rd
Randwick NSW 2031
Australia",EVX,2,AC,22 kW,-33.906092,151.2321384,Randwick City Council,2031,Kerbside Charging R1,118,Sydney - Eastern Suburbs,New South Wales,ev_01814,,not_target,,,,,,,,,,,,,,,,,False,,,not_target,False,not_target,False,not_target,False,not_target,False
,,"1 Denison St
Rozelle NSW 2039
Australia",EVX,2,AC,22 kW,-33.8658728,151.1677767,Inner West Council,2039,Kerbside Charging R1,120,Sydney - Inner West,New South Wales,ev_01815,,not_target,,,,,,,,,,,,,,,,,False,,,not_target,False,not_target,False,not_target,False,not_target,False
,Lake Macquarie Council,"1 Dobinson Dr
Swansea NSW 2281
Australia",Everty,4,AC,AC,-33.0745433,151.6347812,Lake Macquarie City Council,2281,Destination Charging R1,111,Newcastle and Lake Macquarie,New South Wales,ev_01816,,not_target,,,,,,,,,,,,,,,,,False,,,not_target,False,not_target,False,not_target,False,not_target,False
,,"1 Ewell St
Bondi NSW 2026
Australia",PLUS ES,1,AC,22 kW,-33.8965646,151.2607952,Waverley Council,2026,Kerbside Charging R1,118,Sydney - Eastern Suburbs,New South Wales,ev_01817,,not_target,,,,,,,,,,,,,,,,,False,,,not_target,False,not_target,False,not_target,False,not_target,False
,"Visitor Information Centre, Lake Cargelligo","1 Foster St
Lake Cargelligo NSW 2672
Australia",Exploren,2,AC,AC,-33.297815,146.3761968,Lachlan Shire Council,2672,Destination Charging R2,103,Central West,New South Wales,ev_01818,,not_target,,,,,,,,,,,,,,,,,False,,,not_target,False,not_target,False,not_target,False,not_target,False
,Deni Golf Resort,"1 Golf Club Rd
Deniliquin NSW 2710
Australia",Chargefox,4,AC,AC,-35.5368514,144.973721,Edward River Council,2710,Destination Charging R2,109,Murray,New South Wales,ev_01819,,not_target,,,,,,,,,,,,,,,,,False,,,not_target,False,not_target,False,not_target,False,not_target,False
,Yarrawonga Mulwala Golf Club Resort,"1 Golf Club Rd
Mulwala NSW 2647
Australia",Noodoe,2,AC,AC,-36.0049086,145.9940381,Federation Council,2647,Destination Charging R2,109,Murray,New South Wales,ev_01820,,not_target,,,,,,,,,,,,,,,,,False,,,not_target,False,not_target,False,not_target,False,not_target,False
,,"1 Greenwood Ave
South Coogee NSW 2034
Australia",EVX,2,AC,22 kW,-33.929821,151.2559089,Randwick City Council,2034,Kerbside Charging R1,118,Sydney - Eastern Suburbs,New South Wales,ev_01821,,not_target,,,,,,,,,,,,,,,,,False,,,not_target,False,not_target,False,not_target,False,not_target,False
,"'""Lawson Street North"" Public Carpark - Byron Bay","1 Jonson St
Byron Bay NSW 2481
Australia",Chargefox,2,AC,AC,-28.6406471,153.6129629,Byron Shire Council,2481,Destination Charging R2,112,Richmond - Tweed,New South Wales,ev_01822,,not_target,,,,,,,,,,,,,,,,,False,,,not_target,False,not_target,False,not_target,False,not_target,False
,,"1 Kendall Ave, Bathurst , 2795",Tesla,12,DC,130 kW,-33.41901006,149.5867568,Bathurst Regional Council,2795,Existing Fast Chargers,103,Central West,New South Wales,ev_01823,"-33.419010,149.586757",matched,15.47,nearby_identity,121552,Bathurst Supercharger,"1 Kendall Ave, Bathurst",Tesla (including non-tesla),CCS (Type 2),AUD 0.66/kWh;other tariffs for older cars,Public - Membership Required,,6,Operational,2023-06-06T12:12:00Z,Open Charge Map Contributors,Licensed under Creative Commons Attribution 4.0 International (CC BY 4.0),https://openchargemap.org/site/poi/details/121552,True,ocm,ocm; osm,unmatched,False,unmatched,False,matched,True,matched,True
,,"1 Kendall Ave, Bathurst, 2795",NRMA,2,DC,50 kW,-33.41910215,149.5867528,Bathurst Regional Council,2795,Existing Fast Chargers,103,Central West,New South Wales,ev_01824,"-33.419102,149.586753",matched,4.41,nearby_identity,node/6489744914,,,NRMA,CCS Type 2; CHAdeMO,,,,,,,OpenStreetMap contributors,ODbL 1.0; https://www.openstreetmap.org/copyright,https://www.openstreetmap.org/node/6489744914,True,osm,osm,unmatched,False,unmatched,False,review_identity,False,matched,True
,,"1 Mears Ave
Randwick NSW 2031
Australia",EVX,2,AC,22 kW,-33.9169293,151.2415283,Randwick City Council,2031,Kerbside Charging R1,118,Sydney - Eastern Suburbs,New South Wales,ev_01825,,not_target,,,,,,,,,,,,,,,,,False,,,not_target,False,not_target,False,not_target,False,not_target,False
,NRMA Parks and Resorts,"1 Munster St
Port Macquarie NSW 2444
Australia",Chargefox,8,AC,AC,-31.4275162,152.9105133,Port Macquarie-Hastings Council,2444,Destination Charging R1,108,Mid North Coast,New South Wales,ev_01826,,not_target,,,,,,,,,,,,,,,,,False,,,not_target,False,not_target,False,not_target,False,not_target,False
,Motel Miramar,"1 Nelson St
Nambucca Heads NSW 2448
Australia",EVUp,4,AC,AC,-30.6454437,153.0034861,Nambucca Valley Council,2448,Destination Charging R2,108,Mid North Coast,New South Wales,ev_01827,,not_target,,,,,,,,,,,,,,,,,False,,,not_target,False,not_target,False,not_target,False,not_target,False
,Alpine Resort Motel,"1 Nettin Cct
Jindabyne NSW 2627
Australia",Exploren,4,AC,AC,-36.4180067,148.6092106,Snowy Monaro Regional Council,2627,Destination Charging R2,101,Capital Region,New South Wales,ev_01828,,not_target,,,,,,,,,,,,,,,,,False,,,not_target,False,not_target,False,not_target,False,not_target,False
,Ingenia Holiday Parks - Lake Conjola,"1 Norman St
Lake Conjola NSW 2539
Australia",Exploren,4,AC,AC,-35.2666841,150.4769035,Shoalhaven City Council,2539,Destination Charging R2,114,Southern Highlands and Shoalhaven,New South Wales,ev_01829,,not_target,,,,,,,,,,,,,,,,,False,,,not_target,False,not_target,False,not_target,False,not_target,False
,,"1 North Rocks Rd, Sydney, 2151",Chargefox,4,AC,6 kW,-33.79286691,150.9995556,"Parramatta, Council of the City of",2151,Existing Destination Chargers,125,Sydney - Parramatta,New South Wales,ev_01830,,not_target,,,,,,,,,,,,,,,,,False,,,not_target,False,not_target,False,not_target,False,not_target,False
,,"1 Post Office Ln
Crackenback NSW 2627
Australia",Exploren,2,AC,AC,-36.4509883,148.4943993,Snowy Monaro Regional Council,2627,Destination Charging R1,101,Capital Region,New South Wales,ev_01831,,not_target,,,,,,,,,,,,,,,,,False,,,not_target,False,not_target,False,not_target,False,not_target,False
,Archys on the Lake,"1 Princess Ave
Burrill Lake NSW 2539
Australia",Charge Hub,2,AC,AC,-35.3867469,150.4501082,Shoalhaven City Council,2539,Destination Charging R2,114,Southern Highlands and Shoalhaven,New South Wales,ev_01832,,not_target,,,,,,,,,,,,,,,,,False,,,not_target,False,not_target,False,not_target,False,not_target,False
,,"1 Rich St
Marrickville NSW 2204
Australia",EVX,2,AC,22 kW,-33.9058903,151.1650026,Inner West Council,2204,Kerbside Charging R1,117,Sydney - City and Inner South,New South Wales,ev_01833,,not_target,,,,,,,,,,,,,,,,,False,,,not_target,False,not_target,False,not_target,False,not_target,False
,,"1 Sandy Bay Rd
Clontarf NSW 2093
Australia",EVX,2,AC,22 kW,-33.80467,151.2528397,Northern Beaches Council,2093,Kerbside Charging R1,122,Sydney - Northern Beaches,New South Wales,ev_01834,,not_target,,,,,,,,,,,,,,,,,False,,,not_target,False,not_target,False,not_target,False,not_target,False
,The Arabella North Coast,"1 Smiths Ln
Wollongbar NSW 2477
Australia",Smart Charge,1,AC,AC,-28.8292573,153.4210444,Ballina Shire Council,2477,Destination Charging R2,112,Richmond - Tweed,New South Wales,ev_01835,,not_target,,,,,,,,,,,,,,,,,False,,,not_target,False,not_target,False,not_target,False,not_target,False
,,"1 Station St
Petersham NSW 2049
Australia",EVE Australia,2,AC,22 kW,-33.8920233,151.1517895,Inner West Council,2049,Kerbside Charging R1,117,Sydney - City and Inner South,New South Wales,ev_01836,,not_target,,,,,,,,,,,,,,,,,False,,,not_target,False,not_target,False,not_target,False,not_target,False
,Club Catalina,"1 Stilling St
Rathmines NSW 2283
Australia",Smart Charge,2,AC,AC,-33.039877,151.5978235,Lake Macquarie City Council,2283,Destination Charging R2,111,Newcastle and Lake Macquarie,New South Wales,ev_01837,,not_target,,,,,,,,,,,,,,,,,False,,,not_target,False,not_target,False,not_target,False,not_target,False
,Clairfield Hotel,"1 Sydney Rd
Mudgee NSW 2850
Australia",Exploren,4,AC,AC,-32.6013869,149.5975483,Mid-Western Regional Council,2850,Destination Charging R2,103,Central West,New South Wales,ev_01838,,not_target,,,,,,,,,,,,,,,,,False,,,not_target,False,not_target,False,not_target,False,not_target,False
,,"1 Tasman Rd, Gumly Gumly NSW 2652, Australia",BP,6,DC,175 kW,-35.1262128,147.4209242,Wagga Wagga City Council,2652,Fast Charging R1,113,Riverina,New South Wales,ev_01839,"-35.126213,147.420924",review_unresolved,,,,,,,,,,,,,,,,,False,,,unmatched,False,unmatched,False,unmatched,False,review_identity,False
,Nelson Bay Breeze Holiday Apartments,"1 Trafalgar St
Nelson Bay NSW 2315
Australia",EVNet,2,AC,AC,-32.7170825,152.1529224,Port Stephens Council,2315,Destination Charging R2,106,Hunter Valley exc Newcastle,New South Wales,ev_01840,,not_target,,,,,,,,,,,,,,,,,False,,,not_target,False,not_target,False,not_target,False,not_target,False
,Kyogle Council,"1 Unumgar St
Woodenbong NSW 2476
Australia",Exploren,2,AC,AC,-28.388896,152.6087317,Kyogle Council,2476,Destination Charging R1,112,Richmond - Tweed,New South Wales,ev_01841,,not_target,,,,,,,,,,,,,,,,,False,,,not_target,False,not_target,False,not_target,False,not_target,False
,,"1 York Rd
Bondi Junction NSW 2022
Australia",PLUS ES,1,AC,22 kW,-33.8931133,151.2415518,Waverley Council,2022,Kerbside Charging R1,118,Sydney - Eastern Suburbs,New South Wales,ev_01842,,not_target,,,,,,,,,,,,,,,,,False,,,not_target,False,not_target,False,not_target,False,not_target,False
,,"1/118 Bourke Rd, Alexandria NSW 2015",Tesla,6,DC,175 kW,-33.9132474,151.1935823,"Sydney, Council of the City of",2015,Fast Charging R1,117,Sydney - City and Inner South,New South Wales,ev_01843,"-33.913247,151.193582",review_unresolved,,,,,,,,,,,,,,,,,False,,,unmatched,False,unmatched,False,unmatched,False,review_identity,False
,,"10 Isabel Ave
Vaucluse NSW 2030
Australia",PLUS ES,1,AC,7 kW,-33.8619727,151.2802939,Waverley Council,2030,Kerbside Charging R1,118,Sydney - Eastern Suburbs,New South Wales,ev_01844,,not_target,,,,,,,,,,,,,,,,,False,,,not_target,False,not_target,False,not_target,False,not_target,False
,,"10 Lenox St
Beresfield NSW 2322
Australia",Chargefox,4,AC,22 kW,-32.8039701,151.648716,Newcastle City Council,2322,Kerbside Charging R1,111,Newcastle and Lake Macquarie,New South Wales,ev_01845,,not_target,,,,,,,,,,,,,,,,,False,,,not_target,False,not_target,False,not_target,False,not_target,False
,Wagga Wagga City Council,"10 Morrow St
Wagga Wagga NSW 2650
Australia",Smart Charge,2,AC,AC,-35.1103354,147.3720841,Wagga Wagga City Council,2650,Destination Charging R1,113,Riverina,New South Wales,ev_01846,,not_target,,,,,,,,,,,,,,,,,False,,,not_target,False,not_target,False,not_target,False,not_target,False
,Holbrook Motel,"10 Sydney Rd
Holbrook NSW 2644
Australia",EVUp,4,AC,AC,-35.7125373,147.3238928,Greater Hume Shire Council,2644,Destination Charging R2,109,Murray,New South Wales,ev_01847,,not_target,,,,,,,,,,,,,,,,,False,,,not_target,False,not_target,False,not_target,False,not_target,False
,,"100 Constitution Rd
Dulwich Hill NSW 2203
Australia",PLUS ES,1,AC,7 kW,-33.9028855,151.1399605,Inner West Council,2203,Kerbside Charging R1,120,Sydney - Inner West,New South Wales,ev_01848,,not_target,,,,,,,,,,,,,,,,,False,,,not_target,False,not_target,False,not_target,False,not_target,False
,Winning Post Hotel,"101 Church St
Mudgee NSW 2850
Australia",Non-networked,1,AC,AC,-32.5969196,149.587789,Mid-Western Regional Council,2850,Destination Charging R2,103,Central West,New South Wales,ev_01849,,not_target,,,,,,,,,,,,,,,,,False,,,not_target,False,not_target,False,not_target,False,not_target,False
,NRMA Parks and Resorts,"102 Corowa Rd
Mulwala NSW 2647
Australia",Chargefox,8,AC,AC,-35.975061,146.0241926,Federation Council,2647,Destination Charging R1,109,Murray,New South Wales,ev_01850,,not_target,,,,,,,,,,,,,,,,,False,,,not_target,False,not_target,False,not_target,False,not_target,False
,,"103 Denison St
Rozelle NSW 2039
Australia",PLUS ES,1,AC,7 kW,-33.8699856,151.1697584,Inner West Council,2039,Kerbside Charging R1,120,Sydney - Inner West,New South Wales,ev_01851,,not_target,,,,,,,,,,,,,,,,,False,,,not_target,False,not_target,False,not_target,False,not_target,False
,,"103 Ebley St
Bondi Junction NSW 2022
Australia",PLUS ES,1,AC,7 kW,-33.8941173,151.25091,Waverley Council,2022,Kerbside Charging R1,118,Sydney - Eastern Suburbs,New South Wales,ev_01852,,not_target,,,,,,,,,,,,,,,,,False,,,not_target,False,not_target,False,not_target,False,not_target,False
,Cantrill Organics,"103 Old Canobolas Rd
Nashdale NSW 2800
Australia",Alchemy Charge,2,AC,AC,-33.3084128,148.9892085,Cabonne Council,2800,Destination Charging R2,103,Central West,New South Wales,ev_01853,,not_target,,,,,,,,,,,,,,,,,False,,,not_target,False,not_target,False,not_target,False,not_target,False
,Cadman Motor Inn and Apartments,"103-111 Ebsworth St
West Tamworth NSW 2340
Australia",EVSE,2,AC,AC,-31.0964482,150.9241901,Tamworth Regional Council,2340,Destination Charging R2,110,New England and North West,New South Wales,ev_01854,,not_target,,,,,,,,,,,,,,,,,False,,,not_target,False,not_target,False,not_target,False,not_target,False
,,"4 Salisbury Rd
Kensington NSW 2033
Australia",PLUS ES,1,AC,22 kW,-33.9055866,151.2223693,Randwick City Council,2033,Kerbside Charging R1,118,Sydney - Eastern Suburbs,New South Wales,ev_01855,,not_target,,,,,,,,,,,,,,,,,False,,,not_target,False,not_target,False,not_target,False,not_target,False
,,"104 Botany St
Kingsford NSW 2032
Australia",PLUS ES,1,AC,22 kW,-33.923959,151.2343475,Randwick City Council,2032,Kerbside Charging R1,118,Sydney - Eastern Suburbs,New South Wales,ev_01856,,not_target,,,,,,,,,,,,,,,,,False,,,not_target,False,not_target,False,not_target,False,not_target,False
,,"104 Mill Hill Rd
Bondi Junction NSW 2022
Australia",PLUS ES,1,AC,22 kW,-33.8936762,151.2438859,Waverley Council,2022,Kerbside Charging R1,118,Sydney - Eastern Suburbs,New South Wales,ev_01857,,not_target,,,,,,,,,,,,,,,,,False,,,not_target,False,not_target,False,not_target,False,not_target,False
,,"105-107 Alt St
Ashfield NSW 2131
Australia",EVE Australia,2,DC,25 kW,-33.8803158,151.1299199,Inner West Council,2131,Kerbside Charging R1,120,Sydney - Inner West,New South Wales,ev_01858,"-33.880316,151.129920",review_unresolved,,,,,,,,,,,,,,,,,False,,,unmatched,False,unmatched,False,unmatched,False,review_identity,False
,Pender Lea Chalets,"1056 Alpine Way
Crackenback NSW 2627
Australia",Chargefox,4,AC,AC,-36.4425676,148.4989131,Snowy Monaro Regional Council,2627,Destination Charging R2,101,Capital Region,New South Wales,ev_01859,,not_target,,,,,,,,,,,,,,,,,False,,,not_target,False,not_target,False,not_target,False,not_target,False
,,"106 Parraween St
Cremorne NSW 2090
Australia",Evie Networks,4,DC,75 kW,-33.8272794,151.2301624,North Sydney Council,2090,Kerbside Charging R1,121,Sydney - North Sydney and Hornsby,New South Wales,ev_01860,"-33.827279,151.230162",review_unresolved,,,,,,,,,,,,,,,,,False,,,review_shared_external,False,unmatched,False,unmatched,False,unmatched,False
,The Sampson - Orange,"106 Sampson St
Orange NSW 2800
Australia",Everty,1,AC,AC,-33.276671,149.0903662,Orange City Council,2800,Destination Charging R2,103,Central West,New South Wales,ev_01861,,not_target,,,,,,,,,,,,,,,,,False,,,not_target,False,not_target,False,not_target,False,not_target,False
,Cargo Road Wines,"1064 Cargo Rd
Lidster NSW 2800
Australia",Chargefox,4,AC,AC,-33.2924882,148.9746031,Cabonne Council,2800,Destination Charging R2,103,Central West,New South Wales,ev_01862,,not_target,,,,,,,,,,,,,,,,,False,,,not_target,False,not_target,False,not_target,False,not_target,False
,Mid-Western Regional Council,"108 Herbert St
Gulgong NSW 2852
Australia",Smart Charge,2,AC,AC,-32.3642557,149.5328085,Mid-Western Regional Council,2852,Destination Charging R1,103,Central West,New South Wales,ev_01863,,not_target,,,,,,,,,,,,,,,,,False,,,not_target,False,not_target,False,not_target,False,not_target,False
,Lockhart Shire Council,"109 Green St
Lockhart NSW 2656
Australia",Exploren,2,AC,AC,-35.2205934,146.7153791,Lockhart Shire Council,2656,Destination Charging R1,113,Riverina,New South Wales,ev_01864,,not_target,,,,,,,,,,,,,,,,,False,,,not_target,False,not_target,False,not_target,False,not_target,False
,Young Federation Motor Inn,"109 Main St
Young NSW 2594
Australia",Chargefox,4,AC,AC,-34.3152346,148.2954995,Hilltops Council,2594,Destination Charging R2,101,Capital Region,New South Wales,ev_01865,,not_target,,,,,,,,,,,,,,,,,False,,,not_target,False,not_target,False,not_target,False,not_target,False
,,"11 Beaumond Ave
Maroubra NSW 2035
Australia",PLUS ES,1,AC,22 kW,-33.944085,151.2604084,Randwick City Council,2035,Kerbside Charging R1,118,Sydney - Eastern Suburbs,New South Wales,ev_01866,,not_target,,,,,,,,,,,,,,,,,False,,,not_target,False,not_target,False,not_target,False,not_target,False
,,"11 Duxford St
Paddington NSW 2021
Australia",PLUS ES,1,AC,22 kW,-33.8825471,151.2296966,Woollahra Municipal Council,2021,Kerbside Charging R1,118,Sydney - Eastern Suburbs,New South Wales,ev_01867,,not_target,,,,,,,,,,,,,,,,,False,,,not_target,False,not_target,False,not_target,False,not_target,False
,,"11 Fowler St
Camperdown NSW 2050
Australia",EVE Australia,4,AC,22 kW,-33.8905316,151.1761275,Inner West Council,2050,Kerbside Charging R1,117,Sydney - City and Inner South,New South Wales,ev_01868,,not_target,,,,,,,,,,,,,,,,,False,,,not_target,False,not_target,False,not_target,False,not_target,False
,Mollymook Shores Hotel,"11 Golf Ave
Mollymook NSW 2539
Australia",EVNet,2,AC,AC,-35.3402773,150.4735504,Shoalhaven City Council,2539,Destination Charging R2,114,Southern Highlands and Shoalhaven,New South Wales,ev_01869,,not_target,,,,,,,,,,,,,,,,,False,,,not_target,False,not_target,False,not_target,False,not_target,False
,Matador Motor Inn,"11 Grafton St
Coffs Harbour NSW 2450
Australia",Chargefox,2,AC,AC,-30.301066,153.11108,Coffs Harbour City Council,2450,Destination Charging R2,104,Coffs Harbour - Grafton,New South Wales,ev_01870,,not_target,,,,,,,,,,,,,,,,,False,,,not_target,False,not_target,False,not_target,False,not_target,False
,Hotel Etico Australia,"11 Montgomery St
Mount Victoria NSW 2786
Australia",EVNet,2,AC,AC,-33.588553,150.2541162,Blue Mountains City Council,2786,Destination Charging R2,124,Sydney - Outer West and Blue Mountains,New South Wales,ev_01871,,not_target,,,,,,,,,,,,,,,,,False,,,not_target,False,not_target,False,not_target,False,not_target,False
,Liverpool Plains Visitor Information Centre,"11 New England Hwy
Willow Tree NSW 2339
Australia",Exploren,2,AC,AC,-31.6494391,150.7261173,Liverpool Plains Shire Council,2339,Destination Charging R2,110,New England and North West,New South Wales,ev_01872,,not_target,,,,,,,,,,,,,,,,,False,,,not_target,False,not_target,False,not_target,False,not_target,False
,Pro Shop Car Park,"11 Paradise Beach Rd
Sanctuary Point NSW 2540
Australia",EVSE,2,AC,AC,-35.1043696,150.624673,Shoalhaven City Council,2540,Destination Charging R2,114,Southern Highlands and Shoalhaven,New South Wales,ev_01873,,not_target,,,,,,,,,,,,,,,,,False,,,not_target,False,not_target,False,not_target,False,not_target,False
,,"110 Beach St
Coogee NSW 2034
Australia",PLUS ES,1,AC,22 kW,-33.917692,151.2584718,Randwick City Council,2034,Kerbside Charging R1,118,Sydney - Eastern Suburbs,New South Wales,ev_01874,,not_target,,,,,,,,,,,,,,,,,False,,,not_target,False,not_target,False,not_target,False,not_target,False
,,"110 Reserve Rd
Artarmon NSW 2064
Australia",EVX,2,AC,22 kW,-33.8119541,151.1835636,Willoughby City Council,2064,Kerbside Charging R1,121,Sydney - North Sydney and Hornsby,New South Wales,ev_01875,,not_target,,,,,,,,,,,,,,,,,False,,,not_target,False,not_target,False,not_target,False,not_target,False
,Starline Alpacas Farmstay,"1100 Milbrodale Rd
Broke NSW 2330
Australia",Charge Hub,4,AC,AC,-32.7504732,151.0782513,Singleton Council,2330,Destination Charging R2,106,Hunter Valley exc Newcastle,New South Wales,ev_01876,,not_target,,,,,,,,,,,,,,,,,False,,,not_target,False,not_target,False,not_target,False,not_target,False
,Basalt Orange,"1100 Pinnacle Rd
Canobolas NSW 2800
Australia",EVNet,3,AC,AC,-33.3444734,149.0383058,Orange City Council,2800,Destination Charging R2,103,Central West,New South Wales,ev_01877,,not_target,,,,,,,,,,,,,,,,,False,,,not_target,False,not_target,False,not_target,False,not_target,False
,,"111 Duncan St
Maroubra NSW 2035
Australia",PLUS ES,1,AC,22 kW,-33.9452821,151.2540766,Randwick City Council,2035,Kerbside Charging R1,118,Sydney - Eastern Suburbs,New South Wales,ev_01878,,not_target,,,,,,,,,,,,,,,,,False,,,not_target,False,not_target,False,not_target,False,not_target,False
,Solomon Inn,"111 Princes Hwy
Figtree NSW 2525
Australia",Exploren,4,AC,AC,-34.4405803,150.8566138,Wollongong City Council,2525,Destination Charging R2,107,Illawarra,New South Wales,ev_01879,,not_target,,,,,,,,,,,,,,,,,False,,,not_target,False,not_target,False,not_target,False,not_target,False
,Titania Motel,"11-13 Tarana Cres
Oberon NSW 2787
Australia",CasaCharge,4,AC,AC,-33.7018651,149.8740416,Oberon Council,2787,Destination Charging R2,103,Central West,New South Wales,ev_01880,,not_target,,,,,,,,,,,,,,,,,False,,,not_target,False,not_target,False,not_target,False,not_target,False
,Metropole Guest House,"11-15 Gang Gang St
Katoomba NSW 2780
Australia",Everty,2,AC,AC,-33.7126309,150.3125567,Blue Mountains City Council,2780,Destination Charging R2,124,Sydney - Outer West and Blue Mountains,New South Wales,ev_01881,,not_target,,,,,,,,,,,,,,,,,False,,,not_target,False,not_target,False,not_target,False,not_target,False
,South Tamworth Bowling Club,"11-23 Margaret St
South Tamworth NSW 2340
Australia",Exploren,2,AC,AC,-31.1084778,150.9208266,Tamworth Regional Council,2340,Destination Charging R2,110,New England and North West,New South Wales,ev_01882,,not_target,,,,,,,,,,,,,,,,,False,,,not_target,False,not_target,False,not_target,False,not_target,False
,,"112A Burton St
Darlinghurst NSW 2010
Australia",EVX,2,AC,22 kW,-33.8789017,151.2192178,"Sydney, Council of the City of",2010,Kerbside Charging R1,117,Sydney - City and Inner South,New South Wales,ev_01883,,not_target,,,,,,,,,,,,,,,,,False,,,not_target,False,not_target,False,not_target,False,not_target,False
,Bega Showground,"1-13 Upper St
Bega NSW 2550
Australia",Exploren,4,AC,AC,-36.6775093,149.8486847,Bega Valley Shire Council,2550,Destination Charging R2,101,Capital Region,New South Wales,ev_01884,,not_target,,,,,,,,,,,,,,,,,False,,,not_target,False,not_target,False,not_target,False,not_target,False
,,117 Tibbereena St Narrabri NSW 2390 Australia,Tesla,4,DC,175 kW,-30.3226373,149.7801888,Narrabri Shire Council,2390,Fast Charging R1,110,New England and North West,New South Wales,ev_01885,"-30.322637,149.780189",review_unresolved,,,,,,,,,,,,,,,,,False,,,unmatched,False,unmatched,False,unmatched,False,review_identity,False
,,"118 Nelson St
Annandale NSW 2038
Australia",PLUS ES,1,AC,22 kW,-33.8833797,151.1728455,Inner West Council,2038,Kerbside Charging R1,120,Sydney - Inner West,New South Wales,ev_01886,,not_target,,,,,,,,,,,,,,,,,False,,,not_target,False,not_target,False,not_target,False,not_target,False
,,"1-19 Dora St
Mayfield NSW 2304
Australia",Chargefox,2,AC,22 kW,-32.8972088,151.7374005,Newcastle City Council,2304,Kerbside Charging R1,111,Newcastle and Lake Macquarie,New South Wales,ev_01887,,not_target,,,,,,,,,,,,,,,,,False,,,not_target,False,not_target,False,not_target,False,not_target,False
,Jack McLaughlin Oval - Edgeworth Sporting Complex,"11B Park St
Edgeworth NSW 2285
Australia",Everty,2,AC,AC,-32.9258036,151.6214194,Lake Macquarie City Council,2285,Destination Charging R2,111,Newcastle and Lake Macquarie,New South Wales,ev_01888,,not_target,,,,,,,,,,,,,,,,,False,,,not_target,False,not_target,False,not_target,False,not_target,False
,Small Acres Cyder,"12 Akhurst Rd
Nashdale NSW 2800
Australia",Exploren,2,AC,AC,-33.2818182,148.9909542,Cabonne Council,2800,Destination Charging R2,103,Central West,New South Wales,ev_01889,,not_target,,,,,,,,,,,,,,,,,False,,,not_target,False,not_target,False,not_target,False,not_target,False
,,"12 Boundary St
Croydon NSW 2132
Australia",EVX,2,AC,22 kW,-33.8808294,151.114005,Burwood Council,2132,Kerbside Charging R1,120,Sydney - Inner West,New South Wales,ev_01890,,not_target,,,,,,,,,,,,,,,,,False,,,not_target,False,not_target,False,not_target,False,not_target,False
,,"12 Brown St
Bronte NSW 2024
Australia",PLUS ES,1,AC,7 kW,-33.9020352,151.2581026,Waverley Council,2024,Kerbside Charging R1,118,Sydney - Eastern Suburbs,New South Wales,ev_01891,,not_target,,,,,,,,,,,,,,,,,False,,,not_target,False,not_target,False,not_target,False,not_target,False
,,"12 Frederick St
St Leonards NSW 2065
Australia",EVX,2,AC,22 kW,-33.8180079,151.1890054,Willoughby City Council,2065,Kerbside Charging R1,121,Sydney - North Sydney and Hornsby,New South Wales,ev_01892,,not_target,,,,,,,,,,,,,,,,,False,,,not_target,False,not_target,False,not_target,False,not_target,False
,,"12 Hipwood St
Kirribilli NSW 2061
Australia",ChargePost,4,AC,22 kW,-33.8435463,151.2137097,North Sydney Council,2061,Kerbside Charging R1,121,Sydney - North Sydney and Hornsby,New South Wales,ev_01893,,not_target,,,,,,,,,,,,,,,,,False,,,not_target,False,not_target,False,not_target,False,not_target,False
,Mingara Recreation Club,"12 Mingara Rd
Tumbi Umbi NSW 2261
Australia",Exploren,4,AC,AC,-33.3619692,151.440778,Central Coast Council,2261,Destination Charging R1,102,Central Coast,New South Wales,ev_01894,,not_target,,,,,,,,,,,,,,,,,False,,,not_target,False,not_target,False,not_target,False,not_target,False
,,"12 Wilberforce Ave
Rose Bay NSW 2029
Australia",Chargefox,2,AC,7 kW,-33.8710587,151.2701643,Woollahra Municipal Council,2029,Kerbside Charging R1,118,Sydney - Eastern Suburbs,New South Wales,ev_01895,,not_target,,,,,,,,,,,,,,,,,False,,,not_target,False,not_target,False,not_target,False,not_target,False
,,"120 Marine Pde
Maroubra NSW 2035
Australia",PLUS ES,1,AC,22 kW,-33.9442446,151.2608523,Randwick City Council,2035,Kerbside Charging R1,118,Sydney - Eastern Suburbs,New South Wales,ev_01896,,not_target,,,,,,,,,,,,,,,,,False,,,not_target,False,not_target,False,not_target,False,not_target,False
,,"121 Todman Ave
Kensington NSW 2033
Australia",PLUS ES,1,AC,22 kW,-33.9100253,151.2207733,Randwick City Council,2033,Kerbside Charging R1,118,Sydney - Eastern Suburbs,New South Wales,ev_01897,,not_target,,,,,,,,,,,,,,,,,False,,,not_target,False,not_target,False,not_target,False,not_target,False
,,"12-14 Glen St
Marrickville NSW 2204
Australia",EVE Australia,2,AC,22 kW,-33.9159664,151.145994,Inner West Council,2204,Kerbside Charging R1,117,Sydney - City and Inner South,New South Wales,ev_01898,,not_target,,,,,,,,,,,,,,,,,False,,,not_target,False,not_target,False,not_target,False,not_target,False
,,"1215 Anzac Pde, Matraville, NSW, 2036",Evie Networks,4,DC,75 kW,-33.9626402,151.245869,Randwick City Council,2036,Kerbside Charging R1,118,Sydney - Eastern Suburbs,New South Wales,ev_01899,"-33.962640,151.245869",review_unresolved,,,,,,,,,,,,,,,,,False,,,review_identity,False,unmatched,False,unmatched,False,unmatched,False
,The Wool Store,"121A Keppel St
Bathurst NSW 2795
Australia",Chargefox,1,AC,AC,-33.4174656,149.5761249,Bathurst Regional Council,2795,Destination Charging R2,103,Central West,New South Wales,ev_01900,,not_target,,,,,,,,,,,,,,,,,False,,,not_target,False,not_target,False,not_target,False,not_target,False
,Ingenia Holiday Parks - Soldiers Point.,"122 Soldiers Point Rd
Soldiers Point NSW 2317
Australia",Exploren,4,AC,AC,-32.7119746,152.0708892,Port Stephens Council,2317,Destination Charging R2,106,Hunter Valley exc Newcastle,New South Wales,ev_01901,,not_target,,,,,,,,,,,,,,,,,False,,,not_target,False,not_target,False,not_target,False,not_target,False
,,"1233 Victoria Rd, West Ryde NSW 2114, Australia",BP,4,DC,175 kW,-33.8067305,151.0708812,"Ryde, Council of the City of",2114,Fast Charging R1,126,Sydney - Ryde,New South Wales,ev_01902,"-33.806731,151.070881",review_unresolved,,,,,,,,,,,,,,,,,False,,,unmatched,False,unmatched,False,unmatched,False,unmatched,False
,,"1234 Princes Hwy, Engadine NSW 2233, Australia",BP,4,DC,175 kW,-34.0774032,151.0112053,Sutherland Shire Council,2233,Fast Charging R1,128,Sydney - Sutherland,New South Wales,ev_01903,"-34.077403,151.011205",matched,27.93,nearby_identity,node/12605963234,,,bp pulse,CCS Type 2; CHAdeMO,,,,,,,OpenStreetMap contributors,ODbL 1.0; https://www.openstreetmap.org/copyright,https://www.openstreetmap.org/node/12605963234,True,osm,osm,unmatched,False,unmatched,False,unmatched,False,matched,True
,,"126 Jersey Rd
Paddington NSW 2021
Australia",EVX,2,AC,22 kW,-33.8873109,151.2355061,Woollahra Municipal Council,2021,Kerbside Charging R1,118,Sydney - Eastern Suburbs,New South Wales,ev_01904,,not_target,,,,,,,,,,,,,,,,,False,,,not_target,False,not_target,False,not_target,False,not_target,False
,Museum of Riverina-Botanic Garden Sites,"127 Lord Baden Powell Dr
Turvey Park NSW 2650
Australia",Smart Charge,2,AC,AC,-35.1281415,147.368009,Wagga Wagga City Council,2650,Destination Charging R2,113,Riverina,New South Wales,ev_01905,,not_target,,,,,,,,,,,,,,,,,False,,,not_target,False,not_target,False,not_target,False,not_target,False
,,"128 Rowntree St
Birchgrove NSW 2041
Australia",PLUS ES,1,AC,7 kW,-33.8524177,151.1819931,Inner West Council,2041,Kerbside Charging R1,120,Sydney - Inner West,New South Wales,ev_01906,,not_target,,,,,,,,,,,,,,,,,False,,,not_target,False,not_target,False,not_target,False,not_target,False
,,"13 Beattie St
Balmain NSW 2041
Australia",EVX,2,AC,22 kW,-33.857744,151.1800714,Inner West Council,2041,Kerbside Charging R1,120,Sydney - Inner West,New South Wales,ev_01907,,not_target,,,,,,,,,,,,,,,,,False,,,not_target,False,not_target,False,not_target,False,not_target,False
,,"13 Llandaff St
Bondi Junction NSW 2022
Australia",PLUS ES,1,AC,22 kW,-33.8935621,151.252073,Waverley Council,2022,Kerbside Charging R1,118,Sydney - Eastern Suburbs,New South Wales,ev_01908,,not_target,,,,,,,,,,,,,,,,,False,,,not_target,False,not_target,False,not_target,False,not_target,False
,,"13 Neptune St
Coogee NSW 2034
Australia",PLUS ES,1,AC,22 kW,-33.9263789,151.2578036,Randwick City Council,2034,Kerbside Charging R1,118,Sydney - Eastern Suburbs,New South Wales,ev_01909,,not_target,,,,,,,,,,,,,,,,,False,,,not_target,False,not_target,False,not_target,False,not_target,False
,,"13 Southey St, Jerilderie NSW 2716, Australia",BP,6,DC,175 kW,-35.3608978,145.7194667,Murrumbidgee Council,2716,Fast Charging R1,109,Murray,New South Wales,ev_01910,"-35.360898,145.719467",review_unresolved,,,,,,,,,,,,,,,,,False,,,unmatched,False,unmatched,False,unmatched,False,review_identity,False
,,"131 Annandale St
Annandale NSW 2038
Australia",PLUS ES,1,AC,22 kW,-33.881865,151.1692999,Inner West Council,2038,Kerbside Charging R1,120,Sydney - Inner West,New South Wales,ev_01911,,not_target,,,,,,,,,,,,,,,,,False,,,not_target,False,not_target,False,not_target,False,not_target,False
,SHOALHAVEN EX-SERVICEMEN'S CLUB LTD,"131 Greenwell Point Rd
Worrigee NSW 2540
Australia",Exploren,4,AC,AC,-34.8898586,150.625969,Shoalhaven City Council,2540,Destination Charging R1,114,Southern Highlands and Shoalhaven,New South Wales,ev_01912,,not_target,,,,,,,,,,,,,,,,,False,,,not_target,False,not_target,False,not_target,False,not_target,False
,,"133 Curlewis St
Bondi Beach NSW 2026
Australia",Chargefox,1,AC,7 kW,-33.889034,151.273948,Waverley Council,2026,Kerbside Charging R1,118,Sydney - Eastern Suburbs,New South Wales,ev_01913,,not_target,,,,,,,,,,,,,,,,,False,,,not_target,False,not_target,False,not_target,False,not_target,False
,,"136 Young St
Annandale NSW 2038
Australia",PLUS ES,1,AC,22 kW,-33.8838667,151.1664987,Inner West Council,2038,Kerbside Charging R1,120,Sydney - Inner West,New South Wales,ev_01914,,not_target,,,,,,,,,,,,,,,,,False,,,not_target,False,not_target,False,not_target,False,not_target,False
,Club Maitland City,"14 Arthur St
Rutherford NSW 2320
Australia",EVNet,2,AC,AC,-32.71822,151.5284763,Maitland City Council,2320,Destination Charging R1,106,Hunter Valley exc Newcastle,New South Wales,ev_01915,,not_target,,,,,,,,,,,,,,,,,False,,,not_target,False,not_target,False,not_target,False,not_target,False
,,"140 Keppel St
Bathurst NSW 2795
Australia",Noodoe,1,AC,AC,-33.4176946,149.5750893,Bathurst Regional Council,2795,Destination Charging R2,103,Central West,New South Wales,ev_01916,,not_target,,,,,,,,,,,,,,,,,False,,,not_target,False,not_target,False,not_target,False,not_target,False
,Armidale Pines Motel,"141 Marsh St
Armidale NSW 2350
Australia",Non-networked,1,AC,AC,-30.5169112,151.6683352,Armidale Regional Council,2350,Destination Charging R2,110,New England and North West,New South Wales,ev_01917,,not_target,,,,,,,,,,,,,,,,,False,,,not_target,False,not_target,False,not_target,False,not_target,False
,Willow Bend Caravan Park,"14-16 Darling St
Wentworth NSW 2648
Australia",Chargefox,2,AC,AC,-34.1090159,141.9193911,Wentworth Shire Council,2648,Destination Charging R2,109,Murray,New South Wales,ev_01918,,not_target,,,,,,,,,,,,,,,,,False,,,not_target,False,not_target,False,not_target,False,not_target,False
,,"144 Bayshore Dr, Byron Bay, 2481",Chargefox,2,DC,50 kW,-28.62590795,153.586978,Byron Shire Council,2481,Existing Fast Chargers,112,Richmond - Tweed,New South Wales,ev_01919,"-28.625908,153.586978",review_unresolved,,,,,,,,,,,,,,,,,False,,,unmatched,False,unmatched,False,unmatched,False,unmatched,False
,Ibis Styles Orange,"146 Bathurst Rd
Orange NSW 2800
Australia",Non-networked,4,AC,AC,-33.2954939,149.115836,Orange City Council,2800,Destination Charging R2,103,Central West,New South Wales,ev_01920,,not_target,,,,,,,,,,,,,,,,,False,,,not_target,False,not_target,False,not_target,False,not_target,False
,Comfort Inn City Centre Armidale,"146 Dangar St
Armidale NSW 2350
Australia",Exploren,8,AC,AC,-30.5167599,151.6636723,Armidale Regional Council,2350,Destination Charging R1,110,New England and North West,New South Wales,ev_01921,,not_target,,,,,,,,,,,,,,,,,False,,,not_target,False,not_target,False,not_target,False,not_target,False
,,"146 Flood St
Leichhardt NSW 2040
Australia",EVX,2,AC,22 kW,-33.8834979,151.149764,Inner West Council,2040,Kerbside Charging R1,120,Sydney - Inner West,New South Wales,ev_01922,,not_target,,,,,,,,,,,,,,,,,False,,,not_target,False,not_target,False,not_target,False,not_target,False
,,"146 Glenmore Rd
Paddington NSW 2021
Australia",EVX,2,AC,22 kW,-33.8820504,151.2255784,Woollahra Municipal Council,2021,Kerbside Charging R1,118,Sydney - Eastern Suburbs,New South Wales,ev_01923,,not_target,,,,,,,,,,,,,,,,,False,,,not_target,False,not_target,False,not_target,False,not_target,False
,Country Plaza Motel Queanbeyan,"147 Uriarra Rd
Crestwood NSW 2620
Australia",EVUp,2,AC,AC,-35.3442253,149.2155313,Queanbeyan-Palerang Regional Council,2620,Destination Charging R2,101,Capital Region,New South Wales,ev_01924,,not_target,,,,,,,,,,,,,,,,,False,,,not_target,False,not_target,False,not_target,False,not_target,False
,,"15 Barker St
Kensington NSW 2033
Australia",EVX,2,AC,22 kW,-33.91931,151.2258425,Randwick City Council,2033,Kerbside Charging R1,118,Sydney - Eastern Suburbs,New South Wales,ev_01925,,not_target,,,,,,,,,,,,,,,,,False,,,not_target,False,not_target,False,not_target,False,not_target,False
,,"15 Boundary St
Darlinghurst NSW 2010
Australia",EVX,2,AC,22 kW,-33.8788555,151.2251411,Woollahra Municipal Council,2010,Kerbside Charging R1,117,Sydney - City and Inner South,New South Wales,ev_01926,,not_target,,,,,,,,,,,,,,,,,False,,,not_target,False,not_target,False,not_target,False,not_target,False
,,"15 William St
Randwick NSW 2031
Australia",PLUS ES,1,AC,7 kW,-33.9081196,151.2347862,Randwick City Council,2031,Kerbside Charging R1,118,Sydney - Eastern Suburbs,New South Wales,ev_01927,,not_target,,,,,,,,,,,,,,,,,False,,,not_target,False,not_target,False,not_target,False,not_target,False
,,"150 Bellevue Rd
Bellevue Hill NSW 2023
Australia",PLUS ES,1,AC,22 kW,-33.8786355,151.2465595,Woollahra Municipal Council,2023,Kerbside Charging R1,118,Sydney - Eastern Suburbs,New South Wales,ev_01928,,not_target,,,,,,,,,,,,,,,,,False,,,not_target,False,not_target,False,not_target,False,not_target,False
,Orange Visitor Information Centre,"151 Byng St
Orange NSW 2800
Australia",EVSE,4,AC,AC,-33.2817348,149.1034134,Orange City Council,2800,Destination Charging R2,103,Central West,New South Wales,ev_01929,,not_target,,,,,,,,,,,,,,,,,False,,,not_target,False,not_target,False,not_target,False,not_target,False
,,"153 Windsor St
Paddington NSW 2021
Australia",PLUS ES,1,AC,7 kW,-33.8864268,151.2351133,Woollahra Municipal Council,2021,Kerbside Charging R1,118,Sydney - Eastern Suburbs,New South Wales,ev_01930,,not_target,,,,,,,,,,,,,,,,,False,,,not_target,False,not_target,False,not_target,False,not_target,False
,,"154 Beach Rd, Batemans Bay NSW 2536",Tesla,6,DC,175 kW,-35.7196933,150.1897432,Eurobodalla Shire Council,2536,Fast Charging R1,101,Capital Region,New South Wales,ev_01931,"-35.719693,150.189743",review_unresolved,,,,,,,,,,,,,,,,,False,,,unmatched,False,unmatched,False,unmatched,False,review_identity,False
,Mulwala Water Ski Club,"156 Melbourne St
Mulwala NSW 2647
Australia",Smart Charge,2,AC,AC,-35.9950407,146.0020955,Federation Council,2647,Destination Charging R1,109,Murray,New South Wales,ev_01932,,not_target,,,,,,,,,,,,,,,,,False,,,not_target,False,not_target,False,not_target,False,not_target,False
,,"157 Curlewis St
Bondi Beach NSW 2026
Australia",Chargefox,1,AC,7 kW,-33.8895405,151.2745168,Waverley Council,2026,Kerbside Charging R1,118,Sydney - Eastern Suburbs,New South Wales,ev_01933,,not_target,,,,,,,,,,,,,,,,,False,,,not_target,False,not_target,False,not_target,False,not_target,False
,,"159 Birrell St
Waverley NSW 2024
Australia",Chargefox,2,AC,7 kW,-33.8972221,151.2572192,Waverley Council,2024,Kerbside Charging R1,118,Sydney - Eastern Suburbs,New South Wales,ev_01934,,not_target,,,,,,,,,,,,,,,,,False,,,not_target,False,not_target,False,not_target,False,not_target,False
,,"16 Charlotte St
Ashfield NSW 2131
Australia",EVX,2,AC,22 kW,-33.8868871,151.1256342,Inner West Council,2131,Kerbside Charging R1,120,Sydney - Inner West,New South Wales,ev_01935,,not_target,,,,,,,,,,,,,,,,,False,,,not_target,False,not_target,False,not_target,False,not_target,False
,,"16 Duxford St
Paddington NSW 2021
Australia",PLUS ES,1,AC,22 kW,-33.8825594,151.229031,Woollahra Municipal Council,2021,Kerbside Charging R1,118,Sydney - Eastern Suburbs,New South Wales,ev_01936,,not_target,,,,,,,,,,,,,,,,,False,,,not_target,False,not_target,False,not_target,False,not_target,False
,,"16 Fletcher St
Bondi NSW 2026
Australia",PLUS ES,1,AC,22 kW,-33.8967196,151.2696086,Waverley Council,2026,Kerbside Charging R1,118,Sydney - Eastern Suburbs,New South Wales,ev_01937,,not_target,,,,,,,,,,,,,,,,,False,,,not_target,False,not_target,False,not_target,False,not_target,False
,,"16 Gower St
Summer Hill NSW 2130
Australia",PLUS ES,1,AC,22 kW,-33.8888029,151.1379119,Inner West Council,2130,Kerbside Charging R1,120,Sydney - Inner West,New South Wales,ev_01938,,not_target,,,,,,,,,,,,,,,,,False,,,not_target,False,not_target,False,not_target,False,not_target,False
,,"16 Myra Rd
Dulwich Hill NSW 2203
Australia",EVE Australia,2,AC,22 kW,-33.907162,151.1357912,Inner West Council,2203,Kerbside Charging R1,120,Sydney - Inner West,New South Wales,ev_01939,,not_target,,,,,,,,,,,,,,,,,False,,,not_target,False,not_target,False,not_target,False,not_target,False
,,"160 Australia St
Newtown NSW 2042
Australia",PLUS ES,1,AC,7 kW,-33.8947338,151.1777935,Inner West Council,2042,Kerbside Charging R1,117,Sydney - City and Inner South,New South Wales,ev_01940,,not_target,,,,,,,,,,,,,,,,,False,,,not_target,False,not_target,False,not_target,False,not_target,False
,Tallowood Cottages,"1600 BOWRAVILLE RD
SPICKETTS CREEK NSW 2454
Australia",Exploren,1,AC,AC,-30.5303037,152.869309,Bellingen Shire Council,2454,Destination Charging R2,104,Coffs Harbour - Grafton,New South Wales,ev_01941,,not_target,,,,,,,,,,,,,,,,,False,,,not_target,False,not_target,False,not_target,False,not_target,False
,De iuliis Wines,"1616 Broke Rd
Pokolbin NSW 2320
Australia",Non-networked,2,AC,AC,-32.7604467,151.2528696,Cessnock City Council,2320,Destination Charging R2,106,Hunter Valley exc Newcastle,New South Wales,ev_01942,,not_target,,,,,,,,,,,,,,,,,False,,,not_target,False,not_target,False,not_target,False,not_target,False
,,"162 Canterbury St, Casino, 2470",EVUp,2,AC,22 kW,-28.86284789,153.049044,Richmond Valley Council,2470,Existing Destination Chargers,112,Richmond - Tweed,New South Wales,ev_01943,,not_target,,,,,,,,,,,,,,,,,False,,,not_target,False,not_target,False,not_target,False,not_target,False
,,"162 Rouse St, Tenterfield NSW 2372, Australia",Tesla,4,DC,175 kW,-29.0565237,152.0181884,Tenterfield Shire Council,2372,Fast Charging R1,110,New England and North West,New South Wales,ev_01944,"-29.056524,152.018188",review_unresolved,,,,,,,,,,,,,,,,,False,,,unmatched,False,unmatched,False,review_identity,False,review_identity,False
,,"163 Windsor St
Paddington NSW 2021
Australia",PLUS ES,1,AC,7 kW,-33.8865889,151.2353607,Woollahra Municipal Council,2021,Kerbside Charging R1,118,Sydney - Eastern Suburbs,New South Wales,ev_01945,,not_target,,,,,,,,,,,,,,,,,False,,,not_target,False,not_target,False,not_target,False,not_target,False
,,"164 Darling St
Balmain NSW 2041
Australia",PLUS ES,1,AC,7 kW,-33.8583636,151.1875201,Inner West Council,2041,Kerbside Charging R1,120,Sydney - Inner West,New South Wales,ev_01946,,not_target,,,,,,,,,,,,,,,,,False,,,not_target,False,not_target,False,not_target,False,not_target,False
,Fisherman's Paradise In Australia,"164 River Rd
Sussex Inlet NSW 2540
Australia",Exploren,4,AC,AC,-35.1533487,150.596487,Shoalhaven City Council,2540,Destination Charging R2,114,Southern Highlands and Shoalhaven,New South Wales,ev_01947,,not_target,,,,,,,,,,,,,,,,,False,,,not_target,False,not_target,False,not_target,False,not_target,False
,Elizabeth Motor Inn Adamstown,"165 Brunker Rd
Adamstown NSW 2289
Australia",Noodoe,3,AC,AC,-32.9315784,151.7276081,Newcastle City Council,2289,Destination Charging R2,111,Newcastle and Lake Macquarie,New South Wales,ev_01948,,not_target,,,,,,,,,,,,,,,,,False,,,not_target,False,not_target,False,not_target,False,not_target,False
,,"165 Victoria Rd
Bellevue Hill NSW 2023
Australia",PLUS ES,1,AC,7 kW,-33.888282,151.2587162,Woollahra Municipal Council,2023,Kerbside Charging R1,118,Sydney - Eastern Suburbs,New South Wales,ev_01949,,not_target,,,,,,,,,,,,,,,,,False,,,not_target,False,not_target,False,not_target,False,not_target,False
,Angourie,"166 Angourie Rd
Yamba NSW 2464
Australia",Exploren,4,AC,AC,-29.4502783,153.3524234,Clarence Valley Council,2464,Destination Charging R2,104,Coffs Harbour - Grafton,New South Wales,ev_01950,,not_target,,,,,,,,,,,,,,,,,False,,,not_target,False,not_target,False,not_target,False,not_target,False
,,"166 Wyndham St
Alexandria NSW 2015
Australia",EVX,2,AC,22 kW,-33.9000527,151.1996876,"Sydney, Council of the City of",2015,Kerbside Charging R1,117,Sydney - City and Inner South,New South Wales,ev_01951,,not_target,,,,,,,,,,,,,,,,,False,,,not_target,False,not_target,False,not_target,False,not_target,False
,,"167 Darley Rd
Randwick NSW 2031
Australia",PLUS ES,1,AC,22 kW,-33.9031545,151.2456791,Randwick City Council,2031,Kerbside Charging R1,118,Sydney - Eastern Suburbs,New South Wales,ev_01952,,not_target,,,,,,,,,,,,,,,,,False,,,not_target,False,not_target,False,not_target,False,not_target,False
,,"168 Beach St
Coogee NSW 2034
Australia",PLUS ES,1,AC,22 kW,-33.92449,151.256964,Randwick City Council,2034,Kerbside Charging R1,118,Sydney - Eastern Suburbs,New South Wales,ev_01953,,not_target,,,,,,,,,,,,,,,,,False,,,not_target,False,not_target,False,not_target,False,not_target,False
,,"17 Dulwich St
Dulwich Hill NSW 2203
Australia",PLUS ES,1,AC,7 kW,-33.9025515,151.1408431,Inner West Council,2203,Kerbside Charging R1,120,Sydney - Inner West,New South Wales,ev_01954,,not_target,,,,,,,,,,,,,,,,,False,,,not_target,False,not_target,False,not_target,False,not_target,False
,,"17 Flood St
Bondi NSW 2026
Australia",EVX,2,AC,22 kW,-33.8910576,151.2587866,Waverley Council,2026,Kerbside Charging R1,118,Sydney - Eastern Suburbs,New South Wales,ev_01955,,not_target,,,,,,,,,,,,,,,,,False,,,not_target,False,not_target,False,not_target,False,not_target,False
,,"17 Grove St
Dulwich Hill NSW 2203
Australia",PLUS ES,1,AC,7 kW,-33.9017394,151.139465,Inner West Council,2203,Kerbside Charging R1,120,Sydney - Inner West,New South Wales,ev_01956,,not_target,,,,,,,,,,,,,,,,,False,,,not_target,False,not_target,False,not_target,False,not_target,False
,,"17 Hereward St
Maroubra NSW 2035
Australia",PLUS ES,1,AC,22 kW,-33.9451043,151.2561662,Randwick City Council,2035,Kerbside Charging R1,118,Sydney - Eastern Suburbs,New South Wales,ev_01957,,not_target,,,,,,,,,,,,,,,,,False,,,not_target,False,not_target,False,not_target,False,not_target,False
,Teneco Hospitality,"95 Cherry St
Ballina NSW 2478
Australia",Chargefox,4,AC,AC,-28.8628743,153.5662158,Ballina Shire Council,2478,Destination Charging R1,112,Richmond - Tweed,New South Wales,ev_01958,,not_target,,,,,,,,,,,,,,,,,False,,,not_target,False,not_target,False,not_target,False,not_target,False
